policy_id,sub_sector,region,policy_year,premium_usd,had_claim,n_claims,total_loss,bi_loss,log_revenue,cyber_control_score,vendor_control_pressure,prior_incident_score,limit_mm,retention_mm,predicted_claim_probability,expected_claim_frequency,expected_claim_severity,pure_premium,technical_premium_template,premium_gap,indicated_to_current_ratio,actual_loss_ratio,simulated_VaR_95,simulated_VaR_99,risk_adjusted_technical_premium
POL-2020000,Broker-Dealer,National,2020,691695,0,0.0,0.0,0.0,6.860244296311086,0.8722500000000001,10.789473684210526,0.0,2,0.076,0.12212,0.12203,3815183.06,465578.36,1034618.57,342923.57,1.49577,0.0,2000000.0,2505029.974312597,1159870.0687156299
POL-2020001,Regional Bank,National,2021,1044220,1,1.0,27180.0,10139.0,6.596190266067024,0.7325,7.419354838709677,0.0,10,0.244,0.17483,0.17471,3212052.27,561170.04,1247044.53,202824.53,1.19424,0.02603,3851661.138801718,7589026.1051494405,1626495.835257472
POL-2020002,Community Bank,Southeast,2020,45292,0,0.0,0.0,0.0,4.041295341132285,0.9702500000000002,4.0,0.0,5,0.162,0.06731,0.06727,1714056.63,115302.51,256227.79,210935.79,5.65724,0.0,366147.07270659157,3350460.987886403,423750.83939432015
POL-2020003,National Bank,Northeast,2022,419848548,1,1.0,3621732.0,2025802.0,10.397045952153281,0.6499999999999999,13.0,0.0,250,4.757,0.20352,0.20338,3041238.04,618533.37,1374518.6,-418474029.4,0.00327,0.00863,4506828.425174381,7678547.790687335,1758445.9895343669
POL-2020004,Broker-Dealer,Midwest,2022,1280636,0,0.0,0.0,0.0,6.286742696181391,0.46399999999999997,17.333333333333332,0.0,15,0.265,0.13703,0.13694,1531121.82,209664.85,465921.88,-814714.12,0.36382,0.0,1521944.954690824,3525434.0211369,642193.581056845
POL-2020005,National Bank,Southeast,2023,103618007,0,0.0,0.0,0.0,9.616052116333794,0.607,23.703703703703702,0.0,100,1.899,0.14789,0.14779,3342935.08,494050.42,1097889.82,-102520117.18,0.0106,0.0,2583187.510736283,7214888.778938243,1458634.2589469124
POL-2020006,Regional Bank,Southwest,2021,353381,1,1.0,1123789.0,116934.0,6.429719478039138,0.8517499999999999,2.7777777777777777,0.6931471805599453,2,0.057,0.14545,0.14535,1811076.86,263247.54,584994.53,231613.53,1.65542,3.18011,1719353.9860824891,2000000.0,684994.53
POL-2020007,Fintech-Payments,Southwest,2020,226527,0,0.0,0.0,0.0,5.834810737062605,0.6407499999999999,19.428571428571427,0.0,1,0.025,0.17226,0.17214,1348776.82,232184.04,515964.53,289437.53,2.27772,0.0,1000000.0,1000000.0,565964.53
POL-2020008,Hedge Fund,Southeast,2022,600702,0,0.0,0.0,0.0,5.6061696457892,0.7955,11.0,0.6931471805599453,10,0.242,0.17638,0.17626,276636.54,48759.71,108354.92,-492347.08,0.18038,0.0,296568.55788131553,728874.3070150845,144798.63535075422
POL-2020009,Insurance Carrier,Northeast,2023,45979230,0,0.0,0.0,0.0,9.190861892138539,0.72275,6.274509803921569,0.0,50,1.068,0.1393,0.1392,1946458.89,270953.51,602118.91,-45377111.09,0.0131,0.0,2093287.3832959677,4853732.74101842,844805.547050921
POL-2020010,Community Bank,West,2023,62766,0,0.0,0.0,0.0,4.248495242049359,0.499,24.4,0.0,5,0.058,0.28509,0.28489,1005916.69,286579.7,636843.77,574077.77,10.14632,0.0,1784472.5618652324,3445186.940266829,809103.1170133415
POL-2020011,Insurance Carrier,Midwest,2024,9828117,0,0.0,0.0,0.0,8.411388132519262,0.8555,37.94117647058824,0.0,15,0.136,0.14252,0.14243,5078606.44,723331.95,1607404.33,-8220712.67,0.16355,0.0,5950284.627949702,10824874.553262161,2148648.057663108
POL-2020012,Insurance Carrier,National,2022,934284,0,0.0,0.0,0.0,7.507964463882813,0.9082500000000001,5.333333333333333,0.0,2,0.094,0.14458,0.14448,4325466.66,624949.38,1388776.4,454492.4,1.48646,0.0,2000000.0,2404075.7886118954,1508980.1894305947
POL-2020013,Community Bank,West,2022,472877,1,1.0,3559508.0,1638723.0,4.516338972281476,0.6200000000000001,20.0,0.0,100,2.026,0.21596,0.21581,1157834.49,249874.75,555277.21,82400.21,1.17425,7.52734,1930130.3451391538,3885240.818241465,749539.2509120732
POL-2020014,Fintech-Lending,Northeast,2022,482388,0,0.0,0.0,0.0,6.478202375344883,0.639,4.864864864864865,0.0,2,0.069,0.14727,0.14717,682877.41,100498.91,223330.91,-259057.09,0.46297,0.0,865952.6952342852,1879368.339414854,317299.3269707427
POL-2020015,Custodian Bank,West,2024,25749272,0,0.0,0.0,0.0,8.716699572964293,0.7615,11.25,0.0,50,0.847,0.14958,0.14948,531387.61,79430.02,176511.15,-25572760.85,0.00685,0.0,654745.6684745114,1124806.9970069895,232751.49985034947
POL-2020016,Asset Manager,West,2021,1883463,0,0.0,0.0,0.0,7.383119514469969,0.7254999999999999,15.26315789473684,0.0,5,0.237,0.16687,0.16676,1251696.37,208727.61,463839.13,-1419623.87,0.24627,0.0,1527580.8418776921,3108349.635924844,619256.6117962422
POL-2020017,Community Bank,Northeast,2024,130069,0,0.0,0.0,0.0,4.489759334476764,0.5670000000000001,16.956521739130434,0.6931471805599453,10,0.471,0.21292,0.21278,299456.54,63717.29,141593.97,11524.97,1.08861,0.0,387135.30084973003,877481.2447492507,185468.03223746252
POL-2020018,Fintech-Lending,Southeast,2020,187317,0,0.0,0.0,0.0,4.789988622980633,0.742,11.904761904761907,0.6931471805599453,5,0.091,0.21871,0.21856,3849213.48,841281.32,1869514.05,1682197.05,9.98048,0.0,4827417.445468493,5000000.0,2119514.05
POL-2020019,Hedge Fund,Northeast,2023,334556,0,0.0,0.0,0.0,5.297817241506355,0.90725,1.627906976744186,0.0,10,0.31,0.12992,0.12983,321033.67,41680.72,92623.82,-241932.18,0.27686,0.0,341436.6559983011,818213.8005413348,133534.51002706675
POL-2020020,Fintech-Lending,Northeast,2020,1760339,1,1.0,11190.0,1093.0,4.935193098929397,0.71875,63.714285714285715,0.0,250,8.258,0.24885,0.24868,909574.66,226192.4,502649.79,-1257689.21,0.28554,0.00636,1505991.213539044,2739587.9548186245,639629.1877409312
POL-2020021,Regional Bank,Southeast,2021,461743,0,0.0,0.0,0.0,5.976604684200958,0.6385000000000001,6.296296296296296,0.6931471805599453,5,0.031,0.19153,0.1914,1047009.13,200397.69,445328.19,-16414.81,0.96445,0.0,1517621.5720507225,2816916.225950829,586174.0012975414
POL-2020022,Asset Manager,Southeast,2024,2091437,0,0.0,0.0,0.0,7.023491777464733,0.61925,20.0,0.0,15,0.488,0.16966,0.16955,1550643.62,262904.74,584232.75,-1507204.25,0.27935,0.0,1695564.414248293,3662623.126802812,767363.9063401406
POL-2020023,Fintech-Lending,Midwest,2020,64877,0,0.0,0.0,0.0,4.751000634199631,0.626,4.583333333333334,0.0,1,0.033,0.22238,0.22223,1199479.13,266557.31,592349.59,527472.59,9.13035,0.0,1000000.0,1507323.577896072,667715.7688948036
POL-2020024,Insurance Carrier,Midwest,2024,7379924,0,0.0,0.0,0.0,8.336558211551488,0.63825,10.625,1.0986122886681098,10,0.314,0.20512,0.20498,742958.58,152294.32,338431.82,-7041492.18,0.04586,0.0,1017349.6500721795,2104090.619172252,443636.35095861263
POL-2020025,Hedge Fund,West,2022,1005581,0,0.0,0.0,0.0,6.111689044414351,0.6375000000000001,9.51219512195122,0.6931471805599453,10,0.194,0.25647,0.25629,289891.42,74296.94,165104.32,-840476.68,0.16419,0.0,502474.2312859608,916134.0259498104,210911.02129749052
POL-2020026,Regional Bank,West,2021,5142654,0,0.0,0.0,0.0,6.635290172335217,0.9365,4.468085106382979,0.6931471805599453,100,3.878,0.11815,0.11807,1939325.77,228980.66,508845.91,-4633808.09,0.09895,0.0,1673695.7559858474,4286134.816194834,723152.6508097417
POL-2020027,Hedge Fund,Southwest,2024,173485,0,0.0,0.0,0.0,5.496758305221874,0.76275,26.538461538461537,0.0,2,0.084,0.14359,0.1435,193383.7,27749.7,61665.99,-111819.01,0.35545,0.0,204040.63630295717,507612.94212090934,87046.63710604547
POL-2020028,Community Bank,Northeast,2020,413549,0,0.0,0.0,0.0,5.608738925969307,0.9055000000000001,2.8571428571428577,0.0,10,0.389,0.10329,0.10322,465549.04,48055.49,106789.98,-306759.02,0.25823,0.0,416964.45370215975,1024536.1358554318,158016.7867927716
POL-2020029,Community Bank,West,2020,55535,0,0.0,0.0,0.0,4.275276264727001,0.543,49.0,1.3862943611198906,5,0.048,0.3095,0.30929,904692.22,279809.66,621799.23,566264.23,11.19653,0.0,1642260.591583288,2698946.9198870864,756746.5759943543
POL-2020030,Broker-Dealer,Southeast,2020,571877,0,0.0,0.0,0.0,5.719983853994209,0.89525,6.136363636363637,0.0,10,0.4,0.06663,0.06658,5580318.63,371561.31,825691.81,253814.81,1.44383,0.0,1361547.2774017658,8966930.912780616,1274038.355639031
POL-2020031,Hedge Fund,National,2022,430268,0,0.0,0.0,0.0,6.22098770538623,0.81425,12.162162162162161,0.0,2,0.036,0.20872,0.20857,999224.82,208412.28,463138.39,32870.39,1.0764,0.0,1296234.4192339676,2000000.0,563138.39
POL-2020032,Credit Union,Midwest,2020,65773,1,1.0,470635.0,202962.0,4.3054155323020415,0.771,22.1875,0.0,5,0.127,0.1756,0.17548,430907.24,75614.93,168033.17,102260.17,2.55474,7.15544,679165.4809177599,1063182.1818565645,221192.27909282825
POL-2020033,Custodian Bank,West,2021,5622277,0,0.0,0.0,0.0,8.051054085272654,0.718,1.8918918918918919,1.0986122886681098,10,0.488,0.1077,0.10763,247920.89,26683.95,59297.67,-5562979.33,0.01055,0.0,166506.4934336819,439447.9320077603,81270.06660038802
POL-2020034,Credit Union,West,2024,31040,0,0.0,0.0,0.0,3.4965075614664802,0.755,9.6875,0.0,5,0.235,0.21347,0.21333,177188.01,37798.89,83997.54,52957.54,2.70611,0.0,290184.0391967434,525356.4073229099,110265.3603661455
POL-2020035,Credit Union,National,2020,274154,0,0.0,0.0,0.0,5.007965065540377,0.6279999999999999,10.689655172413794,0.0,15,0.659,0.26477,0.26459,405596.05,107315.79,238479.53,-35674.47,0.86987,0.0,664425.8024645546,1173338.7853815581,297146.4692690779
POL-2020036,Investment Bank,Southeast,2024,70953772,0,0.0,0.0,0.0,8.982184278838428,0.7709999999999999,11.363636363636365,0.0,100,3.523,0.14862,0.14851,6004707.0,891784.48,1981743.28,-68972028.72,0.02793,0.0,6414992.260374908,14875874.15505199,2725536.9877525996
POL-2020037,Fintech-Payments,Midwest,2023,1038035,0,0.0,0.0,0.0,6.002157176646725,0.86075,8.604651162790699,0.0,15,0.347,0.18652,0.18639,725049.57,135141.17,300313.71,-737721.29,0.28931,0.0,942133.5340770171,1943483.8482917822,397487.90241458913
POL-2020038,Fintech-Lending,Midwest,2023,276588,0,0.0,0.0,0.0,4.314817884980432,0.57775,16.11111111111111,0.0,25,0.517,0.22526,0.22511,2586559.85,582260.99,1293913.31,1017325.31,4.67813,0.0,2946883.5697784377,5964825.253904022,1592154.5726952013
POL-2020039,Community Bank,Midwest,2021,71494,0,0.0,0.0,0.0,4.3294166844015844,0.67875,14.0625,0.0,5,0.099,0.19749,0.19736,2459242.86,485349.97,1078555.49,1007061.49,15.08596,0.0,3337840.0638862923,5002333.987155372,1328672.1893577687
POL-2020040,Asset Manager,West,2020,823709,1,1.0,405495.0,0.0,7.369915730766847,0.47475000000000006,24.999999999999996,0.0,2,0.025,0.20645,0.20631,921137.03,190038.59,422307.98,-401401.02,0.51269,0.49228,1331563.2327413952,2000458.0074515708,522330.8803725785
POL-2020041,Investment Bank,Southwest,2024,47546400,0,0.0,0.0,0.0,8.917243666822904,0.66825,7.894736842105263,0.0,50,0.434,0.13433,0.13424,3612431.44,484919.36,1077598.58,-46468801.42,0.02266,0.0,3342283.25559131,8061034.07219811,1480650.2836099055
POL-2020042,Insurance Carrier,National,2021,79408735,0,0.0,0.0,0.0,9.483606532693603,0.8450000000000001,15.294117647058824,0.0,100,2.16,0.12569,0.1256,4695934.63,589828.31,1310729.59,-78098005.41,0.01651,0.0,2673413.40978187,9417558.248214066,1781607.5024107033
POL-2020043,Community Bank,Southeast,2023,70241,0,0.0,0.0,0.0,3.883623530906448,0.7,4.634146341463415,0.6931471805599453,15,0.33,0.14113,0.14104,669697.0,94451.75,209892.78,139651.78,2.98818,0.0,830402.4832804032,1852758.4517933943,302530.70258966973
POL-2020044,Broker-Dealer,Southwest,2022,2566583,0,0.0,0.0,0.0,6.608944848742513,0.90525,4.8,0.6931471805599453,25,0.785,0.09703,0.09697,4587762.29,444861.09,988580.2,-1578002.8,0.38517,0.0,2434365.698922531,10422730.297496323,1509716.7148748161
POL-2020045,Asset Manager,Midwest,2021,1713211,1,1.0,210858.0,63685.0,6.5807778239227135,0.6665,7.096774193548387,1.3862943611198906,25,0.297,0.16971,0.16959,5163048.47,875622.74,1945828.31,232617.31,1.13578,0.12308,6785575.432285971,11188293.553295393,2505242.98766477
POL-2020046,Regional Bank,Southeast,2021,218936,0,0.0,0.0,0.0,5.907811162110729,0.8610000000000001,4.166666666666667,0.0,2,0.094,0.10506,0.10498,1654661.69,173713.77,386030.61,167094.61,1.76321,0.0,1692818.0537337547,2000000.0,486030.61
POL-2020047,Fintech-Lending,Southeast,2020,238228,0,0.0,0.0,0.0,3.7376696182833684,0.8115,5.7142857142857135,0.6931471805599453,50,0.899,0.115,0.11492,2196777.34,252460.18,561022.63,322794.63,2.35498,0.0,1475865.1637145923,4597630.507011831,790904.1553505915
POL-2020048,Broker-Dealer,National,2020,1288112,0,0.0,0.0,0.0,7.018222732008108,0.83825,68.23529411764706,0.0,5,0.118,0.12409,0.124,4347578.26,539104.18,1198009.29,-90102.71,0.93005,0.0,5000000.0,5000000.0,1448009.29
POL-2020049,Credit Union,National,2020,130984,0,0.0,0.0,0.0,4.180522258463153,0.7405000000000002,8.78048780487805,0.0,25,1.02,0.24629,0.24612,605128.14,148933.62,330963.6,199979.6,2.52675,0.0,906306.9763666338,1726613.815489543,417294.2907744771
POL-2020050,Credit Union,West,2024,49456,0,0.0,0.0,0.0,4.079230924412053,0.8150000000000001,23.25,0.6931471805599453,5,0.11,0.16934,0.16922,115187.85,19491.99,43315.54,-6140.46,0.87584,0.0,116646.08473214746,283245.9747793911,57477.838738969556
POL-2020051,Community Bank,National,2021,54355,1,1.0,37128.0,15439.0,3.0726933146901194,0.59025,35.65217391304348,0.6931471805599453,25,0.282,0.28012,0.27993,838834.0,234813.61,521808.03,467453.03,9.6,0.68307,1511833.9520312354,2749150.3496498805,659265.547482494
POL-2020052,Community Bank,Southeast,2022,15587,0,0.0,0.0,0.0,3.879499813722586,0.88925,11.25,0.6931471805599453,1,0.044,0.13615,0.13605,191412.96,26042.3,57871.78,42284.78,3.71282,0.0,202995.0983888919,428782.9428014543,79310.92714007272
POL-2020053,Investment Bank,West,2024,1613262,1,1.0,2146685.0,446431.0,8.055379929354201,0.45475,42.285714285714285,0.0,1,0.025,0.25374,0.25357,579030.51,146822.53,326272.29,-1286989.71,0.20224,1.33065,948305.5930866738,1106755.5680865732,381610.06840432866
POL-2020054,National Bank,National,2020,1422889470,0,0.0,0.0,0.0,11.48964046123352,0.7057499999999999,16.857142857142858,0.6931471805599453,250,9.087,0.17073,0.17062,5305121.09,905141.4,2011425.32,-1420878044.68,0.00141,0.0,7188875.569342897,12518932.283200921,2637371.9341600463
POL-2020055,Asset Manager,Southwest,2022,311047,0,0.0,0.0,0.0,6.857303735486039,0.6887500000000001,3.58974358974359,0.6931471805599453,1,0.025,0.14545,0.14535,484781.97,70462.09,156582.43,-154464.57,0.5034,0.0,476920.79136129806,1000000.0,206582.43
POL-2020056,Custodian Bank,National,2024,15675741,0,0.0,0.0,0.0,8.708177121288845,0.57875,4.583333333333334,0.6931471805599453,25,0.283,0.20018,0.20004,298244.27,59660.42,132578.72,-15543162.28,0.00846,0.0,435139.7161803439,867696.1274409066,175963.52637204534
POL-2020057,Community Bank,Midwest,2022,96478,0,0.0,0.0,0.0,4.669083511731744,0.77225,10.357142857142856,0.0,5,0.249,0.20773,0.20759,358438.48,74407.45,165349.88,68871.88,1.71386,0.0,490469.6195942383,1049834.8680960743,217841.62340480371
POL-2020058,Regional Bank,National,2024,291724,1,1.0,541634.0,143759.0,6.1235887000350235,0.484,4.333333333333333,1.0986122886681098,2,0.025,0.2856,0.28541,3196102.35,912196.87,2027104.15,1735380.15,6.94871,1.85667,2000000.0,4000000.0,2227104.15
POL-2020059,Regional Bank,West,2021,652023,0,0.0,0.0,0.0,6.228708222800973,0.6865000000000001,2.8205128205128207,0.0,10,0.234,0.19751,0.19737,2008869.75,396493.7,881097.1,229074.1,1.35133,0.0,2419402.2173687364,4466402.595780336,1104417.2297890168
POL-2020060,Community Bank,Midwest,2024,21785,0,0.0,0.0,0.0,3.696351468952637,0.79475,9.666666666666666,0.0,2,0.026,0.17693,0.17681,1060690.05,187539.22,416753.81,394968.81,19.13031,0.0,1474066.9982207548,2000000.0,516753.81
POL-2020061,Broker-Dealer,Midwest,2023,830257,0,0.0,0.0,0.0,7.25749623831794,0.65175,5.357142857142857,0.0,2,0.091,0.11664,0.11656,3097876.26,361075.15,802389.22,-27867.78,0.96643,0.0,2000000.0,2331599.43487997,918969.1917439984
POL-2020062,Hedge Fund,National,2020,815679,0,0.0,0.0,0.0,6.3875524934035495,0.6645,2.8571428571428568,0.6931471805599453,5,0.085,0.20144,0.2013,943261.79,189881.63,421959.18,-393719.82,0.51731,0.0,1326365.392875648,2443135.9930010494,544115.9796500525
POL-2020063,Asset Manager,Southwest,2023,3841150,0,0.0,0.0,0.0,7.036588150825105,0.649,59.677419354838705,0.0,50,1.207,0.19112,0.19099,702317.36,134135.53,298078.95,-3543071.05,0.0776,0.0,886241.7804142088,1854168.0497641142,390787.3524882057
POL-2020064,Community Bank,Midwest,2024,58357,0,0.0,0.0,0.0,4.04305126783455,0.8212499999999999,2.162162162162162,0.0,5,0.029,0.08931,0.08925,378421.14,33773.94,75053.19,16696.19,1.2861,0.0,186225.30818972437,646620.2024803298,107384.2001240165
POL-2020065,Fintech-Lending,Midwest,2021,562539,0,0.0,0.0,0.0,5.515040350059324,0.8337500000000001,8.787878787878787,0.6931471805599453,10,0.32,0.20695,0.20681,1734990.36,358813.49,797363.31,234824.31,1.41744,0.0,2633714.4523614496,4753260.27724057,1035026.3238620285
POL-2020066,Asset Manager,West,2022,412439,0,0.0,0.0,0.0,5.938327448694853,0.7217500000000001,2.8205128205128207,0.0,5,0.113,0.13879,0.1387,579423.8,80364.29,178587.31,-233851.69,0.433,0.0,620671.358256235,1222075.19140843,239691.0695704215
POL-2020067,Asset Manager,Northeast,2021,1356547,1,1.0,4463169.0,3093442.0,6.452364362104247,0.7102499999999999,37.89473684210526,0.6931471805599453,15,0.41,0.18949,0.18936,864666.25,163731.08,363846.85,-992700.15,0.26822,3.2901,1038075.7306901233,2240629.1510542594,475878.30755271297
POL-2020068,Community Bank,Southwest,2024,80270,0,0.0,0.0,0.0,4.12552017969055,0.6652499999999999,19.166666666666668,0.6931471805599453,10,0.316,0.16157,0.16146,706716.61,114108.73,253574.96,173304.96,3.15903,0.0,857043.5193167386,1895474.1843608487,348348.6692180424
POL-2020069,Community Bank,Northeast,2022,196424,1,1.0,31953.0,25242.0,4.724729421045731,0.49949999999999994,12.702702702702702,1.0986122886681098,15,0.244,0.24789,0.24772,997106.44,247000.42,548889.82,352465.82,2.79441,0.16267,1739473.883070282,3539034.581714624,725841.5490857312
POL-2020070,Community Bank,Northeast,2023,104971,0,0.0,0.0,0.0,4.237000862623624,0.69575,13.75,0.6931471805599453,10,0.194,0.15379,0.15368,91329.18,14035.83,31190.73,-73780.27,0.29714,0.0,85042.75737580148,217125.38093887753,42046.99904694388
POL-2020071,Community Bank,West,2024,54389,1,1.0,69852.0,0.0,5.122772794033106,0.6467499999999999,2.058823529411765,1.3862943611198906,1,0.041,0.20425,0.20411,385965.12,78778.68,175063.74,120674.74,3.21873,1.2843,668150.0511488235,1000000.0,225063.74
POL-2020072,Regional Bank,Midwest,2020,1923082,0,0.0,0.0,0.0,7.089743446874854,0.6657500000000001,34.0,0.0,10,0.266,0.18448,0.18435,1349211.65,248728.27,552729.49,-1370352.51,0.28742,0.0,1906025.1814053943,3477693.7414277955,726614.1770713897
POL-2020073,Regional Bank,Southeast,2020,125887,0,0.0,0.0,0.0,5.969218938160663,0.614,5.3125,1.0986122886681098,1,0.025,0.19737,0.19724,6011836.81,1185757.94,2635017.65,2509130.65,20.93161,0.0,1000000.0,2000000.0,2735017.65
POL-2020074,Community Bank,West,2024,59329,1,1.0,84405.0,60193.0,3.8753590210565547,0.54225,15.714285714285714,0.0,10,0.496,0.20835,0.2082,260996.27,54340.68,120757.06,61428.06,2.03538,1.42266,361167.9414718928,758942.5591216185,158704.18795608092
POL-2020075,Hedge Fund,Southeast,2023,512016,0,0.0,0.0,0.0,5.401776074916267,0.8604999999999999,23.61111111111111,0.0,10,0.076,0.11891,0.11883,1041220.15,123726.64,274948.09,-237067.91,0.53699,0.0,1008768.9142771697,2432131.0829545087,396554.6441477255
POL-2020076,Community Bank,National,2024,22068,0,0.0,0.0,0.0,4.139955073474153,0.8272499999999999,2.3684210526315788,0.0,1,0.032,0.16166,0.16155,630424.36,101847.24,226327.2,204259.2,10.2559,0.0,705903.7143182866,1000000.0,276327.2
POL-2020077,Insurance Carrier,Southwest,2023,34041307,0,0.0,0.0,0.0,8.709382567408541,0.47275,15.454545454545453,0.0,100,2.177,0.17664,0.17652,1316962.19,232466.35,516591.89,-33524715.11,0.01518,0.0,1696752.72544036,3239748.91648294,678579.335824147
POL-2020078,Credit Union,Midwest,2021,21316,0,0.0,0.0,0.0,3.758871825933971,0.638,20.54054054054054,0.6931471805599453,2,0.071,0.2299,0.22975,221739.46,50943.62,113208.05,91892.05,5.31094,0.0,273320.6797906135,579213.0291529967,142168.70145764985
POL-2020079,Asset Manager,West,2022,7427551,0,0.0,0.0,0.0,7.225918058687505,0.51225,7.5675675675675675,0.6931471805599453,100,3.887,0.23781,0.23765,1504911.66,357636.34,794747.43,-6632803.57,0.107,0.0,2461891.733372185,4358570.814084978,1012675.970704249
POL-2020080,Broker-Dealer,National,2020,5346919,0,0.0,0.0,0.0,6.677083461247136,0.76925,23.191489361702132,0.0,100,3.343,0.10705,0.10698,6707451.96,717572.96,1594606.58,-3752312.42,0.29823,0.0,5308678.715835508,17709760.0707337,2480094.583536685
POL-2020081,Community Bank,West,2024,466161,0,0.0,0.0,0.0,4.72384171570559,0.5535,10.37037037037037,0.0,50,0.481,0.28507,0.28487,749520.11,213515.75,474479.45,8318.45,1.01784,0.0,1385736.05521643,2601988.8916265927,604578.8945813297
POL-2020082,Investment Bank,Southwest,2022,18548775,0,0.0,0.0,0.0,8.273260025894471,0.9317500000000002,5.8,0.6931471805599453,50,1.956,0.09469,0.09462,1360205.24,128706.17,286013.72,-18262761.28,0.01542,0.0,1247304.5915377445,2912629.532352858,431645.1966176429
POL-2020083,Asset Manager,Northeast,2022,214612,0,0.0,0.0,0.0,6.060524083039477,0.8045000000000001,14.871794871794872,0.0,2,0.082,0.16946,0.16934,926161.66,156835.75,348523.89,133911.89,1.62397,0.0,1412465.3974616155,2000761.5250238364,448561.96625119186
POL-2020084,Asset Manager,West,2024,996196,0,0.0,0.0,0.0,6.737915499690239,0.59775,8.709677419354838,0.6931471805599453,5,0.087,0.30253,0.30233,684753.57,207018.65,460041.44,-536154.56,0.4618,0.0,1275338.836181162,2476635.9740708303,583873.2387035415
POL-2020085,Insurance Carrier,National,2020,6675041,0,0.0,0.0,0.0,8.264929741528176,0.858,3.8461538461538463,0.0,10,0.397,0.12645,0.12636,986407.73,124644.23,276987.18,-6398053.82,0.0415,0.0,1117527.7692595709,2691395.6770062675,411556.96385031333
POL-2020086,Investment Bank,Southwest,2021,31188870,0,0.0,0.0,0.0,8.202783771036776,0.6925,5.625,0.0,100,1.402,0.17138,0.17126,8369628.99,1433373.73,3185274.95,-28003595.05,0.10213,0.0,10161501.024648545,21955959.21106473,4283072.9105532365
POL-2020087,Fintech-Lending,Southeast,2023,323298,0,0.0,0.0,0.0,5.091908014224992,0.688,13.333333333333332,0.6931471805599453,10,0.32,0.23765,0.23749,3433165.59,815327.05,1811837.89,1488539.89,5.60423,0.0,5688838.836956379,10000000.0,2311837.8899999997
POL-2020088,Fintech-Lending,Midwest,2022,7837937,0,0.0,0.0,0.0,6.799501693541883,0.7755,12.1875,0.0,100,3.661,0.16225,0.16214,2219582.1,359876.22,799724.94,-7038212.06,0.10203,0.0,2549756.7131273434,5205527.607999915,1060001.3203999957
POL-2020089,Hedge Fund,West,2023,783707,0,0.0,0.0,0.0,5.8766147054290405,0.7965,28.055555555555554,0.6931471805599453,10,0.36,0.17995,0.17983,499388.52,89802.63,199561.4,-584145.6,0.25464,0.0,701619.8857515783,1409051.6780340748,270013.98390170373
POL-2020090,Community Bank,Northeast,2021,86929,0,0.0,0.0,0.0,4.986342601527212,0.6475,8.0,0.0,2,0.025,0.17882,0.1787,263783.29,47136.82,104748.48,17819.48,1.20499,0.0,363399.60285901045,777852.98170052,143641.12908502598
POL-2020091,National Bank,Southwest,2021,89847975,0,0.0,0.0,0.0,9.512709066079587,0.7485,2.7450980392156863,0.6931471805599453,100,4.423,0.13197,0.13188,4059309.54,535326.51,1189614.46,-88658360.54,0.01324,0.0,4529776.742343918,9215934.915458106,1650411.2057729051
POL-2020092,Regional Bank,Midwest,2021,731439,0,0.0,0.0,0.0,5.776103136235827,0.6577500000000001,6.341463414634147,0.0,25,0.89,0.13107,0.13098,1149452.83,150560.61,334579.14,-396859.86,0.45743,0.0,1129414.549202787,2883879.155498469,478773.09777492343
POL-2020093,Fintech-Lending,West,2024,178059,0,0.0,0.0,0.0,4.432006566978902,0.8170000000000001,8.0,0.0,10,0.376,0.15815,0.15804,2166000.74,342308.35,760685.22,582626.22,4.2721,0.0,2537196.1446043532,5117575.213647586,1016563.9806823793
POL-2020094,Insurance Carrier,Southwest,2022,20664567,1,1.0,139925.0,4058.0,8.88527483093659,0.61625,7.0,0.0,25,0.273,0.15247,0.15237,1477421.62,225114.18,500253.74,-20164313.26,0.02421,0.00677,1708737.4660840302,3474679.0034727193,673987.690173636
POL-2020095,Regional Bank,Southeast,2020,555904,1,1.0,733763.0,322839.0,6.357322200621367,0.5250000000000001,10.909090909090908,0.6931471805599453,5,0.141,0.25959,0.25941,679656.24,176307.93,391795.39,-164108.61,0.70479,1.31995,1014291.5426690762,1966447.635276581,490117.77176382905
POL-2020096,Community Bank,Southwest,2020,58732,0,0.0,0.0,0.0,4.334672938290411,0.6637500000000001,2.0689655172413794,0.6931471805599453,5,0.078,0.14519,0.14509,168063.17,24383.95,54186.55,-4545.45,0.92261,0.0,165670.88563254548,426531.34148517024,75513.11707425851
POL-2020097,Asset Manager,Midwest,2020,3000740,0,0.0,0.0,0.0,7.305121008833652,0.7195,11.5,0.0,15,0.395,0.2042,0.20406,3319765.48,677417.99,1505373.31,-1495366.69,0.50167,0.0,4849887.575236815,10429200.412697207,2026833.3306348603
POL-2020098,Insurance Carrier,Northeast,2023,49156138,0,0.0,0.0,0.0,8.09052487565697,0.9575000000000001,2.7450980392156863,0.0,500,23.512,0.09567,0.09561,1296083.57,123916.5,275370.01,-48880767.99,0.0056,0.0,916260.8459908856,2934990.1142850816,422119.5157142541
POL-2020099,Community Bank,Northeast,2022,145822,0,0.0,0.0,0.0,4.279440045898781,0.45050000000000007,13.414634146341465,0.6931471805599453,15,0.53,0.22235,0.2222,135117.41,30022.64,66716.97,-79105.03,0.45752,0.0,209671.8257969704,393648.43749622523,86399.39187481126
POL-2020100,Fintech-Lending,National,2022,1090969,0,0.0,0.0,0.0,5.6580875153940715,0.5710000000000001,13.478260869565215,0.0,25,1.103,0.38642,0.38616,409102.04,157978.27,351062.83,-739906.17,0.32179,0.0,913946.8670195183,1637514.8886193603,432938.57443096803
POL-2020101,Insurance Carrier,Southwest,2021,28738416,0,0.0,0.0,0.0,9.037842405330865,0.718,4.7368421052631575,0.0,50,2.499,0.10446,0.10439,1450503.27,151421.39,336491.98,-28401924.02,0.01171,0.0,945318.9035743122,3023243.166245687,487654.13831228437
POL-2020102,Regional Bank,Southeast,2022,865166,0,0.0,0.0,0.0,6.664153885765531,0.53425,5.714285714285714,0.6931471805599453,5,0.207,0.20205,0.20191,1762205.54,355814.96,790699.91,-74466.09,0.91393,0.0,2946702.6955744005,5000000.0,1040699.91
POL-2020103,Asset Manager,Midwest,2022,1221714,0,0.0,0.0,0.0,5.812935788552724,0.80425,42.41379310344828,0.0,50,1.09,0.15831,0.1582,4598459.84,727478.5,1616618.9,394904.9,1.32324,0.0,6307078.551454901,13548089.441191938,2294023.3720595967
POL-2020104,Regional Bank,West,2021,1239468,0,0.0,0.0,0.0,6.439190613930656,0.7885000000000001,2.5806451612903225,0.6931471805599453,15,0.467,0.18257,0.18245,910562.97,166130.59,369179.09,-870288.91,0.29785,0.0,1342023.1351280098,2891760.2321957625,513767.10160978814
POL-2020105,Asset Manager,National,2023,2208518,0,0.0,0.0,0.0,7.032359442206668,0.8777499999999999,4.0540540540540535,0.6931471805599453,15,0.143,0.10861,0.10853,3535190.31,383686.22,852636.04,-1355881.96,0.38607,0.0,1830255.0564392684,7443843.848610579,1224828.232430529
POL-2020106,Regional Bank,National,2024,218049,0,0.0,0.0,0.0,5.8630628323034575,0.6177499999999999,41.42857142857143,0.0,2,0.026,0.24994,0.24977,1778887.68,444319.75,987377.22,769328.22,4.52824,0.0,2000000.0,3542407.1967725945,1164497.5798386298
POL-2020107,Investment Bank,West,2021,204483838,1,2.0,1044080.0,476398.0,9.426918417448228,0.58325,16.818181818181817,0.6931471805599453,250,8.018,0.25675,0.25658,2438912.44,625766.22,1390591.6,-203093246.4,0.0068,0.00511,4182527.042841453,7249220.895361973,1753052.6447680988
POL-2020108,Insurance Carrier,Southwest,2024,3526639,0,0.0,0.0,0.0,7.643770359769258,0.6737500000000001,29.666666666666668,0.0,15,0.526,0.15418,0.15407,1218490.82,187738.74,417197.21,-3109441.79,0.1183,0.0,1628327.2420010536,3010724.578103476,567733.4389051738
POL-2020109,Credit Union,Southwest,2022,81289,1,1.0,19594.0,0.0,4.541164856012179,0.5615,11.153846153846153,0.0,5,0.162,0.25939,0.25921,70928.2,18385.15,40855.89,-40433.11,0.5026,0.24104,117021.78280897005,201959.81436851798,50953.8807184259
POL-2020110,Insurance Carrier,Northeast,2024,30360505,0,0.0,0.0,0.0,8.645058562414134,0.79675,19.25925925925926,0.0,100,4.961,0.12401,0.12393,1049025.75,130001.73,288892.74,-30071612.26,0.00952,0.0,829162.8216781408,2412175.57101859,409501.5185509295
POL-2020111,Broker-Dealer,Southeast,2020,496184,0,0.0,0.0,0.0,6.107913359751229,0.755,19.545454545454543,0.6931471805599453,5,0.205,0.09271,0.09265,1439108.17,133329.42,296287.6,-199896.4,0.59713,0.0,1030018.4902066484,2395461.661184741,416060.683059237
POL-2020112,Hedge Fund,Southeast,2021,557834,1,1.0,44331.0,26159.0,6.761109698640652,0.6074999999999999,5.6,0.0,2,0.052,0.18087,0.18074,507705.98,91763.69,203919.31,-353914.69,0.36556,0.07947,672930.6748624623,1303878.4909579987,269113.2345478999
POL-2020113,Regional Bank,West,2020,1122910,1,1.0,266234.0,164905.0,7.1052117233603616,0.787,9.45945945945946,0.6931471805599453,5,0.234,0.25462,0.25445,1253055.11,318838.22,708529.39,-414380.61,0.63098,0.23709,2061585.671743396,3553238.876037162,886191.3338018581
POL-2020114,Insurance Carrier,Midwest,2024,1390561,0,0.0,0.0,0.0,8.36152135521704,0.8335,4.3589743589743595,0.0,1,0.037,0.14895,0.14884,3373428.66,502113.12,1115806.93,-274754.07,0.80241,0.0,1000000.0,2000000.0,1215806.93
POL-2020115,Community Bank,Southwest,2024,774125,0,0.0,0.0,0.0,5.64685932725658,0.8325,9.210526315789473,0.0,25,0.705,0.10727,0.10719,641033.41,68714.82,152699.6,-621425.4,0.19725,0.0,507805.7192708023,1315188.65076792,218459.03253839602
POL-2020116,Investment Bank,Midwest,2020,14384873,1,1.0,2008535.0,584576.0,7.895994510168876,0.7205,26.0,0.0,50,1.814,0.1623,0.16219,1704234.89,276403.79,614230.64,-13770642.36,0.0427,0.13963,2122493.5435807495,4244232.018996101,826442.2409498051
POL-2020117,Broker-Dealer,West,2024,180604,1,1.0,253276.0,0.0,5.052416828111211,0.6512500000000001,12.592592592592592,0.0,5,0.058,0.18816,0.18803,1488590.85,279901.9,622004.21,441400.21,3.44402,1.40238,1764645.73003215,3828577.3820461803,813433.079102309
POL-2020118,Fintech-Lending,Southeast,2024,214441,0,0.0,0.0,0.0,5.5310151306670585,0.805,9.310344827586206,0.0,2,0.029,0.17588,0.17576,2688782.06,472584.69,1050188.2,835747.2,4.89733,0.0,2000000.0,2845405.590136167,1192458.4795068083
POL-2020119,Investment Bank,National,2020,56456221,0,0.0,0.0,0.0,8.789979876351318,0.9567500000000001,9.019607843137255,0.0,100,0.78,0.12326,0.12317,3953773.16,486993.02,1082206.71,-55374014.29,0.01917,0.0,3656489.679950048,8203771.106809545,1492395.2653404772
POL-2020120,Investment Bank,Midwest,2022,41490853,0,0.0,0.0,0.0,8.531451063162937,0.45499999999999996,16.451612903225804,0.0,100,1.376,0.20927,0.20913,2524856.01,528023.7,1173386.0,-40317467.0,0.02828,0.0,3878626.9238995006,7718938.702757663,1559332.9351378833
POL-2020121,Credit Union,West,2024,59773,0,0.0,0.0,0.0,4.784988612563928,0.9947500000000001,6.274509803921569,0.0,2,0.025,0.1075,0.10742,206980.67,22234.79,49410.65,-10362.35,0.82664,0.0,144921.44560841858,516399.42392955715,75230.62119647786
POL-2020122,Regional Bank,Southwest,2024,890273,0,0.0,0.0,0.0,5.736894826106403,0.43699999999999994,3.142857142857143,0.6931471805599453,25,0.49,0.22982,0.22966,1292692.56,296882.79,659739.53,-230533.47,0.74105,0.0,2036576.745035778,3508886.9698319905,835183.8784915996
POL-2020123,Broker-Dealer,Midwest,2024,4031944,0,0.0,0.0,0.0,6.199900469549918,0.627,8.333333333333334,0.0,100,1.646,0.19982,0.19969,5643285.88,1126894.52,2504210.03,-1527733.97,0.62109,0.0,8261194.979108829,15831275.479885502,3295773.8039942747
POL-2020124,Community Bank,National,2021,77969,0,0.0,0.0,0.0,4.382026634673881,0.83825,7.714285714285714,0.0,5,0.059,0.1464,0.1463,1070471.19,156607.16,348015.9,270046.9,4.46352,0.0,1068398.1523354277,2443949.402301259,470213.370115063
POL-2020125,National Bank,West,2023,71602392,0,0.0,0.0,0.0,9.095322260391915,0.6632500000000001,5.897435897435898,0.0,100,2.074,0.13592,0.13583,3229436.64,438647.1,974771.33,-70627620.67,0.01361,0.0,2681944.693448528,7398080.697100713,1344675.3648550357
POL-2020126,Regional Bank,West,2020,2163634,0,0.0,0.0,0.0,7.048125731829413,0.7745,8.03921568627451,1.0986122886681098,15,0.497,0.21148,0.21134,1296764.51,274054.1,609009.12,-1554624.88,0.28148,0.0,1831726.7295065932,3540148.4076097347,786016.5403804868
POL-2020127,Regional Bank,West,2023,1392170,0,0.0,0.0,0.0,6.4853983032037545,0.6947500000000001,10.666666666666666,0.0,15,0.468,0.25268,0.2525,1711481.91,432154.3,960342.88,-431827.12,0.68982,0.0,2620945.4507734072,4527682.356305132,1186726.9978152565
POL-2020128,Hedge Fund,Midwest,2020,2313042,0,0.0,0.0,0.0,5.627261336748458,0.8430000000000001,11.666666666666666,0.0,100,4.491,0.17669,0.17657,971949.31,171612.41,381360.92,-1931681.08,0.16487,0.0,1321856.2933342468,2706013.6005390887,516661.60002695443
POL-2020129,Investment Bank,National,2021,66375065,1,1.0,237400.0,0.0,8.90308124678437,0.6020000000000001,15.555555555555555,0.0,100,3.994,0.21975,0.2196,2625471.91,576565.58,1281256.83,-65093808.17,0.0193,0.00358,4047611.0749679706,6987237.302258632,1630618.6951129318
POL-2020130,Fintech-Lending,Southwest,2024,642364,0,0.0,0.0,0.0,6.1023348559394055,0.8137500000000001,1.9444444444444444,0.6931471805599453,5,0.19,0.12181,0.12173,1444660.07,175859.59,390799.08,-251564.92,0.60838,0.0,1321088.6694764118,4222520.23704941,601925.0918524705
POL-2020131,Community Bank,Northeast,2024,126820,1,1.0,76875.0,4912.0,4.215086179918229,0.685,14.0,0.0,15,0.242,0.17061,0.17049,516915.37,88131.02,195846.7,69026.7,1.54429,0.60617,487805.344632049,1125627.7392124687,252128.08696062345
POL-2020132,Asset Manager,Northeast,2023,725614,0,0.0,0.0,0.0,6.488900933754956,0.7125,13.2,0.0,5,0.201,0.19588,0.19575,1700892.18,332947.63,739883.63,14269.63,1.01967,0.0,2283422.1975745843,4281781.746379908,953972.7173189954
POL-2020133,Community Bank,Southeast,2022,371622,0,0.0,0.0,0.0,4.104294893075269,0.7295,3.157894736842105,0.6931471805599453,100,3.749,0.13067,0.13058,399292.5,52137.95,115862.1,-255759.9,0.31177,0.0,438696.8893045438,894147.4858547461,160569.47429273732
POL-2020134,Community Bank,West,2020,194629,1,1.0,5874.0,3171.0,5.113191882421348,0.5880000000000001,94.81481481481481,0.6931471805599453,10,0.339,0.2987,0.29849,545819.9,162922.29,362049.54,167420.54,1.8602,0.03018,1050685.0258895776,1973548.8531390217,460726.98265695106
POL-2020135,Hedge Fund,Northeast,2024,7872191,0,0.0,0.0,0.0,6.255174060168853,0.7917500000000001,5.9375,0.0,250,9.211,0.12884,0.12875,780323.47,100467.62,223261.38,-7648929.62,0.02836,0.0,859888.8705143938,1641724.1951935242,305347.58975967625
POL-2020136,Community Bank,Southwest,2020,26190,0,0.0,0.0,0.0,4.290459441148391,0.9692500000000001,10.4,0.0,1,0.025,0.13022,0.13013,554073.8,72100.31,160222.91,134032.91,6.11771,0.0,557005.7401365103,1000000.0,210222.91
POL-2020137,Broker-Dealer,National,2020,2758100,0,0.0,0.0,0.0,7.487677768827454,0.56325,6.31578947368421,0.6931471805599453,10,0.062,0.17125,0.17113,2454770.38,420096.23,933547.17,-1824552.83,0.33847,0.0,3465807.920211343,6600417.05989282,1263568.0229946412
POL-2020138,Broker-Dealer,Midwest,2022,1017040,1,1.0,407904.0,0.0,6.447464328590194,0.8655,8.0,0.0,10,0.267,0.07953,0.07948,3014095.0,239561.93,532359.84,-484680.16,0.52344,0.40107,1133165.0516252227,5574768.902932455,811098.2851466227
POL-2020139,Community Bank,Midwest,2023,157071,0,0.0,0.0,0.0,4.597138014290827,0.6315,9.67741935483871,0.0,10,0.346,0.2321,0.23195,642793.71,149093.34,331318.54,174247.54,2.10936,0.0,1039747.9625752983,2231428.3217653176,442889.95608826587
POL-2020140,Broker-Dealer,National,2020,610864,0,0.0,0.0,0.0,6.380630882246644,0.6735,1.1764705882352942,0.6931471805599453,5,0.2,0.17051,0.17039,1430798.36,243796.58,541770.18,-69093.82,0.88689,0.0,1885876.7502824448,3486879.125349689,716114.1362674845
POL-2020141,Broker-Dealer,Midwest,2024,149417,0,0.0,0.0,0.0,5.627261336748458,0.65575,3.939393939393939,0.0,1,0.038,0.11605,0.11597,1230615.85,142709.8,317132.88,167715.88,2.12247,0.0,1000000.0,1000000.0,367132.88
POL-2020142,Regional Bank,National,2024,1107029,1,1.0,98761.0,15629.0,6.0112671744041615,0.6912499999999999,7.647058823529412,0.0,25,1.082,0.19168,0.19155,2577941.24,493811.8,1097359.55,-9669.45,0.99127,0.08921,4260668.518540318,7800077.599831183,1487363.4299915591
POL-2020143,Asset Manager,Southwest,2020,690935,1,1.0,2129273.0,1427414.0,7.059016072822721,0.77675,5.185185185185185,0.0,2,0.052,0.11742,0.11734,595682.95,69900.04,155333.43,-535601.57,0.22482,3.08173,584931.9058770961,1332199.6215272413,221943.41107636207
POL-2020144,Regional Bank,National,2020,1405136,1,1.0,2750618.0,588869.0,6.812235077124725,0.7817500000000001,4.6875,0.6931471805599453,10,0.391,0.20966,0.20951,4436009.29,929395.81,2065324.02,660188.02,1.46984,1.95755,6680210.394770043,10002602.677465227,2565454.1538732615
POL-2020145,Community Bank,Midwest,2024,50465,0,0.0,0.0,0.0,3.927896354584436,0.62975,6.4,0.6931471805599453,5,0.173,0.20118,0.20104,132986.86,26736.31,59414.02,8949.02,1.17733,0.0,186436.96499024137,394303.5792200611,79129.19896100304
POL-2020146,Insurance Carrier,Midwest,2023,68411950,0,0.0,0.0,0.0,8.70723487122533,0.59025,23.21428571428571,0.6931471805599453,250,3.027,0.20563,0.20549,5181653.82,1064781.53,2366181.19,-66045768.81,0.03459,0.0,6241503.949369374,12747401.721725533,3003551.2760862764
POL-2020147,Community Bank,Southeast,2023,44479,0,0.0,0.0,0.0,4.056988775678332,0.6875000000000001,5.652173913043478,0.6931471805599453,5,0.163,0.15947,0.15936,1010007.09,160958.52,357685.61,313206.61,8.04167,0.0,1296364.5455703821,2564866.8378856727,485928.95189428364
POL-2020148,Broker-Dealer,Southeast,2022,2438198,0,0.0,0.0,0.0,6.819251880390734,0.906,53.46938775510205,0.0,15,0.561,0.07546,0.07541,5917506.35,446252.0,991671.11,-1446526.89,0.40672,0.0,2104235.1001552707,10734272.952025497,1528384.7576012749
POL-2020149,Fintech-Lending,Northeast,2020,536162,0,0.0,0.0,0.0,5.571393286610456,0.7305,10.714285714285714,0.0,10,0.257,0.21272,0.21258,1111223.09,236219.14,524931.42,-11230.58,0.97905,0.0,1550200.6389110673,2858177.3270826275,667840.2863541314
POL-2020150,Community Bank,National,2020,21897,0,0.0,0.0,0.0,4.119037174812473,0.795,6.944444444444445,0.0,1,0.034,0.15749,0.15738,1646408.42,259113.36,575807.46,553910.46,26.29618,0.0,1000000.0,1099579.8003377179,630786.4500168859
POL-2020151,Community Bank,Southwest,2023,28478,0,0.0,0.0,0.0,3.8958936234982624,0.44175,23.75,0.0,2,0.026,0.22645,0.2263,384493.22,87009.06,193353.46,164875.46,6.78957,0.0,552102.3317310432,998213.3026608252,243264.12513304126
POL-2020152,Community Bank,Northeast,2021,126040,0,0.0,0.0,0.0,4.436751534363128,0.68775,15.833333333333334,0.0,10,0.442,0.17851,0.17839,303141.42,54076.94,120170.99,-5869.01,0.95344,0.0,410434.7991650059,896854.0769166593,165013.69384583295
POL-2020153,Community Bank,West,2024,42851,0,0.0,0.0,0.0,4.4520190064939165,0.8170000000000001,9.67741935483871,0.6931471805599453,2,0.059,0.19994,0.1998,409008.5,81721.22,181602.7,138751.7,4.238,0.0,615886.0204470487,1238174.4850227537,243511.4242511377
POL-2020154,Insurance Carrier,West,2022,5231194,0,0.0,0.0,0.0,8.31230695637286,0.63125,11.666666666666666,0.0,10,0.412,0.23745,0.23729,932154.6,221187.28,491527.28,-4739666.72,0.09396,0.0,1570044.9894590187,2946549.3200376863,638854.7460018843
POL-2020155,Asset Manager,Southwest,2022,3856393,0,0.0,0.0,0.0,7.8994502853041695,0.6147500000000001,25.925925925925924,0.0,10,0.319,0.20162,0.20148,2596599.81,523160.54,1162578.97,-2693814.03,0.30147,0.0,3735076.993379834,8317163.886182865,1578437.1643091433
POL-2020156,Community Bank,National,2020,17931,0,0.0,0.0,0.0,3.929862923556477,0.79375,14.11764705882353,0.0,1,0.042,0.14942,0.14932,400255.97,59766.93,132815.39,114884.39,7.40703,0.0,422038.7465942831,994810.4115026488,182555.91057513247
POL-2020157,Community Bank,National,2020,194222,1,1.0,144888.0,34900.0,5.239628370199357,0.74875,30.0,0.0,5,0.16,0.17545,0.17533,653085.37,114506.07,254457.92,60235.92,1.31014,0.74599,673319.4046656536,1321652.3858853965,320540.53929426987
POL-2020158,Regional Bank,Northeast,2023,366217,0,0.0,0.0,0.0,6.297477576244487,0.66425,10.96774193548387,0.0,2,0.069,0.25123,0.25106,629480.96,158037.46,351194.36,-15022.64,0.95898,0.0,1133980.8966943717,1880825.5972358938,445235.63986179465
POL-2020159,Hedge Fund,Northeast,2022,733120,0,0.0,0.0,0.0,5.627980761239919,0.55375,12.499999999999998,0.0,15,0.207,0.19233,0.1922,326096.72,62675.01,139277.81,-593842.19,0.18998,0.0,432268.67936785734,814129.361876626,179984.2780938313
POL-2020160,Investment Bank,Southwest,2023,87617571,0,0.0,0.0,0.0,8.834904829069698,0.7297500000000001,5.813953488372094,0.6931471805599453,250,5.716,0.12034,0.12026,1717296.58,206521.61,458936.92,-87158634.08,0.00524,0.0,1393464.6760129419,3064975.8101156508,612185.7105057825
POL-2020161,Community Bank,West,2020,17053,0,0.0,0.0,0.0,3.9435216724875173,0.84375,17.941176470588236,0.0,1,0.025,0.14072,0.14062,574105.4,80730.93,179402.07,162349.07,10.52026,0.0,703562.4951663811,1000000.0,229402.07
POL-2020162,Community Bank,Midwest,2023,178676,0,0.0,0.0,0.0,5.322033893165353,0.669,4.705882352941177,0.0,5,0.051,0.15702,0.15691,964496.69,151342.85,336317.44,157641.44,1.88228,0.0,1121316.7881167212,2457172.487494604,459176.0643747302
POL-2020163,Broker-Dealer,National,2023,9488861,0,0.0,0.0,0.0,6.663643421231731,0.7072499999999999,10.833333333333334,0.0,250,8.885,0.14237,0.14227,3139129.27,446606.66,992459.25,-8496401.75,0.10459,0.0,4241263.2815546235,8181705.948491821,1401544.5474245911
POL-2020164,Broker-Dealer,Northeast,2020,639334,0,0.0,0.0,0.0,5.877735781779639,0.7272500000000001,117.5,0.6931471805599453,10,0.055,0.1521,0.152,338812.73,51498.62,114441.38,-524892.62,0.179,0.0,407780.2973125738,821566.977748292,155519.72888741462
POL-2020165,National Bank,Midwest,2024,357632456,0,0.0,0.0,0.0,10.186110599671963,0.81525,19.72972972972973,0.6931471805599453,250,6.087,0.1065,0.10642,1677914.52,178568.04,396817.87,-357235638.13,0.00111,0.0,1513757.5249279917,3439646.826838822,568800.2113419411
POL-2020166,National Bank,West,2022,161402239,0,0.0,0.0,0.0,10.379613029972525,0.6785000000000001,4.838709677419355,0.0,50,1.085,0.143,0.1429,3049707.5,435799.6,968443.55,-160433795.45,0.006,0.0,3649298.216887782,7806184.216353112,1358752.7608176556
POL-2020167,Insurance Carrier,Northeast,2021,62856051,1,1.0,119244.0,3361.0,8.845374006147898,0.5567500000000001,30.769230769230766,0.0,250,5.082,0.17676,0.17664,724584.94,127991.31,284425.14,-62571625.86,0.00453,0.0019,909813.2070256239,2001947.8121297052,384522.53060648526
POL-2020168,Credit Union,Midwest,2023,146004,0,0.0,0.0,0.0,4.523960130562548,0.8045000000000001,7.096774193548387,0.0,15,0.726,0.14571,0.14561,546924.97,79639.05,176975.66,30971.66,1.21213,0.0,675041.4279220643,1447951.8330921854,249373.25165460928
POL-2020169,Community Bank,Midwest,2022,369218,0,0.0,0.0,0.0,5.313698468586339,0.70825,17.727272727272727,0.0,15,0.675,0.14654,0.14644,218964.13,32064.67,71254.83,-297963.17,0.19299,0.0,262146.22171943885,522798.3303994876,97394.74651997437
POL-2020170,Regional Bank,Southwest,2023,1037944,0,0.0,0.0,0.0,6.536836514626557,0.5249999999999999,26.666666666666668,0.0,10,0.425,0.22824,0.22809,1837979.77,419218.46,931596.58,-106347.42,0.89754,0.0,3000128.4648869266,4874796.978150396,1175336.4289075197
POL-2020171,Regional Bank,Southwest,2023,1517274,0,0.0,0.0,0.0,6.899319800161035,0.5894999999999999,4.482758620689656,0.0,10,0.332,0.22742,0.22727,1304924.89,296566.38,659036.39,-858237.61,0.43436,0.0,2038194.526172888,4065103.615118437,862291.5707559219
POL-2020172,Broker-Dealer,West,2023,1395522,0,0.0,0.0,0.0,6.499185355920494,0.6872499999999999,11.428571428571429,0.0,10,0.484,0.15126,0.15116,2658082.77,401787.35,892860.77,-502661.23,0.6398,0.0,3115487.752243932,7630667.179248746,1274394.1289624374
POL-2020173,Investment Bank,National,2020,3632653,0,0.0,0.0,0.0,8.402657377822958,0.48850000000000005,4.285714285714286,0.0,2,0.098,0.26424,0.26406,2212893.75,584334.61,1298521.36,-2334131.64,0.35746,0.0,2000000.0,3103934.339610411,1453718.0769805207
POL-2020174,Community Bank,Southeast,2020,363044,0,0.0,0.0,0.0,5.180096735160606,0.78425,8.387096774193548,0.6931471805599453,15,0.659,0.14388,0.14378,1028830.26,147924.95,328722.11,-34321.89,0.90546,0.0,1333961.8792980406,2674637.142464881,462453.9671232441
POL-2020175,Broker-Dealer,West,2024,519689,0,0.0,0.0,0.0,6.472037127702952,0.80225,1.0344827586206897,0.0,2,0.066,0.12565,0.12556,2996232.8,376211.95,836026.56,316337.56,1.60871,0.0,2000000.0,2000000.0,936026.56
POL-2020176,Regional Bank,West,2024,273431,1,1.0,8249.0,4775.0,6.003887067106539,0.6645000000000001,17.36842105263158,0.0,2,0.029,0.21829,0.21814,601492.04,131206.94,291570.97,18139.97,1.06634,0.03017,815176.9314874489,1709603.007371464,377051.1203685732
POL-2020177,Community Bank,Midwest,2022,311273,1,1.0,3711.0,726.0,4.787491742782046,0.6725,33.333333333333336,0.0,25,0.866,0.19322,0.19309,636244.97,122850.4,273000.88,-38272.12,0.87705,0.01192,831894.28264851,1613167.2710951157,353659.2435547558
POL-2020178,Investment Bank,Midwest,2023,5103557,0,0.0,0.0,0.0,7.6292955340433,0.6975000000000001,5.434782608695652,0.6931471805599453,10,0.414,0.16039,0.16028,1320955.82,211724.78,470499.51,-4633057.49,0.09219,0.0,1864790.0373291012,3351484.2109788116,638073.7205489406
POL-2020179,National Bank,Southwest,2024,58206958,0,0.0,0.0,0.0,9.905385749819208,0.87325,4.615384615384616,0.6931471805599453,25,0.457,0.09143,0.09136,516571.41,47195.46,104878.8,-58102079.2,0.0018,0.0,362596.2455916832,931953.1138431259,151476.4556921563
POL-2020180,National Bank,West,2024,79108590,1,1.0,5409089.0,1617135.0,9.160036062066435,0.7682500000000001,4.782608695652173,0.6931471805599453,100,1.053,0.12665,0.12657,2333719.6,295368.37,656374.16,-78452215.84,0.0083,0.06838,2189952.4577794527,5112807.081300205,912014.5140650102
POL-2020181,Custodian Bank,West,2023,26448807,0,0.0,0.0,0.0,9.333168437817246,0.693,13.333333333333334,0.6931471805599453,25,0.71,0.15656,0.15645,70505.31,11030.45,24512.11,-26424294.89,0.00093,0.0,94432.2090473123,196253.03002352957,34324.76150117648
POL-2020182,Regional Bank,Midwest,2023,1145514,0,0.0,0.0,0.0,6.451259999761194,0.79,6.153846153846153,0.0,15,0.107,0.14083,0.14074,2585623.69,363895.8,808657.34,-336856.66,0.70593,0.0,2448841.3306886167,6085793.8893615585,1112947.0344680778
POL-2020183,Fintech-Lending,West,2022,153044,0,0.0,0.0,0.0,5.518656990529513,0.8635,7.560975609756098,0.0,1,0.025,0.20209,0.20195,2297308.94,463937.24,1030971.64,877927.64,6.73644,0.0,1000000.0,1943129.0558633392,1128128.092793167
POL-2020184,Regional Bank,National,2024,1890059,0,0.0,0.0,0.0,7.0297073897328834,0.8962500000000001,3.181818181818182,0.0,10,0.485,0.14596,0.14586,3187587.45,464933.94,1033186.54,-856872.46,0.54664,0.0,3528970.76775807,8066748.345785271,1436523.9572892636
POL-2020185,National Bank,West,2022,95549065,0,0.0,0.0,0.0,9.903852485939833,0.908,2.173913043478261,0.6931471805599453,50,1.224,0.11438,0.1143,6190457.9,707550.16,1572333.68,-93976731.32,0.01646,0.0,5596384.413422891,12242359.969114572,2184451.6784557286
POL-2020186,Insurance Carrier,Midwest,2023,1338195,0,0.0,0.0,0.0,7.837080689126748,0.8425000000000001,2.25,0.0,2,0.089,0.13502,0.13493,2778842.04,374936.67,833192.61,-505002.39,0.62262,0.0,2000000.0,2000000.0,933192.61
POL-2020187,Broker-Dealer,Midwest,2022,3742595,0,0.0,0.0,0.0,7.490529402060711,0.85475,6.176470588235294,0.0,10,0.14,0.09663,0.09657,4189396.1,404563.35,899029.67,-2843565.33,0.24022,0.0,2247032.402869272,7109761.023667644,1254517.7211833822
POL-2020188,Broker-Dealer,Midwest,2023,789293,0,0.0,0.0,0.0,5.649678215663,0.661,1.212121212121212,0.6931471805599453,25,0.147,0.11766,0.11758,4478512.8,526575.79,1170168.43,380875.43,1.48255,0.0,3757565.4327787613,8986273.927120157,1619482.1263560078
POL-2020189,Hedge Fund,National,2021,433909,0,0.0,0.0,0.0,5.054333149361975,0.7729999999999999,5.744680851063831,0.0,15,0.597,0.18152,0.18139,214338.89,38879.17,86398.15,-347510.85,0.19912,0.0,253633.35639914713,539743.4931992454,113385.32465996227
POL-2020190,Regional Bank,National,2020,593022,1,1.0,61992.0,4929.0,6.549936824341326,0.6415,21.538461538461537,0.0,5,0.216,0.24881,0.24864,568326.02,141309.54,314021.19,-279000.81,0.52953,0.10454,911674.5021854377,1429154.737199692,385478.92685998464
POL-2020191,Asset Manager,Southwest,2020,1494630,1,1.0,113588.0,52932.0,6.73542365621753,0.6185,11.851851851851851,0.0,10,0.386,0.20742,0.20728,2488284.72,515777.66,1146172.57,-348457.43,0.76686,0.076,3902493.283177072,6821190.76234035,1487232.1081170177
POL-2020192,Asset Manager,Southeast,2024,557378,0,0.0,0.0,0.0,6.439030831234781,0.753,5.0,0.0,5,0.155,0.09895,0.09888,864952.06,85525.37,190056.38,-367321.62,0.34098,0.0,539064.0344855047,2008471.7158468754,290479.9657923438
POL-2020193,Credit Union,National,2022,54125,0,0.0,0.0,0.0,4.859036909945142,0.8609999999999999,3.7142857142857144,0.6931471805599453,2,0.074,0.15735,0.15724,422294.51,66401.19,147558.2,93433.2,2.72625,0.0,510863.61862314364,1305935.0599893192,212854.95299946598
POL-2020194,Credit Union,West,2022,155602,0,0.0,0.0,0.0,4.772378104971998,0.6675,2.7777777777777777,0.6931471805599453,10,0.257,0.19356,0.19343,226397.77,43792.09,97315.75,-58286.25,0.62541,0.0,340111.8750797852,627737.6361317277,128702.63180658639
POL-2020195,Fintech-Payments,Midwest,2022,1406988,0,0.0,0.0,0.0,5.0072963928307415,0.6492500000000001,11.212121212121211,0.0,100,2.466,0.28191,0.28172,1266020.52,356661.99,792582.21,-614405.79,0.56332,0.0,2166908.290137528,3678990.589198612,976531.7394599306
POL-2020196,Community Bank,Northeast,2024,423006,0,0.0,0.0,0.0,5.436774109695053,0.80275,11.818181818181817,0.0,15,0.242,0.1732,0.17308,843244.37,145950.19,324333.74,-98672.26,0.76674,0.0,938949.8120474115,1687116.4307920523,408689.5615396026
POL-2020197,Credit Union,Southwest,2021,12267,0,0.0,0.0,0.0,3.5380565643793527,0.5582499999999999,9.35483870967742,0.0,1,0.025,0.23687,0.23671,119703.06,28334.95,62966.56,50699.56,5.133,0.0,185143.5812218206,354952.6405283321,80714.1920264166
POL-2020198,Regional Bank,Southwest,2024,1637026,1,2.0,23852875.0,14861515.0,6.8970986987936085,0.9145,2.6190476190476195,0.0,15,0.745,0.11657,0.11649,646219.56,75275.43,167278.74,-1469747.26,0.10218,14.57086,544919.3630219128,1306134.1651035598,232585.448255178
POL-2020199,Community Bank,Southeast,2020,30014,0,0.0,0.0,0.0,3.2108436531709366,0.6707500000000001,2.307692307692308,0.0,10,0.345,0.1679,0.16779,898889.02,150820.48,335156.62,305142.62,11.16668,0.0,1126461.5866724397,2284575.282263762,449385.3841131881
POL-2020200,Fintech-Lending,Northeast,2023,6476293,0,0.0,0.0,0.0,6.544487219573761,0.7270000000000001,14.878048780487806,0.0,100,2.825,0.1556,0.15549,1839544.21,286033.21,635629.37,-5840663.63,0.09815,0.0,2203709.1107945377,5318864.494098816,901572.5947049408
POL-2020201,Credit Union,West,2022,238263,1,1.0,5469.0,255.0,3.4210000089583352,0.6995000000000001,5.454545454545455,0.6931471805599453,250,7.9,0.27356,0.27337,229190.32,62654.87,139233.05,-99029.95,0.58437,0.02295,397062.4322649942,673869.9868076141,172926.5493403807
POL-2020202,Asset Manager,National,2022,231880,0,0.0,0.0,0.0,6.155706990502031,0.7270000000000001,24.782608695652172,0.0,2,0.048,0.19198,0.19185,2244550.95,430622.24,956938.31,725058.31,4.12687,0.0,2000000.0,2616209.707521902,1087748.7953760952
POL-2020203,Community Bank,West,2022,312316,0,0.0,0.0,0.0,4.765586907393996,0.84025,3.7837837837837838,1.3862943611198906,25,0.96,0.1507,0.15059,1134850.15,170902.51,379783.35,67467.35,1.21602,0.0,1261401.0494761232,2619630.9411466145,510764.8970573307
POL-2020204,Regional Bank,Northeast,2020,1998633,0,0.0,0.0,0.0,7.326136612356848,0.6604999999999999,5.0,0.0,10,0.347,0.18675,0.18662,1362629.74,254296.88,565104.17,-1433528.83,0.28275,0.0,1905876.1486294915,3549188.4155258276,742563.5907762914
POL-2020205,Credit Union,Midwest,2022,38833,0,0.0,0.0,0.0,3.342861804649192,0.89075,38.80952380952382,0.6931471805599453,10,0.371,0.15339,0.15329,425614.44,65241.65,144981.44,106148.44,3.73346,0.0,498304.4185041382,976255.5738002647,193794.21869001325
POL-2020206,Regional Bank,National,2022,2043301,0,0.0,0.0,0.0,6.850232092738471,0.8305000000000001,2.75,0.0,15,0.26,0.11391,0.11383,3131517.54,356457.04,792126.75,-1251174.25,0.38767,0.0,2088168.4161855541,6204886.909024492,1102371.0954512246
POL-2020207,Credit Union,West,2023,103990,0,0.0,0.0,0.0,4.269697449699962,0.67475,6.0,0.6931471805599453,15,0.332,0.19149,0.19136,240049.89,45936.44,102080.98,-1909.02,0.98164,0.0,343988.7728102474,653363.8035344315,134749.1701767216
POL-2020208,Insurance Carrier,West,2021,22348500,0,0.0,0.0,0.0,9.150685904407894,0.7712500000000001,2.0833333333333335,0.6931471805599453,25,1.095,0.18813,0.188,2276851.57,428051.25,951225.01,-21397274.99,0.04256,0.0,3288406.3151325625,6857737.763557223,1294111.8981778612
POL-2020209,Regional Bank,Southeast,2024,1631932,0,0.0,0.0,0.0,6.860768487757801,0.58525,16.666666666666664,0.0,10,0.307,0.19589,0.19575,2035419.61,398441.14,885424.76,-746507.24,0.54256,0.0,2774744.5314432224,5182442.66824824,1144546.8934124121
POL-2020210,Insurance Carrier,Southwest,2023,2412020,0,0.0,0.0,0.0,7.681929298184456,0.7665000000000001,50.357142857142854,0.0,5,0.04,0.17957,0.17945,1024236.24,183794.8,408432.9,-2003587.1,0.16933,0.0,1367243.607832265,2722941.050863698,544579.952543185
POL-2020211,Regional Bank,Southwest,2023,1219294,0,0.0,0.0,0.0,7.120848494442845,0.79225,7.878787878787878,0.0,5,0.07,0.13888,0.13878,2778771.46,385647.45,856994.32,-362299.68,0.70286,0.0,2394023.171943981,5000000.0,1106994.3199999998
POL-2020212,Regional Bank,Northeast,2022,906006,0,0.0,0.0,0.0,6.313185661783185,0.6807500000000001,6.5,0.0,10,0.382,0.17319,0.17307,1367613.02,236697.54,525994.53,-380011.47,0.58056,0.0,1886439.0639585876,3693159.8232913422,710652.5211645672
POL-2020213,Regional Bank,Southwest,2023,621554,0,0.0,0.0,0.0,6.575354741730978,0.7085000000000001,6.666666666666667,0.0,5,0.161,0.17989,0.17977,1480210.9,266100.06,591333.46,-30220.54,0.95138,0.0,1731612.6158483718,5000000.0,841333.46
POL-2020214,Regional Bank,Northeast,2024,625037,0,0.0,0.0,0.0,6.937411163889648,0.5865,15.277777777777777,0.0,2,0.074,0.21376,0.21362,736656.37,157362.43,349694.28,-275342.72,0.55948,0.0,1152754.6757415126,2000000.0,449694.28
POL-2020215,Insurance Carrier,Midwest,2023,19977665,1,1.0,144388.0,84270.0,8.687610843707368,0.56375,8.333333333333334,0.6931471805599453,50,1.168,0.26457,0.26439,645337.03,170618.23,379151.62,-19598513.38,0.01898,0.00723,1011064.4827425291,2088212.4756301702,483562.2437815085
POL-2020216,Insurance Carrier,Southeast,2020,4214287,0,0.0,0.0,0.0,7.5409401183694,0.77425,7.1875,0.0,15,0.58,0.13039,0.1303,2139685.97,278794.18,619542.61,-3594744.39,0.14701,0.0,2382868.8930422766,5151010.112310254,877093.1156155127
POL-2020217,Asset Manager,Southeast,2020,606477,1,1.0,614863.0,267315.0,7.2813856635702825,0.663,8.4375,0.6931471805599453,1,0.025,0.21071,0.21057,1336210.21,281364.42,625254.28,18777.28,1.03096,1.01383,1000000.0,1310277.4075908745,690768.1503795438
POL-2020218,Community Bank,Southeast,2024,77802,0,0.0,0.0,0.0,3.9396381724611196,0.5872499999999999,11.764705882352942,0.0,10,0.478,0.20097,0.20083,278692.17,55971.09,124380.21,46578.21,1.59868,0.0,390195.4114195254,835202.4540650799,166140.332703254
POL-2020219,Investment Bank,West,2022,132813564,0,0.0,0.0,0.0,9.635581963247922,0.62075,5.490196078431373,0.0,100,3.13,0.16529,0.16518,3843047.85,634785.79,1410635.08,-131402928.92,0.01062,0.0,4589470.712593744,9528685.517846353,1887069.3558923178
POL-2020220,Broker-Dealer,Southeast,2024,576586,0,0.0,0.0,0.0,6.113018242660559,0.648,48.51851851851851,0.0,5,0.125,0.13098,0.13089,6124287.79,801625.16,1781389.24,1204803.24,3.08955,0.0,5000000.0,5584541.516645148,2060616.3158322575
POL-2020221,Community Bank,West,2021,98715,0,0.0,0.0,0.0,4.365643155423357,0.7915,38.888888888888886,0.0,10,0.345,0.23563,0.23547,295909.03,69676.33,154836.28,56121.28,1.56852,0.0,493281.93413391116,1000371.1684482956,204854.8384224148
POL-2020222,Community Bank,Northeast,2020,87227,0,0.0,0.0,0.0,4.558078578454241,0.6025,7.391304347826086,0.0,5,0.141,0.15787,0.15776,291591.62,46002.3,102227.32,15000.32,1.17197,0.0,325646.8390359088,781574.8736956228,141306.06368478114
POL-2020223,Fintech-Lending,Southwest,2021,257240,0,0.0,0.0,0.0,4.549657476057832,0.5605,5.517241379310345,0.0,15,0.449,0.23011,0.22995,370760.93,85256.27,189458.38,-67781.62,0.7365,0.0,499608.7775954221,1099468.1612597655,244431.7880629883
POL-2020224,Credit Union,Northeast,2020,1019044,0,0.0,0.0,0.0,5.218732887205194,0.38475,5.0,0.0,100,1.307,0.24179,0.24163,210095.5,50764.7,112810.44,-906233.56,0.1107,0.0,330256.88396453817,616315.0160615471,143626.19080307736
POL-2020225,Insurance Carrier,Southwest,2023,4291648,0,0.0,0.0,0.0,8.314268847283424,0.8335,7.352941176470589,0.0,5,0.142,0.08878,0.08872,1280966.34,113641.82,252537.38,-4039110.62,0.05884,0.0,1005647.7978950235,2925445.3176667,398809.64588333503
POL-2020226,Community Bank,Midwest,2024,37535,0,0.0,0.0,0.0,4.626931677769604,0.8809999999999999,1.8421052631578947,0.0,1,0.029,0.12596,0.12588,1234024.46,155334.63,345188.06,307653.06,9.19643,0.0,1000000.0,1000000.0,395188.06
POL-2020227,Fintech-Lending,West,2021,1518228,1,1.0,7790785.0,1376966.0,6.689972333910023,0.662,36.36363636363636,0.0,10,0.202,0.19627,0.19614,1308335.57,256616.76,570259.47,-947968.53,0.37561,5.1315,1933449.362327481,4565872.148461889,798553.0774230944
POL-2020228,Community Bank,Midwest,2024,133295,0,0.0,0.0,0.0,4.516338972281476,0.31975,9.285714285714285,0.6931471805599453,10,0.333,0.35594,0.3557,294563.47,104776.33,232836.28,99541.28,1.74677,0.0,591916.8384609876,1130299.0433058573,289351.23216529284
POL-2020229,Asset Manager,Southwest,2021,801761,0,0.0,0.0,0.0,6.685361446558473,0.6772500000000001,21.707317073170735,0.6931471805599453,5,0.224,0.16049,0.16038,227094.3,36420.82,80935.16,-720825.84,0.10095,0.0,290533.6740168354,560551.0588697601,108962.712943488
POL-2020230,Broker-Dealer,National,2020,1734055,0,0.0,0.0,0.0,6.199291394310299,0.80425,4.193548387096774,0.0,25,0.547,0.08587,0.08581,4045982.03,347195.84,771546.31,-962508.69,0.44494,0.0,1412800.1921612574,7254194.714105531,1134256.0457052765
POL-2020231,Fintech-Lending,West,2021,247819,0,0.0,0.0,0.0,5.898252165385803,0.7177500000000001,7.17948717948718,0.0,2,0.074,0.26023,0.26005,785530.59,204275.3,453945.12,206126.12,1.83176,0.0,1185921.065512981,2000000.0,553945.12
POL-2020232,Broker-Dealer,Southwest,2024,1863950,0,0.0,0.0,0.0,6.836581459527612,0.6665000000000001,3.3333333333333335,0.0,10,0.402,0.08951,0.08945,1746805.76,156248.89,347219.76,-1516730.24,0.18628,0.0,1306833.9063290749,2803258.9439313444,487382.7071965672
POL-2020233,Asset Manager,Southeast,2022,2996887,1,1.0,7552926.0,164711.0,6.975040025787734,0.5337500000000001,43.333333333333336,0.0,25,1.147,0.24776,0.24759,1764962.49,436989.04,971086.76,-2025800.24,0.32403,2.52026,2583434.352449865,4627166.451172047,1202445.0825586023
POL-2020234,Community Bank,Southwest,2024,316805,0,0.0,0.0,0.0,4.91705694713669,0.6667500000000001,3.9534883720930236,0.0,25,0.367,0.1061,0.10603,1011281.18,107225.54,238278.97,-78526.03,0.75213,0.0,685198.5297617837,2246932.2362087416,350625.5818104371
POL-2020235,Community Bank,National,2021,132721,0,0.0,0.0,0.0,4.11414718951828,0.672,27.083333333333336,0.0,25,0.904,0.19303,0.1929,1466769.27,282937.76,628750.57,496029.57,4.73739,0.0,2371282.0554793216,4127336.318078696,835117.3859039347
POL-2020236,Hedge Fund,Southwest,2020,1344275,0,0.0,0.0,0.0,6.179188153190932,0.5705,4.0,0.0,15,0.625,0.19611,0.19597,950793.06,186329.65,414065.9,-930209.1,0.30802,0.0,1328225.381535946,2668021.495698021,547466.9747849011
POL-2020237,Regional Bank,Midwest,2024,564776,1,1.0,4934438.0,473488.0,6.745706827027738,0.7939999999999999,8.965517241379311,0.0,2,0.039,0.20973,0.20959,1238220.54,259518.07,576706.82,11930.82,1.02112,8.73698,1811922.3844615086,2215464.10347693,687480.0251738464
POL-2020238,Hedge Fund,National,2020,718307,0,0.0,0.0,0.0,6.1454723595873295,0.71175,12.272727272727273,0.0,5,0.218,0.23105,0.23089,367137.08,84767.61,188372.47,-529934.53,0.26225,0.0,577416.7770477493,1083823.4388933023,242563.6419446651
POL-2020239,Hedge Fund,National,2024,967376,0,0.0,0.0,0.0,5.402226829938548,0.74125,2.558139534883721,0.0,50,0.772,0.15624,0.15614,555373.61,86714.69,192699.31,-774676.69,0.1992,0.0,597435.632512293,1464596.442443574,265929.1321221787
POL-2020240,Regional Bank,Midwest,2022,2516935,0,0.0,0.0,0.0,7.662091627854505,0.68525,19.48717948717949,0.6931471805599453,5,0.156,0.23914,0.23898,2632892.77,629210.25,1398244.99,-1118690.01,0.55553,0.0,4243061.198982283,5000000.0,1648244.99
POL-2020241,Fintech-Payments,Southwest,2020,1982627,0,0.0,0.0,0.0,6.057018177847421,0.7887500000000001,7.254901960784315,0.6931471805599453,25,1.245,0.13027,0.13018,641541.07,83516.08,185591.29,-1797035.71,0.09361,0.0,622808.1370695288,1602359.8273872605,265709.2813693631
POL-2020242,Investment Bank,Southeast,2024,2297330,0,0.0,0.0,0.0,8.305162661105596,0.8065000000000001,11.379310344827587,0.0,1,0.036,0.16299,0.16288,2980343.6,485439.86,1078755.24,-1218574.76,0.46957,0.0,1000000.0,1573295.9386895357,1157420.0369344768
POL-2020243,Insurance Carrier,Northeast,2021,27501021,0,0.0,0.0,0.0,9.151121012316212,0.5865,17.916666666666668,0.0,25,0.147,0.20171,0.20157,2502746.82,504489.35,1121087.44,-26379933.56,0.04077,0.0,3524681.54764547,6390433.183884512,1440609.0991942256
POL-2020244,Regional Bank,West,2020,4607553,0,0.0,0.0,0.0,8.287025025165063,0.679,5.0,0.0,5,0.087,0.20574,0.2056,3544078.62,728656.95,1619237.67,-2988315.33,0.35143,0.0,4985065.343611919,6745030.787658377,1956489.2093829187
POL-2020245,Regional Bank,Southwest,2024,664063,0,0.0,0.0,0.0,6.36199308533525,0.7952499999999999,15.882352941176471,0.6931471805599453,5,0.219,0.10729,0.10721,489407.56,52470.39,116600.87,-547462.13,0.17559,0.0,379434.9723406721,1218012.1214985459,177501.47607492728
POL-2020246,Custodian Bank,Southeast,2021,63244521,0,0.0,0.0,0.0,8.554103545436334,0.67925,24.705882352941174,0.0,250,12.223,0.1177,0.11762,1611596.5,189556.85,421237.44,-62823283.56,0.00666,0.0,1765286.7475055084,3612729.5481827855,601873.9174091392
POL-2020247,Community Bank,Midwest,2022,101522,1,1.0,55628.0,13457.0,4.225372824628505,0.727,11.25,0.0,10,0.488,0.22079,0.22064,401054.75,88487.22,196638.27,95116.27,1.9369,0.54794,644622.056564243,1316872.3820362245,262481.8891018112
POL-2020248,Broker-Dealer,West,2023,463768,0,0.0,0.0,0.0,6.106800145787886,0.65925,6.875,0.0,5,0.177,0.14506,0.14496,1642150.7,238045.4,528989.78,65221.78,1.14063,0.0,1841097.1747406046,4013377.1220023995,729658.63610012
POL-2020249,Community Bank,Southwest,2024,64757,0,0.0,0.0,0.0,4.273884476054178,0.27025,26.25,0.6931471805599453,5,0.156,0.28847,0.28827,78238.18,22553.74,50119.42,-14637.58,0.77396,0.0,133924.00494351002,226167.35963909852,61427.78798195493
POL-2020250,Community Bank,Midwest,2023,33060,0,0.0,0.0,0.0,4.130354999745133,0.6335,1.6666666666666667,0.0,2,0.075,0.19392,0.19379,349294.62,67688.91,150419.8,117359.8,4.5499,0.0,479758.01042594376,1020080.9321443958,201423.84660721978
POL-2020251,Community Bank,National,2024,306592,0,0.0,0.0,0.0,4.864452783918174,0.9420000000000001,6.595744680851065,0.0,25,0.679,0.12405,0.12396,1179098.51,146161.31,324802.92,18210.92,1.0594,0.0,1071968.5402911734,2501091.950280769,449857.5175140384
POL-2020252,Insurance Carrier,Southeast,2023,1564935,0,0.0,0.0,0.0,7.8950262395733395,0.7115,3.4285714285714284,0.0,2,0.062,0.10509,0.10502,2560205.98,268871.47,597492.15,-967442.85,0.3818,0.0,2000000.0,2000000.0,697492.15
POL-2020253,Fintech-Payments,West,2020,513831,0,0.0,0.0,0.0,5.305789381386738,0.38725000000000004,6.666666666666666,0.0,10,0.132,0.28623,0.28603,2625816.0,751063.21,1669029.36,1155198.36,3.24821,0.0,4253640.19935495,9474181.390555792,2142738.42952779
POL-2020254,Investment Bank,Northeast,2020,28556780,0,0.0,0.0,0.0,8.47024832363969,0.864,12.63157894736842,0.6931471805599453,50,0.644,0.15504,0.15493,766905.7,118817.01,264037.81,-28292742.19,0.00925,0.0,938054.3637126557,1937341.5166588186,360904.8858329409
POL-2020255,Broker-Dealer,Midwest,2020,3461965,0,0.0,0.0,0.0,7.299256680072915,0.93575,4.255319148936171,0.0,15,0.138,0.08283,0.08278,5524782.57,457329.15,1016286.99,-2445678.01,0.29356,0.0,2950046.7823121594,10147629.475660542,1523668.4637830271
POL-2020256,Community Bank,Southwest,2024,141516,0,0.0,0.0,0.0,4.241326752570746,0.6415,7.857142857142857,0.0,15,0.478,0.13991,0.13981,477519.8,66763.18,148362.62,6846.62,1.04838,0.0,478213.4967221624,1300309.8822962022,213378.1141148101
POL-2020257,Insurance Carrier,Southwest,2021,2498911,0,0.0,0.0,0.0,7.393632257384163,0.5635,20.52631578947368,0.0,10,0.279,0.13072,0.13063,705450.46,92155.61,204790.25,-2294120.75,0.08195,0.0,729180.8604954662,2009012.88190888,305240.894095444
POL-2020258,Regional Bank,Midwest,2022,1301072,0,0.0,0.0,0.0,6.270610288537476,0.708,11.944444444444445,0.0,25,0.809,0.21163,0.21148,1491397.56,315407.92,700906.48,-600165.52,0.53871,0.0,2030700.9510534059,4363849.978300832,919098.9789150415
POL-2020259,Community Bank,Midwest,2022,100630,0,0.0,0.0,0.0,4.09933210373314,0.8642500000000001,38.1578947368421,0.0,15,0.702,0.15946,0.15935,1371404.35,218533.76,485630.58,385000.58,4.8259,0.0,1495392.1266281542,3671832.9961621617,669222.2298081082
POL-2020260,Custodian Bank,Southwest,2021,54464495,0,0.0,0.0,0.0,8.981405080870163,0.7475,9.347826086956523,0.0,100,1.929,0.11543,0.11535,251224.14,28979.06,64397.91,-54400097.09,0.00118,0.0,213749.08907329134,619341.0006286171,95364.96003143086
POL-2020261,Community Bank,Southwest,2023,87365,0,0.0,0.0,0.0,4.005513348515485,0.5505,9.565217391304346,0.6931471805599453,15,0.374,0.23531,0.23515,249573.58,58686.65,130414.77,43049.77,1.49276,0.0,394561.60920814873,718081.8670924337,166318.8633546217
POL-2020262,Community Bank,Midwest,2020,72876,0,0.0,0.0,0.0,3.3945083935113587,0.86275,12.307692307692308,0.0,25,0.655,0.14729,0.14719,320998.82,47248.43,104996.5,32120.5,1.44076,0.0,351367.36629586987,757054.5409437164,142849.22704718582
POL-2020263,Fintech-Lending,Southwest,2024,646287,1,1.0,324322.0,1321.0,5.741720313996593,0.779,28.27586206896552,0.0,10,0.235,0.13647,0.13637,2900478.0,395545.81,878990.7,232703.7,1.36006,0.50182,2504284.600695918,7454878.888017188,1251734.6444008593
POL-2020264,Asset Manager,Midwest,2021,2824331,1,1.0,8607489.0,4892589.0,6.934786618033168,0.85925,8.157894736842104,0.6931471805599453,25,0.449,0.1652,0.16508,3835148.49,633118.85,1406930.78,-1417400.22,0.49815,3.04762,4648330.9242059495,9006319.287482375,1857246.7443741187
POL-2020265,National Bank,Southwest,2021,102801236,1,1.0,8181302.0,4055018.0,10.023419388976704,0.7312500000000001,17.083333333333336,0.6931471805599453,50,1.149,0.1276,0.12751,631192.62,80486.0,178857.78,-102622378.22,0.00174,0.07958,620821.2556193582,1787884.5926337442,268252.0096316872
POL-2020266,Credit Union,Southeast,2021,73252,0,0.0,0.0,0.0,4.215086179918229,0.66775,5.277777777777778,1.0986122886681098,10,0.382,0.15387,0.15376,805065.26,123790.38,275089.74,201837.74,3.75539,0.0,893420.9195931291,2122447.3860188625,381212.1093009431
POL-2020267,Fintech-Lending,West,2020,134091,0,0.0,0.0,0.0,5.269403356383394,0.77425,12.702702702702702,0.0,2,0.041,0.24691,0.24674,2964440.26,731434.25,1625409.44,1491318.44,12.12169,0.0,2000000.0,3786374.9647678817,1814728.188238394
POL-2020268,Asset Manager,Southeast,2023,129568,1,1.0,1308264.0,229097.0,5.870708345972182,0.7605000000000001,8.0,0.6931471805599453,1,0.026,0.15806,0.15795,4168075.83,658350.67,1463001.49,1333433.49,11.29138,10.09712,1000000.0,1005475.8300811948,1513275.2815040597
POL-2020269,Community Bank,West,2023,366697,0,0.0,0.0,0.0,5.076423034634259,0.8350000000000001,12.162162162162161,0.0,25,1.052,0.17582,0.1757,774011.72,135991.54,302203.43,-64493.57,0.82412,0.0,839099.4683024059,1916451.3875004572,398025.99937502283
POL-2020270,Hedge Fund,Southwest,2022,259411,1,2.0,285644.0,44851.0,4.278054044290903,0.6719999999999999,42.25806451612903,0.6931471805599453,25,0.306,0.21715,0.217,528706.02,114731.17,254958.15,-4452.85,0.98283,1.10113,757519.7785121801,1560816.4396433393,332998.971982167
POL-2020271,Community Bank,Southwest,2020,60028,1,2.0,605603.0,7045.0,4.23410650459726,0.8095,15.333333333333334,0.0,5,0.149,0.14465,0.14455,912860.08,131951.84,293226.3,233198.3,4.88483,10.08868,1051092.3826826133,2135842.172701439,400018.40863507194
POL-2020272,Fintech-Payments,National,2024,4530113,0,0.0,0.0,0.0,6.654925417297567,0.81325,14.0,0.0,50,0.408,0.15043,0.15032,2536598.21,381310.68,847357.07,-3682755.93,0.18705,0.0,2708888.408371617,5874931.768610129,1141103.6584305065
POL-2020273,Community Bank,West,2021,82454,0,0.0,0.0,0.0,4.370712874773608,0.5887500000000001,13.928571428571427,0.6931471805599453,5,0.19,0.2034,0.20326,92899.44,18882.89,41961.98,-40492.02,0.50891,0.0,145080.4032046522,263419.4556953033,55132.95278476517
POL-2020274,Community Bank,Southwest,2022,329266,0,0.0,0.0,0.0,4.822697998516666,0.652,7.5,0.0,25,0.29,0.15443,0.15433,926397.54,142969.86,317710.8,-11555.2,0.96491,0.0,950995.8640460247,2714573.4183898508,453439.47091949254
POL-2020275,Fintech-Lending,National,2021,87867,0,0.0,0.0,0.0,4.2017030805426,0.8045000000000001,28.94736842105263,0.0,5,0.154,0.24826,0.24809,1198129.76,297246.78,660548.4,572681.4,7.51759,0.0,1829033.9877934246,3153922.388462349,818244.5194231175
POL-2020276,Community Bank,Southwest,2023,14769,0,0.0,0.0,0.0,3.9454577815143836,0.73525,24.210526315789473,0.0,1,0.05,0.15762,0.15751,934325.19,147165.76,327035.01,312266.01,22.14334,0.0,1000000.0,1000000.0,377035.01
POL-2020277,Asset Manager,Southwest,2023,195434,1,1.0,21607.0,1993.0,6.101439400316553,0.37600000000000006,9.565217391304346,0.0,1,0.025,0.36686,0.3666,1788912.83,655822.45,1457383.21,1261949.21,7.45716,0.11056,1000000.0,2000000.0,1557383.21
POL-2020278,National Bank,West,2023,175659299,1,1.0,262036.0,189189.0,10.110139867841276,0.8099999999999999,7.741935483870967,0.6931471805599453,100,4.669,0.11701,0.11693,530134.34,61989.39,137754.21,-175521544.79,0.00078,0.00149,493015.5305869103,1320408.903379692,203774.6551689846
POL-2020279,Community Bank,Northeast,2020,126841,0,0.0,0.0,0.0,4.380775852772229,0.90525,5.365853658536586,0.0,10,0.229,0.1055,0.10543,290486.66,30625.27,68056.16,-58784.84,0.53655,0.0,322239.9368723529,750747.8755507534,105593.55377753769
POL-2020280,Credit Union,Midwest,2021,61256,1,1.0,33984.0,4193.0,3.0301337002713233,0.6567500000000001,23.636363636363633,0.0,50,2.063,0.21373,0.21359,490499.58,104764.81,232810.69,171554.69,3.80062,0.55479,806830.1082125693,1289147.9910817964,297268.0895540898
POL-2020281,Regional Bank,Southwest,2021,795683,0,0.0,0.0,0.0,6.226734278220032,0.7070000000000002,1.7391304347826084,0.6931471805599453,10,0.123,0.13992,0.13982,1026852.99,143575.61,319056.91,-476626.09,0.40098,0.0,1092936.2732515603,2519490.2255969425,445031.4212798471
POL-2020282,Asset Manager,National,2021,430448,0,0.0,0.0,0.0,5.748437115196633,0.6272500000000001,19.23076923076923,0.0,10,0.364,0.22965,0.22949,1775550.2,407469.6,905488.0,475040.0,2.10359,0.0,2664146.523921491,4582756.690548873,1134625.8345274436
POL-2020283,Investment Bank,Northeast,2021,40740718,0,0.0,0.0,0.0,9.193641722353131,0.6987500000000001,11.707317073170733,0.6931471805599453,25,0.882,0.19777,0.19763,1750214.49,345896.16,768658.13,-39972059.87,0.01887,0.0,2509827.884460001,4365662.061221429,986941.2330610715
POL-2020284,Fintech-Payments,West,2021,550121,1,1.0,4148.0,898.0,6.324179734851483,0.7905000000000001,78.84615384615384,0.6931471805599453,2,0.062,0.15928,0.15917,665293.97,105894.64,235321.42,-314799.58,0.42776,0.00754,718931.3867086236,1650217.6807679357,317832.3040383968
POL-2020285,National Bank,National,2021,289932991,0,0.0,0.0,0.0,10.014639763898263,0.80075,15.135135135135135,0.6931471805599453,250,10.512,0.14985,0.14975,1252611.5,187574.39,416831.97,-289516159.03,0.00144,0.0,1334059.3935944617,3611554.610249949,597409.7005124975
POL-2020286,Insurance Carrier,Southeast,2024,86679161,0,0.0,0.0,0.0,9.033125752550372,0.70775,8.571428571428571,0.0,250,7.723,0.15473,0.15463,2207120.71,341282.35,758405.22,-85920755.78,0.00875,0.0,2647805.707938848,5929771.047741511,1054893.7723870755
POL-2020287,Hedge Fund,National,2024,857319,0,0.0,0.0,0.0,6.401917196727186,0.6695,18.484848484848484,0.0,5,0.035,0.24305,0.24289,1362098.22,330835.81,735190.7,-122128.3,0.85755,0.0,2181554.6305976706,3853061.2565149833,927843.7628257491
POL-2020288,Community Bank,Southwest,2023,28652,0,0.0,0.0,0.0,4.407938016458383,0.724,14.50980392156863,0.0,1,0.025,0.12596,0.12587,342384.96,43096.79,95770.64,67118.64,3.34255,0.0,345655.4080277651,786886.5923229386,135114.96961614693
POL-2020289,Regional Bank,Midwest,2020,475836,0,0.0,0.0,0.0,6.568779912142806,0.60025,13.428571428571429,0.6931471805599453,2,0.041,0.31743,0.31721,198220.4,62878.48,139729.95,-336106.05,0.29365,0.0,374727.9407299413,715669.247390141,175513.41236950707
POL-2020290,Fintech-Payments,Northeast,2020,232091,0,0.0,0.0,0.0,6.181878273799273,0.6015,16.666666666666664,0.0,1,0.025,0.22687,0.22671,369828.89,83844.5,186321.12,-45769.88,0.80279,0.0,518303.90277915815,1000000.0,236321.12
POL-2020291,Community Bank,National,2024,178407,0,0.0,0.0,0.0,4.757891273005756,0.8375,4.615384615384616,0.0,15,0.306,0.1541,0.154,3893400.4,599577.14,1332393.64,1153986.64,7.46828,0.0,5368775.784914671,11086086.675088713,1886697.9737544355
POL-2020292,Community Bank,Southwest,2024,19633,0,0.0,0.0,0.0,3.822098297900159,0.918,12.926829268292684,0.0,2,0.033,0.12173,0.12165,703132.06,85533.53,190074.51,170441.51,9.68138,0.0,789059.3546892918,1951136.890488598,287631.3545244299
POL-2020293,Credit Union,Southwest,2021,16417,0,0.0,0.0,0.0,4.07753744390572,0.80075,8.88888888888889,0.0,1,0.025,0.1647,0.16459,183156.6,30145.94,66990.98,50573.98,4.08059,0.0,253372.3778175766,505122.5702538878,92247.1085126944
POL-2020294,Broker-Dealer,Midwest,2021,4262567,0,0.0,0.0,0.0,7.567552479860528,0.7132500000000002,3.488372093023256,0.6931471805599453,15,0.535,0.1171,0.11702,3698762.43,432811.4,961803.11,-3300763.89,0.22564,0.0,3371721.6593638663,9966638.31516249,1460135.0257581244
POL-2020295,Community Bank,National,2022,243350,0,0.0,0.0,0.0,4.804840381116659,0.7895,56.45161290322581,0.0,25,0.335,0.12289,0.12281,956415.11,117457.15,261015.9,17665.9,1.07259,0.0,1043609.5140339391,2547242.8175786845,388378.0408789342
POL-2020296,Asset Manager,Midwest,2022,6465223,0,0.0,0.0,0.0,8.329247850751992,0.7322500000000001,6.956521739130434,0.0,10,0.294,0.17485,0.17474,2970149.05,518989.03,1153308.96,-5311914.04,0.17839,0.0,4292816.547355815,8910191.915335104,1598818.5557667552
POL-2020297,National Bank,National,2022,108508395,0,0.0,0.0,0.0,10.40436889543065,0.73675,10.526315789473683,0.0,25,1.036,0.19708,0.19694,2516592.28,495618.37,1101374.16,-107407020.84,0.01015,0.0,3039401.103027499,5735696.710249675,1388158.9955124836
POL-2020298,Community Bank,Northeast,2023,1340333,0,0.0,0.0,0.0,5.43197375136071,0.7855000000000001,7.435897435897436,0.0,100,3.949,0.12576,0.12568,558267.09,70160.47,155912.14,-1184420.86,0.11632,0.0,526582.6750314264,1428670.614035151,227345.67070175757
POL-2020299,Credit Union,Midwest,2022,20479,1,1.0,319153.0,44826.0,4.191168746857641,0.7712500000000001,6.521739130434782,0.0,1,0.049,0.16395,0.16384,444526.21,72830.48,161845.52,141366.52,7.903,15.5844,657357.0460730426,1000000.0,211845.52
POL-2020300,Community Bank,Midwest,2024,10300,0,0.0,0.0,0.0,3.370738174177447,0.83,19.18918918918919,0.0,1,0.025,0.14276,0.14266,757291.68,108035.15,240078.12,229778.12,23.30855,0.0,1000000.0,1000000.0,290078.12
POL-2020301,Regional Bank,Southwest,2021,1761562,0,0.0,0.0,0.0,6.5297107664499645,0.62675,4.11764705882353,0.6931471805599453,25,0.779,0.17538,0.17526,1682893.85,294945.44,655434.3,-1106127.7,0.37208,0.0,2519908.057485005,5128999.738839336,911884.2869419669
POL-2020302,Fintech-Payments,Northeast,2024,392499,0,0.0,0.0,0.0,6.674813885187817,0.617,6.774193548387097,0.0,1,0.029,0.1706,0.17048,385528.49,65725.56,146056.8,-246442.2,0.37212,0.0,491306.2431526909,990206.1349642532,195567.10674821265
POL-2020303,Insurance Carrier,National,2020,3621404,1,1.0,37263.0,21467.0,7.370041707083466,0.85325,28.421052631578945,0.0,25,1.057,0.19486,0.19473,2517478.89,490232.34,1089405.2,-2531998.8,0.30082,0.01029,3911761.770952936,7784199.719410238,1478615.1859705118
POL-2020304,Community Bank,Northeast,2023,96310,0,0.0,0.0,0.0,3.8815637979434374,0.6375,1.4285714285714284,0.0,15,0.467,0.16773,0.16762,1348171.38,225974.86,502166.35,405856.35,5.21406,0.0,1390631.792500606,3669140.4824421424,685623.3741221072
POL-2020305,Asset Manager,West,2020,1935133,0,0.0,0.0,0.0,7.303439375235196,0.6755,8.4375,0.6931471805599453,10,0.221,0.2712,0.27102,879466.73,238352.11,529671.34,-1405461.66,0.27371,0.0,1403362.2655829813,2403481.2908028467,649845.4045401423
POL-2020306,Community Bank,Midwest,2022,155833,0,0.0,0.0,0.0,5.040841136153322,0.7144999999999999,12.63157894736842,0.0,5,0.15,0.20408,0.20394,1003814.58,204720.37,454934.15,299101.15,2.91937,0.0,1401388.3936598436,2848485.846033666,597358.4423016834
POL-2020307,Regional Bank,Southwest,2024,609642,0,0.0,0.0,0.0,7.112164432240096,0.854,10.571428571428571,0.0,2,0.027,0.15357,0.15346,946653.45,145276.18,322835.96,-286806.04,0.52955,0.0,1170281.9976828466,2000000.0,422835.96
POL-2020308,Fintech-Payments,Northeast,2023,365893,1,1.0,177707.0,16203.0,5.652489180268651,0.8502500000000001,0.8571428571428571,0.0,5,0.112,0.14446,0.14436,387908.69,55997.6,124439.12,-241453.88,0.3401,0.48568,451442.3070999424,1010094.6801149559,174943.8540057478
POL-2020309,Insurance Carrier,Southeast,2024,10263050,0,0.0,0.0,0.0,8.135259045834438,0.71275,9.5,0.0,25,0.762,0.15979,0.15968,3155551.23,503884.93,1119744.28,-9143305.72,0.1091,0.0,3811232.0804997324,7074062.890442346,1473447.4245221172
POL-2020310,National Bank,Southwest,2020,42345981,0,0.0,0.0,0.0,8.921057018157429,0.9442499999999999,14.69387755102041,0.0,50,1.056,0.09638,0.09631,2549339.34,245532.97,545628.82,-41800352.18,0.01289,0.0,1464425.5639228341,4714229.9632316325,781340.3181615816
POL-2020311,Regional Bank,Southeast,2020,244541,0,0.0,0.0,0.0,6.517375808292013,0.71075,5.952380952380953,0.0,1,0.038,0.13891,0.13882,1239943.67,172126.56,382503.47,137962.47,1.56417,0.0,1000000.0,1022046.3634143065,433605.7881707153
POL-2020312,Broker-Dealer,Northeast,2024,2336259,0,0.0,0.0,0.0,6.025141073467366,0.6070000000000001,12.142857142857142,0.6931471805599453,50,2.01,0.1498,0.1497,317855.92,47581.58,105736.84,-2230522.16,0.04526,0.0,348410.5911337666,705292.7827439246,141001.47913719623
POL-2020313,Regional Bank,Southeast,2022,8316433,0,0.0,0.0,0.0,7.097217943927458,0.82425,10.789473684210526,0.6931471805599453,100,4.119,0.18168,0.18156,3640999.06,661053.23,1469007.18,-6847425.82,0.17664,0.0,4740361.395245556,10656558.30357125,2001835.0951785624
POL-2020314,Regional Bank,Midwest,2023,73282,0,0.0,0.0,0.0,4.960744524482791,0.7247500000000001,28.13953488372093,0.0,2,0.025,0.19482,0.19469,912174.83,177587.32,394638.5,321356.5,5.3852,0.0,1441064.4592330148,2000000.0,494638.5
POL-2020315,Broker-Dealer,Midwest,2021,472320,0,0.0,0.0,0.0,5.5254529391317835,0.8842500000000001,3.076923076923077,0.6931471805599453,10,0.299,0.10021,0.10014,2377092.47,238051.21,529002.69,56682.69,1.12001,0.0,1469186.9865763583,4195885.236936607,738796.9518468303
POL-2020316,Fintech-Lending,Northeast,2024,12749118,0,0.0,0.0,0.0,6.426002902701853,0.60425,145.625,0.6931471805599453,500,5.497,0.23508,0.23492,603390.66,141749.02,314997.82,-12434120.18,0.02471,0.0,996666.091958938,1831818.2402946607,406588.732014733
POL-2020317,Hedge Fund,Northeast,2023,614010,0,0.0,0.0,0.0,5.740435792304236,0.76225,10.909090909090908,0.0,10,0.128,0.21379,0.21364,394120.83,84200.81,187112.91,-426897.09,0.30474,0.0,641616.0409656654,1069488.2475046432,240587.32237523218
POL-2020318,Fintech-Payments,Midwest,2022,9940426,0,0.0,0.0,0.0,5.991464547107982,0.44525000000000003,27.857142857142854,0.0,500,22.54,0.26943,0.26925,4091275.94,1101575.21,2447944.91,-7492481.09,0.24626,0.0,6404898.243035843,12184176.850251285,3057153.7525125644
POL-2020319,Regional Bank,Southeast,2021,1080441,0,0.0,0.0,0.0,5.978125982668802,0.5395000000000001,7.0,0.0,25,0.75,0.23037,0.23021,3379553.29,778013.9,1728919.79,648478.79,1.6002,0.0,5597002.630197705,10361705.619328912,2247005.070966446
POL-2020320,Fintech-Lending,National,2021,335079,0,0.0,0.0,0.0,5.418320158942733,0.6104999999999999,6.486486486486486,1.0986122886681098,5,0.028,0.18545,0.18532,3215667.8,595929.81,1324288.46,989209.46,3.95217,0.0,4623433.366443561,5217235.052609291,1585150.2126304645
POL-2020321,Insurance Carrier,Southwest,2024,4955848,1,1.0,520873.0,27887.0,8.178694903738998,0.8315,6.75,0.0,10,0.165,0.11897,0.11888,3613739.03,429614.53,954698.95,-4001149.05,0.19264,0.1051,2974415.7477748273,7925676.017421291,1350982.7508710646
POL-2020322,Regional Bank,Northeast,2021,410836,1,1.0,67555.0,15366.0,6.922052583682961,0.8285000000000001,7.1875,0.0,1,0.049,0.14717,0.14707,1006979.74,148097.01,329104.46,-81731.54,0.80106,0.16443,1000000.0,1000000.0,379104.46
POL-2020323,Insurance Carrier,Northeast,2022,2139271,0,0.0,0.0,0.0,8.309455360251876,0.45525000000000004,23.928571428571427,0.0,2,0.062,0.27459,0.27441,894652.86,245499.0,545553.33,-1593717.67,0.25502,0.0,1632583.0731858816,2351311.106758767,663118.8853379383
POL-2020324,National Bank,Southeast,2023,59955892,0,0.0,0.0,0.0,9.052773864847754,0.6519999999999999,6.333333333333333,0.0,100,4.592,0.13432,0.13423,3563090.14,478265.63,1062812.52,-58893079.48,0.01773,0.0,3483570.8485037647,7121500.003249317,1418887.520162466
POL-2020325,Broker-Dealer,West,2021,1422382,0,0.0,0.0,0.0,6.290642784698189,0.559,16.956521739130434,0.0,15,0.279,0.17031,0.17019,676948.59,115212.94,256028.75,-1166353.25,0.18,0.0,817860.8621621552,1847300.5754815256,348393.77877407626
POL-2020326,Community Bank,West,2021,835157,0,0.0,0.0,0.0,5.093750200806762,0.7052500000000002,48.5,0.0,100,1.04,0.2016,0.20146,357912.39,72104.4,160232.0,-674925.0,0.19186,0.0,460406.1005314188,1047288.5314383126,212596.42657191562
POL-2020327,Credit Union,Southwest,2021,24961,0,0.0,0.0,0.0,4.021773869387265,0.77375,18.333333333333332,0.0,2,0.071,0.14664,0.14654,237661.43,34827.47,77394.39,52433.39,3.10061,0.0,237856.9589855208,698543.4355128597,112321.56177564299
POL-2020328,Custodian Bank,Northeast,2021,36680151,0,0.0,0.0,0.0,8.66345569839449,0.8605000000000002,10.232558139534884,0.6931471805599453,100,2.8,0.11037,0.1103,68240.85,7526.92,16726.49,-36663424.51,0.00046,0.0,68576.78843126004,176436.93551261708,25548.336775630858
POL-2020329,Community Bank,National,2020,19922,0,0.0,0.0,0.0,4.231203744939298,0.5475,29.615384615384613,0.0,1,0.045,0.25388,0.2537,173099.49,43915.81,97590.69,77668.69,4.89864,0.0,281248.4554552122,542405.9176953236,124710.98588476618
POL-2020330,National Bank,Southwest,2024,93925008,0,0.0,0.0,0.0,9.91787357569883,0.84075,9.761904761904763,0.0,50,2.446,0.12917,0.12908,2292500.3,295910.31,657578.47,-93267429.53,0.007,0.0,2181577.1740249307,5410348.790969504,928095.9095484752
POL-2020331,Credit Union,Southeast,2020,267980,0,0.0,0.0,0.0,4.399375273008495,0.817,4.081632653061225,0.0,50,1.59,0.11544,0.11536,755664.04,87170.53,193712.28,-74267.72,0.72286,0.0,718964.4452838112,1802916.6292672073,283858.1114633604
POL-2020332,Regional Bank,National,2024,1347419,0,0.0,0.0,0.0,6.501740019568492,0.61025,21.379310344827587,1.0986122886681098,15,0.292,0.27396,0.27377,2162715.11,592085.48,1315745.52,-31673.48,0.97649,0.0,3197132.759887579,6688442.280148924,1650167.6340074462
POL-2020333,Regional Bank,National,2021,1324418,1,1.0,1923956.0,1232800.0,6.540741357248225,0.8252500000000002,1.25,0.0,15,0.702,0.12543,0.12534,2077219.09,260367.35,578594.11,-745823.89,0.43687,1.45268,2325889.3619040013,5012632.328646275,829225.7264323138
POL-2020334,Hedge Fund,National,2023,370044,0,0.0,0.0,0.0,5.69608626802173,0.9462499999999999,7.446808510638299,0.0,5,0.206,0.15751,0.1574,1077081.55,169534.73,376743.85,6699.85,1.01811,0.0,1237861.1016378393,2465540.7333049383,500020.8866652469
POL-2020335,Community Bank,Southwest,2022,241884,0,0.0,0.0,0.0,4.509760001183433,0.6075,5.357142857142857,0.0,25,1.241,0.11824,0.11815,380769.56,44989.81,99977.35,-141906.65,0.41333,0.0,371943.782752287,915274.6820371593,145741.08410185797
POL-2020336,Broker-Dealer,Northeast,2023,1543084,1,1.0,2054050.0,473233.0,5.925591802957274,0.7672500000000001,2.6666666666666665,0.0,50,0.776,0.10232,0.10225,3763738.14,384852.91,855228.68,-687855.32,0.55423,1.33113,3862298.935815191,9033899.776235359,1306923.668811768
POL-2020337,Fintech-Lending,Northeast,2024,435857,0,0.0,0.0,0.0,4.930870325627393,0.6799999999999999,3.888888888888889,0.0,25,1.198,0.13367,0.13358,831323.72,111044.47,246765.49,-189091.51,0.56616,0.0,975078.629966518,2246984.277145742,359114.70385728707
POL-2020338,Investment Bank,West,2024,93120353,1,1.0,640377.0,208175.0,8.899485198557949,0.7607499999999999,15.294117647058824,1.0986122886681098,250,7.377,0.14311,0.14301,4789521.63,684969.51,1522154.47,-91598198.53,0.01635,0.00688,5897032.834767968,10772599.817615444,2060784.4608807722
POL-2020339,Community Bank,Northeast,2023,69995,0,0.0,0.0,0.0,3.9852734671677386,0.6125,4.8,0.6931471805599453,10,0.18,0.17714,0.17702,230344.67,40775.7,90612.67,20617.67,1.29456,0.0,337414.28801081836,622336.2460714383,121729.48230357192
POL-2020340,Custodian Bank,Southwest,2021,3834302,0,0.0,0.0,0.0,8.267705664762426,0.8370000000000001,4.7368421052631575,0.0,5,0.148,0.07898,0.07893,185439.35,14636.51,32525.59,-3801776.41,0.00848,0.0,106673.00835360574,420226.63222607714,53536.92161130386
POL-2020341,Credit Union,West,2020,81764,1,1.0,13796.0,0.0,4.192680462942962,0.7217499999999999,11.38888888888889,0.6931471805599453,10,0.492,0.24532,0.24515,229959.08,56373.99,125275.52,43511.52,1.53216,0.16873,368943.11317524005,634224.3677646037,156986.73838823018
POL-2020342,Regional Bank,Southwest,2024,2687000,1,1.0,3353255.0,779963.0,6.967626676019528,0.76825,4.814814814814815,0.0,25,0.84,0.16588,0.16576,1176382.82,195002.82,433339.59,-2253660.41,0.16127,1.24795,1350862.5670060802,3111527.757874163,588915.9778937082
POL-2020343,Credit Union,Midwest,2020,99714,0,0.0,0.0,0.0,3.8543938925915096,0.5885,28.0,0.0,25,0.908,0.22496,0.22481,619634.12,139298.12,309551.38,209837.38,3.10439,0.0,835257.9635693294,1888811.2135888766,403991.9406794438
POL-2020344,Community Bank,Midwest,2023,57282,1,1.0,850970.0,124242.0,3.711130063048756,0.65675,24.848484848484848,0.0,10,0.075,0.17367,0.17355,302534.55,52506.21,116680.46,59398.46,2.03695,14.8558,437330.68532451335,910645.963679137,162212.75818395684
POL-2020345,Investment Bank,Midwest,2023,4571393,0,0.0,0.0,0.0,8.479200523906142,0.51175,13.5,0.0,2,0.025,0.24977,0.2496,1640532.34,409475.69,909945.99,-3661447.01,0.19905,0.0,2000000.0,2490446.7567991475,1034468.3278399573
POL-2020346,Community Bank,Southeast,2023,32204,0,0.0,0.0,0.0,4.455509411433685,0.7042499999999999,27.89473684210526,1.0986122886681098,1,0.025,0.16308,0.16297,966187.53,157456.31,349902.91,317698.91,10.8652,0.0,1000000.0,1000000.0,399902.91
POL-2020347,Insurance Carrier,Southwest,2024,1639332,0,0.0,0.0,0.0,7.941651252930556,0.5820000000000001,11.538461538461538,0.6931471805599453,2,0.05,0.23174,0.23158,507205.04,117458.27,261018.39,-1378313.61,0.15922,0.0,827476.8645009195,1858818.508683232,353959.31543416163
POL-2020348,Fintech-Payments,Southwest,2024,209712,0,0.0,0.0,0.0,4.822697998516666,0.769,22.307692307692307,0.0,5,0.206,0.13939,0.1393,509524.23,70974.21,157720.47,-51991.53,0.75208,0.0,523866.5640802594,1375811.0434510356,226511.02217255178
POL-2020349,Hedge Fund,Southwest,2021,469557,1,1.0,118787.0,19094.0,6.532916364415733,0.34225,7.2,0.6931471805599453,2,0.059,0.30221,0.302,308688.84,93225.05,207166.78,-262390.22,0.4412,0.25298,574460.5944168709,1016349.1177540806,257984.23588770404
POL-2020350,Community Bank,National,2023,25222,0,0.0,0.0,0.0,2.856470206220483,0.8590000000000001,16.666666666666668,0.6931471805599453,15,0.377,0.16419,0.16408,359804.56,59037.45,131194.33,105972.33,5.20158,0.0,428840.44368033076,866522.4004837477,174520.4500241874
POL-2020351,Community Bank,Midwest,2023,185896,0,0.0,0.0,0.0,5.271973391208435,0.9137500000000002,10.465116279069768,0.0,5,0.102,0.14407,0.14397,753925.1,108544.33,241209.61,55313.61,1.29755,0.0,744071.241402154,1777894.6770633294,330104.34385316644
POL-2020352,Community Bank,National,2024,37801,0,0.0,0.0,0.0,4.310799125385514,0.8080000000000002,11.794871794871796,0.6931471805599453,2,0.026,0.20576,0.20562,691508.28,142185.0,315966.66,278165.66,8.35869,0.0,1038729.9552970543,2000000.0,415966.66
POL-2020353,Fintech-Lending,Northeast,2020,216624,0,0.0,0.0,0.0,4.2456340097683265,0.7842500000000001,5.882352941176471,0.0,15,0.56,0.12095,0.12086,367808.95,44454.43,98787.61,-117836.39,0.45603,0.0,317035.7973570458,747328.6128134235,136154.04064067118
POL-2020354,Community Bank,Midwest,2022,658049,0,0.0,0.0,0.0,5.1298987149230735,0.8717500000000001,2.2222222222222223,0.0,50,2.432,0.13077,0.13068,1109333.05,144966.41,322147.58,-335901.42,0.48955,0.0,1025754.3119960458,2516662.550052339,447980.707502617
POL-2020355,Broker-Dealer,West,2024,3130735,0,0.0,0.0,0.0,7.546076617258303,0.548,29.333333333333332,1.0986122886681098,10,0.284,0.23327,0.23311,5644385.0,1315773.56,2923941.25,-206793.75,0.93395,0.0,8821773.419833692,11732008.98484771,3510541.6992423856
POL-2020356,Asset Manager,National,2022,1411606,0,0.0,0.0,0.0,7.247579035836864,0.76825,34.166666666666664,0.0,5,0.033,0.13866,0.13857,3300830.74,457384.8,1016410.67,-395195.33,0.72004,0.0,3735232.8282196033,5000000.0,1266410.67
POL-2020357,Community Bank,National,2020,96641,1,1.0,28509.0,18591.0,3.914021008090819,0.5347500000000001,12.222222222222221,0.0,15,0.147,0.2712,0.27102,496851.99,134655.19,299233.75,202592.75,3.09634,0.295,943263.6171786241,1714350.7950778063,384951.2897538903
POL-2020358,Investment Bank,Southeast,2023,61088394,0,0.0,0.0,0.0,9.314970621054266,0.749,81.30434782608695,0.0,50,0.84,0.1656,0.16548,5450976.21,902039.64,2004532.53,-59083861.47,0.03281,0.0,5462963.2975801565,12379391.600742789,2623502.1100371396
POL-2020359,Credit Union,National,2022,211828,0,0.0,0.0,0.0,4.401829261970061,0.97975,23.137254901960787,0.6931471805599453,25,1.212,0.13664,0.13654,191588.57,26160.03,58133.4,-153694.6,0.27444,0.0,169197.06789170846,381725.7321282876,77219.68660641438
POL-2020360,Insurance Carrier,Southeast,2024,17328879,0,0.0,0.0,0.0,8.369458551381651,0.6315,23.79310344827586,0.0,50,0.377,0.16624,0.16613,10710632.06,1779312.67,3954028.16,-13374850.84,0.22818,0.0,10710308.660182603,26384013.62564001,5273228.841282001
POL-2020361,Investment Bank,National,2022,65433023,0,0.0,0.0,0.0,8.54593612694845,0.611,9.72972972972973,0.6931471805599453,250,8.036,0.3159,0.31568,5207289.31,1643845.73,3652990.51,-61780032.49,0.05583,0.0,10466954.151054703,18910352.582787693,4598508.139139384
POL-2020362,Fintech-Lending,Midwest,2024,632753,1,1.0,58490.0,1118.0,5.511410582008745,0.6460000000000001,13.57142857142857,0.0,15,0.164,0.20029,0.20016,1398131.44,279845.8,621879.56,-10873.44,0.98282,0.09244,1909993.032600226,3366484.682593267,790203.7941296634
POL-2020363,Regional Bank,Southeast,2021,8846692,0,0.0,0.0,0.0,6.788633848074274,0.9230000000000002,5.217391304347826,0.0,250,1.704,0.10515,0.10508,2808588.29,295125.82,655835.15,-8190856.85,0.07413,0.0,2607947.9213947635,6420156.201412615,976842.9600706308
POL-2020364,Broker-Dealer,Southeast,2021,357960,0,0.0,0.0,0.0,6.527372951241436,0.8252499999999999,19.11764705882353,1.0986122886681098,1,0.042,0.10255,0.10248,5392662.36,552660.57,1228134.59,870174.59,3.43093,0.0,1000000.0,1000000.0,1278134.59
POL-2020365,Fintech-Payments,Southwest,2020,776707,0,0.0,0.0,0.0,6.296188085414615,0.5597500000000001,19.62962962962963,0.0,5,0.087,0.19383,0.1937,976721.03,189190.22,420422.71,-356284.29,0.54129,0.0,1465049.1041510003,3059587.5473542092,573402.0873677104
POL-2020366,Regional Bank,West,2021,9022570,0,0.0,0.0,0.0,7.177706077403603,0.8255000000000001,16.07843137254902,0.0,100,2.455,0.13741,0.13732,1811998.72,248817.62,552928.04,-8469641.96,0.06128,0.0,1902751.2550332486,4672733.088256569,786564.6944128284
POL-2020367,Community Bank,Southeast,2022,33165,0,0.0,0.0,0.0,4.276666119016055,0.82725,4.761904761904763,0.6931471805599453,2,0.053,0.09292,0.09285,597426.79,55472.98,123273.3,90108.3,3.71697,0.0,510115.25668133073,1177211.9957427145,182133.8997871357
POL-2020368,Insurance Carrier,Midwest,2024,2925224,0,0.0,0.0,0.0,7.913594167497892,0.7832500000000001,11.212121212121211,0.0,5,0.181,0.1804,0.18028,1154026.25,208042.44,462316.53,-2462907.47,0.15804,0.0,1437271.8276842579,3417267.1872418844,633179.8893620942
POL-2020369,Credit Union,Southeast,2023,43858,0,0.0,0.0,0.0,4.498697941477575,0.764,5.483870967741935,0.6931471805599453,2,0.051,0.13083,0.13074,354667.73,46369.34,103042.97,59184.97,2.34947,0.0,371799.43792658165,916192.0416056317,148852.5720802816
POL-2020370,National Bank,Northeast,2020,23478955,0,0.0,0.0,0.0,8.78647195706609,0.9245,5.531914893617022,0.0,25,0.653,0.08808,0.08802,2105077.64,185287.22,411749.37,-23067205.63,0.01754,0.0,713849.7254220868,4614803.189265356,642489.5294632679
POL-2020371,Insurance Carrier,Southwest,2023,2845749,0,0.0,0.0,0.0,8.335167590822925,0.7545,33.57142857142858,0.0,2,0.041,0.11724,0.11716,445673.63,52216.38,116036.4,-2729712.6,0.04078,0.0,467831.51589965716,982403.5952621679,165156.5797631084
POL-2020372,Regional Bank,West,2023,1140907,0,0.0,0.0,0.0,6.392586905782009,0.84175,8.823529411764707,1.0986122886681098,15,0.484,0.13671,0.13662,631650.12,86294.83,191766.29,-949140.71,0.16808,0.0,540833.2002225063,1068796.6060279754,245206.1203013988
POL-2020373,Asset Manager,West,2024,726640,0,0.0,0.0,0.0,7.203256700486049,0.69675,15.294117647058824,0.0,2,0.097,0.18407,0.18395,648967.35,119376.66,265281.47,-461358.53,0.36508,0.0,755573.6651099278,1392586.7332411131,334910.80666205566
POL-2020374,Custodian Bank,West,2022,4520083,0,0.0,0.0,0.0,8.488176242345745,0.8405,7.027027027027026,0.6931471805599453,5,0.14,0.12373,0.12365,145796.24,18027.36,40060.8,-4480022.2,0.00886,0.0,130686.9680378485,288289.14414972556,54475.257207486284
POL-2020375,Community Bank,Southeast,2020,265360,0,0.0,0.0,0.0,4.389498649512583,0.53575,46.470588235294116,0.0,50,0.282,0.24052,0.24035,2774056.06,666753.91,1481675.36,1216315.36,5.58364,0.0,4250588.376887733,9710559.635578133,1967203.3417789068
POL-2020376,Credit Union,Northeast,2021,55125,0,0.0,0.0,0.0,4.269697449699962,0.26875,19.473684210526315,0.0,5,0.161,0.3044,0.30419,26824.42,8159.71,18132.7,-36992.3,0.32894,0.0,51494.14819909042,110190.47022514259,23642.22351125713
POL-2020377,National Bank,Southeast,2022,32333270,0,0.0,0.0,0.0,9.195916851310459,0.637,32.35294117647059,0.0,25,1.018,0.15853,0.15842,1225919.48,194211.35,431580.77,-31901689.23,0.01335,0.0,1827468.0196484285,3364830.6704193475,599822.3035209674
POL-2020378,Credit Union,Midwest,2022,199677,0,0.0,0.0,0.0,5.5801071132949795,0.62575,15.0,0.0,5,0.219,0.18017,0.18005,220637.59,39725.03,88277.85,-111399.15,0.4421,0.0,262940.0364637923,512178.4807018114,113886.77403509058
POL-2020379,Community Bank,National,2023,72810,0,0.0,0.0,0.0,3.8394523125933104,0.70075,14.166666666666666,0.6931471805599453,10,0.485,0.21123,0.21109,113815.69,24025.03,53388.96,-19421.04,0.73326,0.0,144159.51306723163,286106.6723503249,67694.29361751625
POL-2020380,Regional Bank,West,2021,722755,0,0.0,0.0,0.0,5.2574953720277815,0.719,10.0,0.0,50,1.045,0.24292,0.24275,1296481.78,314720.02,699377.82,-23377.18,0.96766,0.0,2166695.3245439827,3875688.6095359693,893162.2504767984
POL-2020381,National Bank,Southwest,2020,23295736,0,0.0,0.0,0.0,8.629449873761905,0.8215,22.5,0.0,50,1.616,0.10658,0.1065,1249262.29,133049.94,295666.52,-23000069.48,0.01269,0.0,1130171.8983801252,3182488.0459567104,454790.9222978356
POL-2020382,Broker-Dealer,National,2020,2990693,0,0.0,0.0,0.0,7.28495807737233,0.6312500000000001,3.214285714285714,0.0,15,0.443,0.14933,0.14923,4953883.5,739253.04,1642784.52,-1347908.48,0.5493,0.0,5437292.280687034,11220608.756810393,2203814.95784052
POL-2020383,Broker-Dealer,National,2023,221266,0,0.0,0.0,0.0,5.820082930352362,0.7805,12.82608695652174,0.0,2,0.025,0.16237,0.16226,2087416.91,338696.58,752659.08,531393.08,3.4016,0.0,2000000.0,2880382.841394548,896678.2220697274
POL-2020384,Credit Union,Southeast,2024,61052,1,2.0,396619.0,58386.0,3.6584202466292277,0.42224999999999996,8.620689655172415,0.6931471805599453,15,0.082,0.28787,0.28767,229833.66,66116.03,146924.51,85872.51,2.40655,6.49641,419189.68248092924,701024.232248771,181975.72161243856
POL-2020385,Regional Bank,Northeast,2023,193663,0,0.0,0.0,0.0,5.381278887262384,0.8250000000000001,29.02439024390244,0.0,5,0.231,0.10946,0.10938,250030.63,27349.15,60775.89,-132887.11,0.31382,0.0,208699.1340373434,518155.69290649606,86683.6746453248
POL-2020386,Fintech-Payments,Northeast,2020,1578408,0,0.0,0.0,0.0,6.076724391058805,0.7992500000000001,65.80645161290322,0.0,25,0.183,0.15161,0.15151,1660219.7,251534.2,558964.89,-1019443.11,0.35413,0.0,2098006.3713392983,4865768.147979203,802253.2973989602
POL-2020387,Asset Manager,West,2020,367477,0,0.0,0.0,0.0,5.7954496631820245,0.6552500000000001,10.000000000000002,0.0,5,0.2,0.2831,0.2829,3431620.55,970816.89,2157370.86,1789893.86,5.87076,0.0,5000000.0,6674646.413888281,2491103.180694414
POL-2020388,Hedge Fund,Midwest,2023,1134884,0,0.0,0.0,0.0,5.81740873473106,0.858,3.513513513513513,0.0,25,0.217,0.12249,0.12241,2231450.94,273145.22,606989.37,-527894.63,0.53485,0.0,1790242.5434853677,4798338.244663353,846906.2822331677
POL-2020389,Insurance Carrier,Northeast,2022,1680067,0,0.0,0.0,0.0,8.106604982609303,0.6260000000000001,13.703703703703702,0.6931471805599453,2,0.052,0.23395,0.23379,627294.42,146652.99,325895.53,-1354171.47,0.19398,0.0,926335.5605124208,1697695.7462309834,410780.3173115492
POL-2020390,Fintech-Payments,Southeast,2024,1676609,0,0.0,0.0,0.0,6.270042805310292,0.75725,2.3255813953488373,1.3862943611198906,15,0.151,0.16196,0.16185,2883302.35,466649.09,1036997.99,-639611.01,0.61851,0.0,3087276.198493248,5980662.118819848,1336031.0959409925
POL-2020391,Insurance Carrier,Southeast,2020,12951161,1,1.0,1156850.0,200818.0,8.624898954829403,0.7817500000000001,26.0,0.0,25,0.853,0.15241,0.15231,2477651.68,377368.11,838595.81,-12112565.19,0.06475,0.08932,3055346.0252903085,6383872.528336409,1157789.4364168206
POL-2020392,Community Bank,Southwest,2023,590138,1,1.0,519920.0,330451.0,5.462983988103271,0.4385,3.0769230769230766,0.6931471805599453,25,1.17,0.23199,0.23183,1075695.67,249383.55,554185.66,-35952.34,0.93908,0.88101,2027891.4424173897,3533404.4511660957,730855.8825583048
POL-2020393,Asset Manager,Southwest,2024,980764,0,0.0,0.0,0.0,6.596463340891223,0.7302500000000001,8.333333333333334,0.0,10,0.192,0.21524,0.21509,2049094.35,440735.91,979413.14,-1350.86,0.99862,0.0,2760285.1886542193,5426206.986993857,1250723.4893496928
POL-2020394,Insurance Carrier,West,2021,59323626,0,0.0,0.0,0.0,8.656694230193795,0.76075,5.6818181818181825,0.0,250,4.002,0.14128,0.14118,4510622.55,636831.4,1415180.89,-57908445.11,0.02386,0.0,4600886.698119032,12699475.387773214,2050154.6593886607
POL-2020395,Insurance Carrier,Southwest,2021,19493412,0,0.0,0.0,0.0,8.179592318124204,0.6225,29.64285714285714,0.0,100,3.121,0.12455,0.12447,692881.64,86242.1,191649.1,-19301762.9,0.00983,0.0,753281.5794462449,1513459.6119796885,267322.08059898444
POL-2020396,Fintech-Lending,National,2024,941575,1,1.0,6647362.0,2873014.0,6.016401032398013,0.8930000000000001,21.794871794871796,0.0,15,0.26,0.1642,0.16408,6135743.63,1006776.69,2237281.54,1295706.54,2.37611,7.05983,7919399.604743485,15000000.0,2987281.54
POL-2020397,Broker-Dealer,National,2022,7568323,0,0.0,0.0,0.0,6.792119935383212,0.73075,10.000000000000002,0.0,100,4.364,0.12618,0.1261,1299199.28,163826.36,364058.58,-7204264.42,0.0481,0.0,1366316.9888727732,2965970.8798797475,512357.1239939874
POL-2020398,Community Bank,National,2020,164733,0,0.0,0.0,0.0,4.741447804280639,0.6300000000000001,4.444444444444444,0.6931471805599453,10,0.179,0.27669,0.2765,1022713.93,282782.19,628404.88,463671.88,3.81469,0.0,1974292.169228683,3693774.5239105783,813093.606195529
POL-2020399,Fintech-Payments,National,2024,865148,0,0.0,0.0,0.0,6.2136075980886085,0.7665,2.5,0.0,5,0.138,0.18604,0.18592,1585940.75,294852.97,655228.83,-209919.17,0.75736,0.0,1990213.870209513,3817976.170149231,846127.6385074615
POL-2020400,Community Bank,National,2022,10328,0,0.0,0.0,0.0,3.095577608523707,0.80725,18.333333333333332,0.0,2,0.099,0.17767,0.17755,1073262.42,190557.27,423460.6,413132.6,41.00122,0.0,1322319.9814901722,2000000.0,523460.6
POL-2020401,National Bank,National,2023,170120179,0,0.0,0.0,0.0,10.317803377242255,0.616,14.8,0.0,50,0.63,0.16583,0.16572,2667543.92,442055.13,982344.72,-169137834.28,0.00577,0.0,3224644.979151033,6398098.363981969,1302249.6381990984
POL-2020402,Fintech-Payments,Southwest,2022,176962,0,0.0,0.0,0.0,5.855358414110991,0.55925,3.0232558139534884,0.0,1,0.041,0.18373,0.1836,871543.73,160017.59,355594.64,178632.64,2.00944,0.0,1000000.0,1207026.4349034855,415945.9617451743
POL-2020403,Community Bank,West,2024,255279,0,0.0,0.0,0.0,5.063860055333554,0.5805,28.8,1.0986122886681098,15,0.499,0.20855,0.2084,679701.55,141652.71,314783.79,59504.79,1.2331,0.0,996370.3187656291,1865075.2960950637,408037.55480475316
POL-2020404,Insurance Carrier,National,2022,10609222,0,0.0,0.0,0.0,8.504715669905124,0.8027500000000001,39.99999999999999,1.0986122886681098,15,0.147,0.15399,0.15388,1573461.99,242123.72,538052.71,-10071169.29,0.05072,0.0,1636365.0171777345,3659274.474355292,721016.4337177646
POL-2020405,Insurance Carrier,Northeast,2021,5174209,0,0.0,0.0,0.0,8.281420223701886,0.7245,16.25,0.0,10,0.164,0.20715,0.20701,923378.47,191148.35,424774.12,-4749434.88,0.08209,0.0,1337999.5316677073,2442704.4302638075,546909.3415131904
POL-2020406,Community Bank,Northeast,2022,53363,0,0.0,0.0,0.0,3.770459441106359,0.7190000000000001,29.512195121951223,1.0986122886681098,10,0.42,0.15843,0.15833,610591.36,96671.98,214826.62,161463.62,4.02576,0.0,818008.202599984,1628523.8912080347,296252.8145604017
POL-2020407,Broker-Dealer,National,2022,722917,1,1.0,13542297.0,6500620.0,5.826589903917748,0.6060000000000001,16.153846153846153,0.0,10,0.49,0.17088,0.17077,2130388.87,363797.63,808439.17,85522.17,1.1183,18.73285,2666434.3754046177,5358204.03663792,1076349.371831896
POL-2020408,Asset Manager,Southeast,2024,1066921,0,0.0,0.0,0.0,6.664536563236877,0.81025,6.176470588235294,0.6931471805599453,10,0.237,0.13592,0.13583,833752.13,113246.08,251657.96,-815263.04,0.23587,0.0,1109995.1003323644,2249704.4129450102,364143.1806472505
POL-2020409,Community Bank,Northeast,2024,1971020,1,1.0,3444498.0,1807501.0,4.969813299576001,0.6604999999999999,8.23529411764706,0.0,500,6.414,0.25482,0.25464,1835259.98,467339.46,1038532.13,-932487.87,0.5269,1.74757,3170155.514966674,6169118.713741223,1346988.0656870613
POL-2020410,Broker-Dealer,Northeast,2024,2077852,0,0.0,0.0,0.0,6.815310988590857,0.7172499999999999,3.513513513513513,0.6931471805599453,15,0.673,0.1289,0.12881,1000240.87,128838.45,286307.67,-1791544.33,0.13779,0.0,1172765.384725628,2728813.1991559817,422748.32995779905
POL-2020411,Regional Bank,Southwest,2024,889568,0,0.0,0.0,0.0,5.700777965635902,0.7795,20.3921568627451,0.0,25,1.205,0.15432,0.15422,1314021.07,202643.03,450317.84,-439250.16,0.50622,0.0,1668826.4767564381,3204173.1847228073,610526.4992361404
POL-2020412,Asset Manager,Southeast,2020,4108386,1,1.0,761843.0,12318.0,7.789454566086673,0.5115,32.10526315789473,0.6931471805599453,10,0.249,0.23817,0.238,1318770.45,313873.1,697495.78,-3410890.22,0.16977,0.18544,1890314.0507411098,3723765.3525123363,883684.0476256169
POL-2020413,Regional Bank,National,2024,1271961,0,0.0,0.0,0.0,6.128178370423804,0.784,0.6122448979591837,0.0,25,0.355,0.15897,0.15886,1788546.16,284126.31,631391.79,-640569.21,0.49639,0.0,2336165.9469597377,4436665.553182991,853225.0676591496
POL-2020414,Regional Bank,West,2020,1217247,0,0.0,0.0,0.0,6.2172047242694575,0.53925,13.913043478260867,0.0,25,0.647,0.28906,0.28886,696636.8,201229.7,447177.11,-770069.89,0.36737,0.0,1243994.204508388,2031985.148038726,548776.3674019363
POL-2020415,Asset Manager,National,2023,407554,0,0.0,0.0,0.0,6.8719208259729205,0.7847500000000001,5.208333333333334,0.0,1,0.025,0.17893,0.1788,5957569.05,1065235.49,2367189.98,1959635.98,5.80829,0.0,1000000.0,2000000.0,2467189.98
POL-2020416,Regional Bank,West,2020,634656,0,0.0,0.0,0.0,6.842042735616755,0.8817500000000001,2.7906976744186047,0.6931471805599453,2,0.025,0.11967,0.11958,1454799.83,173971.13,386602.5,-248053.5,0.60915,0.0,1157136.3430419427,2000000.0,486602.5
POL-2020417,National Bank,Southwest,2020,46105511,0,0.0,0.0,0.0,9.199147970072033,0.5715,7.368421052631579,0.0,50,2.473,0.14936,0.14925,3093533.97,461721.37,1026047.49,-45079463.51,0.02225,0.0,3548018.3449567235,7009451.670810997,1376520.0735405497
POL-2020418,Community Bank,Northeast,2022,139279,0,0.0,0.0,0.0,3.6136169696133895,0.83025,8.23529411764706,0.0,50,0.266,0.14383,0.14373,573729.78,82462.94,183250.98,43971.98,1.31571,0.0,629749.6544436864,1296024.082725725,248052.18413628626
POL-2020419,Hedge Fund,National,2020,1683869,0,0.0,0.0,0.0,6.529126824827532,0.82825,26.842105263157894,1.0986122886681098,15,0.622,0.18624,0.18611,2354669.26,438228.92,973842.05,-710026.95,0.57834,0.0,3461349.4735574024,5802873.729382524,1263985.7364691263
POL-2020420,Broker-Dealer,West,2022,562385,0,0.0,0.0,0.0,6.6383059747914155,0.9945,11.568627450980394,0.0,2,0.062,0.09575,0.09569,1837273.68,175807.61,390683.58,-171701.42,0.69469,0.0,1433277.117947389,2000000.0,490683.58
POL-2020421,Broker-Dealer,Midwest,2022,1690681,0,0.0,0.0,0.0,6.583547525180906,0.864,3.888888888888889,0.0,15,0.591,0.09085,0.09079,1602794.58,145515.45,323367.67,-1367313.33,0.19126,0.0,1002823.7455400542,3109990.97468784,478867.21873439196
POL-2020422,Community Bank,West,2020,132870,0,0.0,0.0,0.0,4.477336814478207,0.8535,9.166666666666666,0.0,10,0.164,0.17412,0.17401,1338023.25,232823.77,517386.16,384516.16,3.89393,0.0,1732202.2986892862,3342425.395063313,684507.4297531657
POL-2020423,Hedge Fund,National,2022,161278,0,0.0,0.0,0.0,5.660874973644924,0.745,10.0,0.0,1,0.043,0.26134,0.26116,297183.18,77613.34,172474.09,11196.09,1.06942,0.0,518341.5265986265,880486.711304568,216498.4255652284
POL-2020424,Broker-Dealer,Northeast,2022,1834876,0,0.0,0.0,0.0,7.272398392570047,0.8810000000000001,13.333333333333336,0.0,5,0.078,0.11757,0.11749,717568.92,84305.66,187345.91,-1647530.09,0.1021,0.0,695846.4121224097,1658630.3324191426,270277.42662095715
POL-2020425,Community Bank,National,2021,82481,0,0.0,0.0,0.0,4.657762636107262,0.60425,18.333333333333332,0.0,5,0.196,0.21995,0.2198,680602.17,149597.22,332438.26,249957.26,4.03048,0.0,1136274.1409824379,2011288.5799082173,433002.68899541086
POL-2020426,Fintech-Payments,West,2024,1783772,0,0.0,0.0,0.0,6.685611228001011,0.7630000000000001,65.21739130434783,0.0,10,0.424,0.24672,0.24655,1355832.39,334277.66,742839.23,-1040932.77,0.41644,0.0,2373527.513942546,4477489.996553438,966713.7298276719
POL-2020427,Asset Manager,West,2021,313403,0,0.0,0.0,0.0,6.267390283861161,0.803,1.9354838709677418,0.6931471805599453,2,0.051,0.13307,0.13298,1847367.95,245657.7,545905.99,232502.99,1.74187,0.0,2000000.0,2000000.0,645905.99
POL-2020428,Regional Bank,Southwest,2021,145222,1,1.0,139910.0,4162.0,5.496348217047172,0.729,9.2,0.6931471805599453,2,0.04,0.20011,0.19997,205509.23,41096.29,91325.09,-53896.91,0.62887,0.96342,278401.2190801961,569604.8315328212,119805.33157664105
POL-2020429,Fintech-Lending,Northeast,2021,819651,0,0.0,0.0,0.0,6.054204576929168,0.8675,2.682926829268293,0.0,10,0.087,0.12925,0.12916,968148.12,125048.39,277885.31,-541765.69,0.33903,0.0,833932.6002177767,2169165.8413807354,386343.6020690368
POL-2020430,Community Bank,Southwest,2021,18029,1,1.0,149288.0,29221.0,3.742420221041966,0.56975,12.758620689655173,0.0,2,0.025,0.21415,0.214,374631.84,80171.79,178159.54,160130.54,9.88183,8.28044,458136.14096441795,1078698.1444500359,232094.4472225018
POL-2020431,Broker-Dealer,Midwest,2020,881700,1,1.0,4179836.0,708547.0,6.108135853911675,0.6627500000000001,91.53846153846153,0.0,15,0.127,0.16728,0.16716,4362636.11,729274.22,1620609.37,738909.37,1.83805,4.74066,5112855.476116508,12859319.26340375,2263575.3331701877
POL-2020432,Broker-Dealer,Southwest,2022,2504649,0,0.0,0.0,0.0,6.245525201056913,0.878,10.975609756097562,0.0,50,0.628,0.08494,0.08488,1266711.17,107516.8,238926.21,-2265722.79,0.09539,0.0,896163.7605609779,2821235.6605702396,379987.993028512
POL-2020433,Fintech-Lending,Southwest,2023,185278,1,1.0,386388.0,89319.0,5.929057086979365,0.7660000000000001,14.642857142857142,0.6931471805599453,1,0.025,0.22863,0.22847,257302.23,58785.49,130634.43,-54643.57,0.70507,2.08545,387094.87950160133,838863.3247081012,172577.59623540507
POL-2020434,Community Bank,National,2021,300788,0,0.0,0.0,0.0,5.909169304381152,0.6985000000000001,2.8205128205128207,0.0,5,0.063,0.17099,0.17087,1628231.22,278217.93,618262.07,317474.07,2.05547,0.0,2541999.5875064936,5000000.0,868262.07
POL-2020435,Asset Manager,Northeast,2023,1638760,0,0.0,0.0,0.0,7.064075033237091,0.6869999999999999,18.46153846153846,0.0,10,0.339,0.20258,0.20244,286089.29,57915.0,128699.99,-1510060.01,0.07853,0.0,397053.3565775396,783885.1800855926,167894.24900427964
POL-2020436,Broker-Dealer,West,2020,152332,1,2.0,149238.0,3825.0,5.832468815617524,0.7315,7.916666666666667,0.6931471805599453,1,0.025,0.14078,0.14068,1235742.28,173843.1,386318.0,233986.0,2.53603,0.97969,1000000.0,1000889.807876239,436362.49039381195
POL-2020437,Regional Bank,Southwest,2022,535319,1,1.0,110375.0,30091.0,6.227721737567575,0.6692499999999999,4.482758620689656,0.6931471805599453,5,0.049,0.16889,0.16877,400261.96,67553.88,150119.73,-385199.27,0.28043,0.20619,554169.3577136865,1064491.4423360946,203344.30211680476
POL-2020438,Fintech-Payments,National,2021,518138,1,1.0,917127.0,161047.0,5.285738584341177,0.654,11.891891891891891,0.6931471805599453,10,0.452,0.35127,0.35103,904136.9,317381.94,705293.2,187155.2,1.36121,1.77004,1804510.2001369165,3106375.9967941893,860611.9998397094
POL-2020439,Regional Bank,West,2023,228971,0,0.0,0.0,0.0,6.151029116779321,0.63975,9.666666666666666,0.6931471805599453,2,0.04,0.29308,0.29288,1010567.46,295971.28,657713.95,428742.95,2.87248,0.0,2000000.0,2940549.1541708484,804741.4077085424
POL-2020440,Broker-Dealer,National,2021,1031526,0,0.0,0.0,0.0,6.397596099759307,0.7512500000000001,6.734693877551021,0.0,10,0.094,0.09634,0.09627,1454957.88,140073.84,311275.21,-720250.79,0.30176,0.0,942141.2214456871,2830205.3180214735,452785.47590107366
POL-2020441,Regional Bank,National,2023,1331006,0,0.0,0.0,0.0,7.074455454873135,0.629,7.419354838709677,0.6931471805599453,5,0.069,0.24923,0.24906,1953968.79,486650.61,1081445.81,-249560.19,0.8125,0.0,3567898.6960375602,5147020.227777437,1338796.8213888719
POL-2020442,Fintech-Payments,West,2023,2743792,0,0.0,0.0,0.0,6.596599850344714,0.8517500000000001,3.333333333333334,0.0,25,1.196,0.1084,0.10833,1770268.89,191771.0,426157.78,-2317634.22,0.15532,0.0,1468027.8934556453,2987596.8387692645,575537.6219384633
POL-2020443,Fintech-Payments,Midwest,2020,1521775,0,0.0,0.0,0.0,5.549853992363464,0.8465,6.07843137254902,0.0,50,1.11,0.11832,0.11823,1812246.85,214269.86,476155.24,-1045619.76,0.31289,0.0,1248355.2145679365,4324280.317108609,692369.2558554304
POL-2020444,Regional Bank,National,2024,298396,1,1.0,3922047.0,2590813.0,6.625127080833035,0.7735,10.74074074074074,0.0,1,0.038,0.21821,0.21806,1349770.02,294329.39,654065.31,355669.31,2.19194,13.14377,1000000.0,1463430.42346107,727236.8311730536
POL-2020445,Investment Bank,West,2024,22928332,1,1.0,524653.0,19633.0,8.473784520999216,0.71375,19.25925925925926,0.0,50,1.3,0.15213,0.15203,1220576.77,185560.08,412355.74,-22515976.26,0.01798,0.02288,1224006.312861787,2764565.9286709004,550584.036433545
POL-2020446,Fintech-Payments,Midwest,2023,1281963,0,0.0,0.0,0.0,6.274008441703639,0.6245,7.352941176470589,0.6931471805599453,10,0.161,0.19343,0.19329,2708627.81,523560.47,1163467.71,-118495.29,0.90757,0.0,3614268.634296248,6975348.357493997,1512235.1278747
POL-2020447,National Bank,Southeast,2021,345392106,0,0.0,0.0,0.0,10.074423707588414,0.5355000000000001,10.3125,0.0,250,7.654,0.17815,0.17803,1593616.48,283705.48,630456.62,-344761649.38,0.00183,0.0,2040456.024196713,4812068.280772974,871060.0340386487
POL-2020448,Fintech-Payments,Southwest,2024,697159,0,0.0,0.0,0.0,5.522260598032811,0.73075,2.0,1.0986122886681098,15,0.468,0.15491,0.1548,1551571.04,240181.68,533737.06,-163421.94,0.76559,0.0,1783976.2225360696,4631895.327265674,765331.8263632838
POL-2020449,Asset Manager,West,2024,470573,1,1.0,150368.0,0.0,7.120040086961471,0.6932499999999999,35.588235294117645,0.6931471805599453,1,0.025,0.1996,0.19946,906319.35,180775.85,401724.11,-68848.89,0.85369,0.31954,1000000.0,1632246.3612638486,483336.4280631924
POL-2020450,Investment Bank,Southeast,2024,15166611,0,0.0,0.0,0.0,7.364293657274302,0.761,11.739130434782608,0.6931471805599453,100,2.483,0.16908,0.16896,3819797.88,645397.97,1434217.7,-13732393.3,0.09456,0.0,5341424.754759305,10480777.75594448,1958256.587797224
POL-2020451,Broker-Dealer,National,2024,516841,0,0.0,0.0,0.0,7.126006884215919,0.6492500000000001,18.18181818181818,0.0,1,0.025,0.1284,0.12831,1352603.34,173554.41,385676.46,-131164.54,0.74622,0.0,1000000.0,1000000.0,435676.46
POL-2020452,Custodian Bank,West,2020,62057701,0,0.0,0.0,0.0,8.601626247391067,0.558,3.75,0.0,250,3.015,0.13762,0.13752,756414.15,104023.89,231164.2,-61826536.8,0.00372,0.0,863155.6313229305,1935924.0429664548,327960.4021483228
POL-2020453,Credit Union,West,2024,186914,1,1.0,101963.0,0.0,4.3528552573736015,0.5662499999999999,11.470588235294118,1.0986122886681098,25,0.149,0.2833,0.28311,543860.3,153971.54,342158.97,155244.97,1.83057,0.54551,878539.1465825023,1689827.2789393314,426650.33394696657
POL-2020454,Broker-Dealer,West,2021,883685,0,0.0,0.0,0.0,6.135131896920395,0.7635000000000001,10.0,1.0986122886681098,10,0.136,0.14975,0.14965,3206648.41,479861.32,1066358.48,182673.48,1.20672,0.0,3281572.7668772973,7694044.594039756,1451060.709701988
POL-2020455,Community Bank,National,2020,314729,0,0.0,0.0,0.0,4.403054001865957,0.6112500000000001,26.551724137931036,0.0,50,2.43,0.16528,0.16517,594782.67,98240.19,218311.53,-96417.47,0.69365,0.0,840072.9959543662,1523206.3716828614,294471.8485841431
POL-2020456,Insurance Carrier,Northeast,2023,57087076,0,0.0,0.0,0.0,9.582744953957857,0.58475,10.32258064516129,0.0,50,1.113,0.23989,0.23973,1851587.87,443875.62,986390.26,-56100685.74,0.01728,0.0,2615484.7342317123,5226631.469003016,1247721.833450151
POL-2020457,Custodian Bank,Midwest,2021,41147987,0,0.0,0.0,0.0,8.82213053175038,0.6795,10.882352941176471,1.0986122886681098,100,0.86,0.14256,0.14246,1494986.52,212977.63,473283.63,-40674703.37,0.0115,0.0,1511694.0424600712,3770434.34000834,661805.3470004171
POL-2020458,Fintech-Payments,Southeast,2020,1475056,0,0.0,0.0,0.0,6.310645286619134,0.7450000000000001,4.4186046511627906,0.0,10,0.377,0.14119,0.14109,6171596.22,870779.29,1935065.09,460009.09,1.31186,0.0,6129935.649842842,10000000.0,2435065.09
POL-2020459,Insurance Carrier,Southeast,2021,20331476,0,0.0,0.0,0.0,8.538073668995592,0.6769999999999999,29.41176470588235,0.0,50,2.249,0.11331,0.11323,1066506.47,120763.92,268364.28,-20063111.72,0.0132,0.0,744714.3697447773,2226531.118997064,379690.83594985324
POL-2020460,Broker-Dealer,West,2021,2431386,0,0.0,0.0,0.0,5.863347044327539,0.93725,6.521739130434783,1.0986122886681098,100,2.489,0.08595,0.08589,6918426.96,594248.82,1320552.93,-1110833.07,0.54313,0.0,4983614.717550681,15826375.51554812,2111871.7057774058
POL-2020461,Community Bank,Southwest,2024,19845,1,1.0,133327.0,28922.0,3.7773481021015445,0.6497499999999999,34.0,0.0,2,0.062,0.16649,0.16637,737463.01,122694.62,272654.71,252809.71,13.73921,6.71842,718906.5421695318,1856885.54659813,365498.98732990655
POL-2020462,Investment Bank,National,2024,39005239,0,0.0,0.0,0.0,8.884527125940593,0.65725,21.818181818181817,0.0,50,0.859,0.20693,0.20679,1890131.89,390859.56,868576.8,-38136662.2,0.02227,0.0,2154107.705812145,4372946.786707272,1087224.1393353636
POL-2020463,Broker-Dealer,Midwest,2023,720946,0,0.0,0.0,0.0,6.426002902701853,0.6575,5.0,0.0,5,0.093,0.12634,0.12625,1125454.02,142091.59,315759.08,-405186.92,0.43798,0.0,1065284.4082899021,2483982.5561571456,439958.2078078573
POL-2020464,Community Bank,Midwest,2021,14763,0,0.0,0.0,0.0,3.3603753871419,0.73375,12.413793103448276,0.0,2,0.083,0.20972,0.20958,546469.88,114527.44,254505.41,239742.41,17.23941,0.0,769046.202253632,1578748.9403872692,333442.85701936344
POL-2020465,Regional Bank,Southeast,2024,1015945,0,0.0,0.0,0.0,5.945682354452854,0.565,7.714285714285714,0.6931471805599453,25,0.543,0.13953,0.13943,1170056.48,163145.12,362544.71,-653400.29,0.35685,0.0,1331158.7350572834,2866507.4710829966,505870.08355414984
POL-2020466,Fintech-Payments,Southwest,2021,581758,1,1.0,243303.0,0.0,7.044643531044259,0.5255000000000001,47.31707317073171,0.0,1,0.025,0.2169,0.21675,434413.7,94160.53,209245.63,-372512.37,0.35968,0.41822,630991.307263419,1000532.2613242354,259272.24306621178
POL-2020467,Asset Manager,National,2022,1380210,0,0.0,0.0,0.0,7.2474366465442985,0.6145,16.896551724137932,0.0,5,0.136,0.25872,0.25854,1359176.4,351406.0,780902.21,-599307.79,0.56579,0.0,2219615.74601238,4275237.792895223,994664.0996447611
POL-2020468,Asset Manager,West,2020,1389482,0,0.0,0.0,0.0,7.286328691621986,0.6742500000000001,20.76923076923077,0.6931471805599453,5,0.082,0.19457,0.19444,1777046.75,345530.17,767844.82,-621637.18,0.55261,0.0,2450609.3859132268,4495922.290991973,992640.9345495986
POL-2020469,National Bank,Midwest,2024,61847819,0,0.0,0.0,0.0,9.508517181520606,0.63375,3.0555555555555554,0.6931471805599453,50,0.543,0.14955,0.14944,2624492.01,392212.82,871584.04,-60976234.96,0.01409,0.0,2929009.303827225,5731370.422523226,1158152.5611261614
POL-2020470,Fintech-Lending,Southeast,2023,161417,0,0.0,0.0,0.0,4.486386649998124,0.6167499999999999,15.135135135135135,0.0,10,0.295,0.22533,0.22518,1747068.81,393397.54,874216.75,712799.75,5.41589,0.0,2542590.634538582,4875497.656589154,1117991.6328294578
POL-2020471,Investment Bank,Midwest,2020,5863272,0,0.0,0.0,0.0,8.245515693106173,0.8290000000000001,6.0,0.6931471805599453,5,0.154,0.13801,0.13791,1618705.35,223240.14,496089.21,-5367182.79,0.08461,0.0,1591814.189112289,3439945.946838292,668086.5073419146
POL-2020472,Fintech-Lending,Southwest,2022,810446,0,0.0,0.0,0.0,5.8188952817567055,0.70725,11.153846153846153,0.6931471805599453,10,0.421,0.22048,0.22033,433537.19,95521.11,212269.14,-598176.86,0.26192,0.0,611142.9523883127,1218296.2947148222,273183.95473574114
POL-2020473,Insurance Carrier,Southeast,2022,3289497,0,0.0,0.0,0.0,7.576507302707361,0.8697499999999999,7.368421052631579,0.0,15,0.303,0.09787,0.0978,3412049.64,333692.94,741539.87,-2547957.13,0.22543,0.0,2516630.9039448025,7673500.01602073,1125214.8708010365
POL-2020474,Fintech-Lending,Northeast,2024,1772731,0,0.0,0.0,0.0,6.01028630134857,0.8017500000000001,2.903225806451613,0.0,25,0.662,0.10887,0.1088,1407749.81,153156.99,340348.87,-1432382.13,0.19199,0.0,1222971.324874807,3039187.124978961,492308.226248948
POL-2020475,Broker-Dealer,Southeast,2023,537080,0,0.0,0.0,0.0,6.716110394727298,0.87325,6.5,0.6931471805599453,2,0.1,0.08965,0.08959,1030067.57,92280.91,205068.68,-332011.32,0.38182,0.0,562003.618179962,2000000.0,305068.68
POL-2020476,Regional Bank,West,2022,903530,1,1.0,722912.0,387436.0,6.300235184389629,0.3065,10.4,1.0986122886681098,10,0.179,0.30412,0.30391,285855.83,86875.81,193057.35,-710472.65,0.21367,0.8001,480809.1759844124,865471.978740111,236330.94893700557
POL-2020477,Community Bank,West,2024,283664,1,1.0,264561.0,51085.0,5.120983351265121,0.801,2.3333333333333335,0.0,15,0.28,0.17667,0.17654,1352479.1,238773.16,530607.02,246943.02,1.87055,0.93266,2092389.9461352183,4296035.882489687,745408.8141244843
POL-2020478,Asset Manager,Northeast,2020,851849,0,0.0,0.0,0.0,6.655826376236174,0.5980000000000001,10.869565217391303,0.0,5,0.129,0.17585,0.17573,555736.96,97660.47,217023.28,-634825.72,0.25477,0.0,853363.6821066572,1726770.86043486,303361.823021743
POL-2020479,Regional Bank,Southwest,2022,272557,0,0.0,0.0,0.0,6.4105037752432645,0.6172500000000001,58.0,0.6931471805599453,1,0.028,0.24202,0.24185,451782.76,109264.82,242810.71,-29746.29,0.89086,0.0,728173.0826276994,1000000.0,292810.70999999996
POL-2020480,Hedge Fund,Southeast,2020,583671,1,1.0,17839.0,3236.0,6.768378262513495,0.756,11.0,0.0,2,0.091,0.20562,0.20548,372140.6,76465.87,169924.17,-413746.83,0.29113,0.03056,493925.3639202065,1022858.7884309391,221067.10942154698
POL-2020481,Regional Bank,Midwest,2021,886479,0,0.0,0.0,0.0,5.673323267171493,0.7995,13.703703703703702,1.0986122886681098,25,0.38,0.15117,0.15107,3529513.38,533189.43,1184865.41,298386.41,1.3366,0.0,3917272.427533902,8004122.126692214,1585071.5163346105
POL-2020482,Fintech-Lending,West,2021,174222,0,0.0,0.0,0.0,5.479388141440339,0.7075,10.24390243902439,0.0,2,0.045,0.26948,0.2693,1230290.58,331312.75,736250.55,562028.55,4.22593,0.0,2000000.0,2439852.242980538,858243.162149027
POL-2020483,Community Bank,Southeast,2020,307113,1,1.0,1557713.0,574277.0,4.120661870539474,0.60975,8.75,0.0,100,3.959,0.23075,0.23059,2489921.0,574161.94,1275915.43,968802.43,4.15455,5.07212,3948126.3077297984,7108962.433440117,1631363.5516720058
POL-2020484,Insurance Carrier,Midwest,2021,924598,0,0.0,0.0,0.0,7.821723315486647,0.5562500000000001,14.285714285714285,0.0,1,0.047,0.20145,0.20131,603063.58,121405.52,269790.04,-654807.96,0.29179,0.0,821464.5441487768,1000000.0,319790.04
POL-2020485,Custodian Bank,Northeast,2023,30149173,0,0.0,0.0,0.0,9.33986750825632,0.7527499999999999,5.806451612903226,0.0,25,1.083,0.11072,0.11064,317730.0,35154.79,78121.75,-30071051.25,0.00259,0.0,339328.4503437976,808197.4520041066,118531.62260020533
POL-2020486,Community Bank,Southwest,2022,27506,0,0.0,0.0,0.0,4.552823705615882,0.66925,30.96774193548387,0.0,1,0.033,0.16957,0.16946,310572.17,52628.52,116952.28,89446.28,4.25188,0.0,360892.4291082713,812422.725545791,157573.41627728957
POL-2020487,Community Bank,Southwest,2020,789385,0,0.0,0.0,0.0,4.341204640153626,0.621,20.88235294117647,0.6931471805599453,250,4.819,0.20452,0.20438,754667.92,154237.55,342750.1,-446634.9,0.4342,0.0,1099805.8295232563,2076710.6093198466,446585.6304659923
POL-2020488,Insurance Carrier,Southeast,2024,4464384,0,0.0,0.0,0.0,8.307089253609831,0.29025,19.999999999999996,1.0986122886681098,5,0.03,0.20094,0.20081,1857673.77,373030.83,828957.39,-3635426.61,0.18568,0.0,2506452.0663928897,5000000.0,1078957.3900000001
POL-2020489,Community Bank,Southeast,2020,90441,0,0.0,0.0,0.0,4.676560182074764,0.8385000000000001,7.1875,0.0,5,0.169,0.1223,0.12221,3088336.08,377438.49,838752.19,748311.19,9.27403,0.0,3321112.1331620524,5000000.0,1088752.19
POL-2020490,Community Bank,Midwest,2020,306165,0,0.0,0.0,0.0,5.080783053998338,0.80025,10.277777777777777,0.0,15,0.369,0.16263,0.16251,739490.66,120177.42,267060.94,-39104.06,0.87228,0.0,884900.33956643,1830673.9331386907,358594.6366569345
POL-2020491,Insurance Carrier,National,2022,677321,0,0.0,0.0,0.0,7.328174678872112,0.8155000000000001,6.585365853658537,0.0,1,0.025,0.15672,0.15661,2859542.87,447829.1,995175.78,317854.78,1.46928,0.0,1000000.0,2000000.0,1095175.78
POL-2020492,Community Bank,National,2024,61175,0,0.0,0.0,0.0,4.11414718951828,0.75425,4.615384615384615,0.0,5,0.067,0.15475,0.15464,999409.8,154548.7,343441.56,282266.56,5.61408,0.0,1147606.336415056,2460037.5439198827,466443.43719599413
POL-2020493,Regional Bank,West,2020,591676,0,0.0,0.0,0.0,6.462717395754149,0.8800000000000002,20.666666666666668,0.0,5,0.22,0.11611,0.11603,702836.52,81553.17,181229.27,-410446.73,0.3063,0.0,800560.2772500444,1857607.364412596,274109.6382206298
POL-2020494,Community Bank,Northeast,2023,192864,0,0.0,0.0,0.0,4.345103280569283,0.7430000000000001,31.75,0.0,25,0.296,0.14551,0.14541,219692.49,31945.33,70989.63,-121874.37,0.36808,0.0,205943.26355734936,520051.3142229198,96992.19571114599
POL-2020495,Hedge Fund,Northeast,2023,1663373,0,0.0,0.0,0.0,6.4337436283388625,0.44,8.484848484848484,0.6931471805599453,15,0.341,0.38752,0.38726,239627.81,92797.88,206217.51,-1457155.49,0.12398,0.0,527199.4723199555,1019915.234035563,257213.27170177817
POL-2020496,Community Bank,West,2020,90694,0,0.0,0.0,0.0,3.7471483622379123,0.73475,69.16666666666667,0.0,25,1.028,0.1819,0.18178,448672.06,81558.53,181241.18,90547.18,1.99838,0.0,608082.0683814216,1181667.9327562135,240324.57663781068
POL-2020497,Community Bank,Northeast,2023,32425,1,1.0,51495.0,13437.0,4.1588830833596715,0.8045000000000001,7.8571428571428585,0.6931471805599453,2,0.043,0.13717,0.13707,219099.19,30032.79,66739.52,34314.52,2.05827,1.58813,212156.22384989995,444267.7143732993,88952.90571866497
POL-2020498,Regional Bank,National,2021,812311,0,0.0,0.0,0.0,6.222377835686553,0.8624999999999999,22.36842105263158,0.0,10,0.268,0.1944,0.19426,3093122.53,600879.14,1335286.98,522975.98,1.64381,0.0,4061862.629423271,8344831.099717925,1752528.5349858962
POL-2020499,Regional Bank,National,2021,445947,1,2.0,1655752.0,181539.0,7.146614686736349,0.62975,12.0,0.6931471805599453,1,0.025,0.32203,0.32181,1256036.1,404210.56,898245.69,452298.69,2.01424,3.71289,1000000.0,2000000.0,998245.69
POL-2020500,National Bank,Northeast,2023,78073011,0,0.0,0.0,0.0,9.141022447665286,0.7787499999999999,11.176470588235295,0.0,100,2.827,0.14303,0.14293,1692447.94,241898.54,537552.32,-77535458.68,0.00689,0.0,1701341.4642819369,3645583.3235135856,719831.4861756793
POL-2020501,Community Bank,Southeast,2024,142318,0,0.0,0.0,0.0,4.2626798770413155,0.739,50.9375,0.0,15,0.294,0.17215,0.17203,1615916.88,277985.16,617744.8,475426.8,4.34059,0.0,1896561.7438689554,3788672.8918415043,807178.4445920753
POL-2020502,Credit Union,Northeast,2024,32801,0,0.0,0.0,0.0,3.7954891891721947,0.8782500000000001,10.0,0.0,5,0.238,0.16335,0.16324,298378.3,48705.9,108235.33,75434.33,3.29976,0.0,294795.0584082978,632182.0063528601,139844.430317643
POL-2020503,Broker-Dealer,National,2020,459080,1,2.0,143575.0,56962.0,6.35905470278722,0.67975,20.588235294117645,0.0,2,0.097,0.15948,0.15937,516092.99,82248.16,182773.68,-276306.32,0.39813,0.31275,495166.04141708935,1207881.6518527167,243167.76259263582
POL-2020504,Credit Union,Southwest,2022,323404,0,0.0,0.0,0.0,5.133442723357803,0.77425,2.424242424242424,0.6931471805599453,25,0.925,0.13607,0.13598,265817.54,36145.68,80323.72,-243080.28,0.24837,0.0,309363.3885136502,649549.3957943937,112801.18978971969
POL-2020505,Community Bank,Midwest,2024,194475,0,0.0,0.0,0.0,4.51085950651685,0.6692500000000001,5.5,0.0,25,0.992,0.11866,0.11858,615072.56,72936.42,162080.94,-32394.06,0.83343,0.0,619978.433660579,1594006.4124949249,241781.26062474627
POL-2020506,Regional Bank,Northeast,2022,1015420,0,0.0,0.0,0.0,6.474199290707447,0.84525,3.235294117647059,1.0986122886681098,10,0.322,0.09463,0.09457,464818.77,43957.16,97682.59,-917737.41,0.0962,0.0,371833.9158626539,863330.7299288939,140849.1264964447
POL-2020507,Fintech-Payments,Southeast,2022,1061060,0,0.0,0.0,0.0,5.995705541365236,0.8975000000000001,4.565217391304349,0.0,10,0.101,0.07623,0.07617,3697617.78,281660.43,625912.06,-435147.94,0.58989,0.0,1490411.504476768,7041910.480531392,978007.5840265697
POL-2020508,Regional Bank,Northeast,2022,186318,0,0.0,0.0,0.0,5.7439642642890325,0.8055,7.2727272727272725,0.0,2,0.065,0.10419,0.10412,544400.41,56682.92,125962.04,-60355.96,0.67606,0.0,397609.76141252264,1196400.2631227502,185782.05315613752
POL-2020509,Regional Bank,West,2022,300699,0,0.0,0.0,0.0,5.243333058215277,0.7175,4.857142857142857,0.0,10,0.263,0.18041,0.18028,3221757.14,580833.32,1290740.7,990041.7,4.29247,0.0,4588238.240814108,8213491.650954234,1701415.2825477116
POL-2020510,National Bank,Northeast,2020,263316177,0,0.0,0.0,0.0,9.823431928112504,0.6832499999999999,13.823529411764707,0.6931471805599453,250,10.39,0.1581,0.15799,273659.73,43236.25,96080.56,-263220096.44,0.00036,0.0,356038.1104247044,634489.695727148,127805.0447863574
POL-2020511,Credit Union,Midwest,2023,48343,1,1.0,2089807.0,626861.0,3.8199077165203406,0.7555,7.575757575757575,0.0,10,0.351,0.15544,0.15533,694959.57,107951.35,239891.89,191548.89,4.96229,43.22874,780302.8819235951,2084253.7768755737,344104.5788437787
POL-2020512,Community Bank,West,2020,1783868,0,0.0,0.0,0.0,4.970507503005476,0.75175,38.75,0.0,500,9.283,0.21271,0.21256,2778679.09,590637.07,1312526.83,-471341.17,0.73578,0.0,4906089.762945705,8553602.26370418,1740206.943185209
POL-2020513,Fintech-Payments,National,2021,86704,1,1.0,2408909.0,1558982.0,4.90527477843843,0.7242500000000001,5.454545454545454,0.0,1,0.048,0.15822,0.15811,1081699.38,171026.94,380059.86,293355.86,4.38342,27.78314,1000000.0,1000000.0,430059.86
POL-2020514,National Bank,Southeast,2023,256314825,0,0.0,0.0,0.0,9.786071324597568,0.84025,18.684210526315788,0.0,250,4.34,0.09274,0.09268,5657478.8,524343.6,1165208.0,-255149617.0,0.00455,0.0,5074811.699687894,12427544.149766557,1786585.2074883278
POL-2020515,Broker-Dealer,West,2024,403054,0,0.0,0.0,0.0,6.62685019080938,0.75975,3.6,0.0,1,0.025,0.12029,0.12021,2061593.24,247816.06,550702.35,147648.35,1.36632,0.0,1000000.0,1000000.0,600702.35
POL-2020516,National Bank,Southeast,2021,84396080,0,0.0,0.0,0.0,10.174765815162232,0.6852499999999999,17.105263157894736,0.0,25,1.185,0.12241,0.12232,2437383.09,298144.72,662543.82,-83733536.18,0.00785,0.0,2612192.80951295,5663811.666047301,945734.403302365
POL-2020517,Broker-Dealer,National,2023,172400,0,0.0,0.0,0.0,5.517051209373546,0.7100000000000001,9.032258064516128,1.3862943611198906,2,0.051,0.1784,0.17828,2107032.29,375635.28,834745.07,662345.07,4.84191,0.0,2000000.0,2355661.5557735735,952528.1477886786
POL-2020518,Credit Union,Northeast,2021,77627,0,0.0,0.0,0.0,4.497584975308154,0.86275,1.3888888888888888,0.6931471805599453,5,0.127,0.12717,0.12708,178802.19,22722.26,50493.91,-27133.09,0.65047,0.0,179908.7247088581,398571.616144858,70422.49080724291
POL-2020519,Insurance Carrier,West,2021,4747031,0,0.0,0.0,0.0,8.190714849055729,0.56125,49.99999999999999,0.0,10,0.104,0.18369,0.18356,1065792.83,195640.61,434756.92,-4312274.08,0.09159,0.0,1338852.3254875946,2971870.372333222,583350.4386166611
POL-2020520,Insurance Carrier,Southeast,2020,28961391,0,0.0,0.0,0.0,8.77735503232853,0.58175,6.521739130434782,0.0,50,0.306,0.11082,0.11074,3427863.23,379614.25,843587.23,-28117803.77,0.02913,0.0,3051240.642655958,8090447.343572453,1248109.5971786226
POL-2020521,Broker-Dealer,Midwest,2020,8101776,0,0.0,0.0,0.0,7.054363298618227,0.68925,34.871794871794876,0.0,100,2.32,0.11091,0.11083,5813381.45,644319.84,1431821.87,-6669954.13,0.17673,0.0,5498395.2188165635,13193652.87890719,2091504.5139453597
POL-2020522,Fintech-Lending,Northeast,2023,282581,1,1.0,16035.0,2998.0,5.0363030408448335,0.679,35.38461538461539,0.0,10,0.132,0.17158,0.17146,1258279.99,215742.34,479427.42,196846.42,1.6966,0.05674,1665138.8062553136,2871776.4544984517,623016.2427249226
POL-2020523,Regional Bank,Northeast,2021,660612,1,1.0,5228209.0,1105791.0,6.140961558253893,0.773,4.444444444444444,0.0,10,0.35,0.16583,0.16572,3098667.66,513502.73,1141117.18,480505.18,1.72736,7.91419,4249129.664336117,7893415.630841046,1535787.9615420522
POL-2020524,Insurance Carrier,Southeast,2020,1846886,0,0.0,0.0,0.0,7.640892107758241,0.7860000000000001,6.153846153846153,0.0,5,0.042,0.09439,0.09433,5177338.76,488369.3,1085265.12,-761620.88,0.58762,0.0,3776744.0822143755,5000000.0,1335265.12
POL-2020525,Community Bank,Southeast,2023,582866,0,0.0,0.0,0.0,4.552823705615882,0.56225,17.692307692307693,0.6931471805599453,100,3.218,0.17161,0.1715,587094.97,100684.77,223743.94,-359122.06,0.38387,0.0,817893.3897946735,1960381.023393124,321762.9911696562
POL-2020526,National Bank,Southeast,2024,82567264,1,1.0,123101.0,36504.0,9.693081286491504,0.4575,8.181818181818182,0.0,50,2.132,0.23447,0.2343,2860802.42,670299.02,1489553.38,-81077710.62,0.01804,0.00149,4416363.21877952,9139824.346283488,1946544.5973141743
POL-2020527,Hedge Fund,Midwest,2021,668507,0,0.0,0.0,0.0,5.946990057006152,0.5692499999999999,22.647058823529413,0.6931471805599453,10,0.204,0.24514,0.24497,769822.54,188586.58,419081.3,-249425.7,0.62689,0.0,1177037.5325709456,2456989.3286113404,541930.766430567
POL-2020528,Credit Union,Midwest,2021,361288,0,0.0,0.0,0.0,4.550714000192032,0.7390000000000001,3.58974358974359,0.0,50,1.531,0.1611,0.16099,963403.84,155099.06,344664.58,-16623.42,0.95399,0.0,1260240.5752625822,2792238.5547310733,484276.50773655367
POL-2020529,Community Bank,Southwest,2021,217641,0,0.0,0.0,0.0,4.411585436915426,0.673,2.6470588235294117,0.0,25,1.172,0.17411,0.17399,363440.41,63234.62,140521.38,-77119.62,0.64566,0.0,471695.0338755639,935171.7711421014,187279.96855710508
POL-2020530,Broker-Dealer,West,2022,127524,0,0.0,0.0,0.0,5.178407069875479,0.7592500000000001,28.787878787878785,0.6931471805599453,2,0.065,0.12989,0.1298,2165133.47,281027.69,624505.98,496981.98,4.89716,0.0,2000000.0,2407637.081260373,744887.8340630187
POL-2020531,Community Bank,National,2021,10283,0,0.0,0.0,0.0,3.456316680883235,0.72725,21.53846153846154,0.6931471805599453,1,0.025,0.19267,0.19253,505074.77,97244.38,216098.62,205815.62,21.01513,0.0,663641.8437469688,1000000.0,266098.62
POL-2020532,Asset Manager,Southeast,2022,690544,0,0.0,0.0,0.0,6.481117605641172,0.6705000000000001,8.5,0.0,5,0.13,0.19683,0.19669,847256.38,166647.12,370326.94,-320217.06,0.53628,0.0,1164046.3466955351,1997184.8309173917,470186.18154586956
POL-2020533,Regional Bank,Southeast,2022,1420152,0,0.0,0.0,0.0,6.452679670320638,0.31800000000000006,25.909090909090907,0.6931471805599453,15,0.679,0.28128,0.28109,316872.11,89069.75,197932.79,-1222219.21,0.13937,0.0,512853.0642006837,922405.5369154491,244053.06684577247
POL-2020534,Fintech-Lending,Southwest,2023,573217,0,0.0,0.0,0.0,4.7664383335842135,0.6915,5.151515151515151,0.6931471805599453,50,0.253,0.22472,0.22457,1079598.71,242446.49,538769.98,-34447.02,0.93991,0.0,1599750.811254084,2927940.1564204725,685166.9878210237
POL-2020535,Fintech-Payments,West,2022,6416239,0,0.0,0.0,0.0,6.523855948788533,0.76725,19.30232558139535,0.0,100,1.295,0.13567,0.13558,3790890.05,513962.38,1142138.63,-5274100.37,0.17801,0.0,4361810.368612553,9099785.599010605,1597127.9099505302
POL-2020536,Fintech-Payments,Southeast,2024,354398,0,0.0,0.0,0.0,5.104125637183595,0.7072499999999999,8.857142857142858,0.0,10,0.252,0.22491,0.22476,2928000.16,658099.73,1462443.84,1108045.84,4.12656,0.0,4875320.5419823015,7661745.031450221,1845531.0915725112
POL-2020537,Regional Bank,Southeast,2023,2266158,0,0.0,0.0,0.0,6.925005632388665,0.78675,81.0,0.0,15,0.372,0.1731,0.17298,3323705.78,574944.58,1277654.63,-988503.37,0.5638,0.0,4397413.961225915,7542140.446736562,1654761.652336828
POL-2020538,Fintech-Payments,National,2023,561988,1,1.0,148765.0,0.0,5.935687531638983,0.5455,20.416666666666668,0.0,5,0.1,0.31429,0.31408,1487342.63,467139.17,1038087.05,476099.05,1.84717,0.26471,3112448.3837348465,4938864.356079615,1285030.2678039807
POL-2020539,Broker-Dealer,Midwest,2020,759315,1,1.0,1211692.0,263841.0,6.9153265444784555,0.80325,50.52631578947368,0.0,2,0.078,0.1034,0.10333,1696993.71,175356.37,389680.83,-369634.17,0.5132,1.59577,1255173.2377396468,2000000.0,489680.83
POL-2020540,Credit Union,National,2021,115212,0,0.0,0.0,0.0,4.784152841516532,0.9275000000000001,8.431372549019608,1.0986122886681098,5,0.181,0.16054,0.16043,217317.36,34865.2,77478.22,-37733.78,0.67248,0.0,336166.26694246783,545751.0181377319,104765.7709068866
POL-2020541,Regional Bank,Southwest,2023,846775,0,0.0,0.0,0.0,7.842592948142871,0.8704999999999999,4.2105263157894735,0.6931471805599453,1,0.027,0.13933,0.13923,3229054.63,449591.96,999093.23,152318.23,1.17988,0.0,1000000.0,1000000.0,1049093.23
POL-2020542,Hedge Fund,Southeast,2020,1626599,0,0.0,0.0,0.0,6.781965272923837,0.81025,16.38888888888889,0.6931471805599453,10,0.205,0.13579,0.1357,232484.28,31548.21,70107.14,-1556491.86,0.0431,0.0,294138.5903801206,609346.0684358238,100574.44342179119
POL-2020543,Community Bank,Southeast,2023,16017,1,1.0,3787950.0,1892299.0,3.6000482404073204,0.8150000000000001,11.428571428571429,0.0,2,0.05,0.15649,0.15638,1239380.15,193815.22,430700.5,414683.5,26.89021,236.4956,1464670.9404664207,2000000.0,530700.5
POL-2020544,Asset Manager,West,2023,436984,0,0.0,0.0,0.0,7.21890970761906,0.7915,12.499999999999998,0.0,1,0.029,0.233,0.23284,1059890.97,246780.93,548402.06,111418.06,1.25497,0.0,1000000.0,1576614.833985555,627232.8016992778
POL-2020545,Broker-Dealer,Southeast,2020,976048,0,0.0,0.0,0.0,6.70073110954781,0.866,4.864864864864865,0.0,5,0.093,0.06347,0.06342,4606736.27,292178.74,649286.09,-326761.91,0.66522,0.0,1419678.7037089344,5000000.0,899286.09
POL-2020546,Fintech-Lending,Northeast,2024,163874,0,0.0,0.0,0.0,4.841032509710076,0.9175000000000001,4.893617021276596,0.0,5,0.193,0.14424,0.14414,890337.37,128335.1,285189.11,121315.11,1.7403,0.0,937016.4193792351,2272655.2682602564,398821.8734130128
POL-2020547,Broker-Dealer,National,2024,901725,0,0.0,0.0,0.0,6.096500009941863,0.9090000000000001,14.883720930232558,0.6931471805599453,15,0.33,0.09885,0.09878,4082420.13,403255.76,896123.91,-5601.09,0.99379,0.0,2418108.405203104,7183938.436497179,1255320.8318248591
POL-2020548,Fintech-Payments,West,2022,915926,0,0.0,0.0,0.0,5.62003848122324,0.8717500000000001,6.888888888888889,0.0,25,1.114,0.13553,0.13544,2480189.59,335906.41,746458.68,-169467.32,0.81498,0.0,2831630.4610224976,5969839.467670432,1044950.6533835216
POL-2020549,Insurance Carrier,West,2022,39873141,0,0.0,0.0,0.0,9.384638157575223,0.6245,5.925925925925926,0.0,50,1.886,0.19473,0.19459,2232075.25,434349.61,965221.36,-38907919.64,0.02421,0.0,2921819.073109132,5854509.697455403,1257946.8448727701
POL-2020550,Broker-Dealer,Midwest,2020,1131715,0,0.0,0.0,0.0,6.3561076606958915,0.514,29.375,0.0,15,0.248,0.18389,0.18376,3651836.45,671075.02,1491277.83,359562.83,1.31771,0.0,4324350.244173918,9799020.110131845,1981228.8355065924
POL-2020551,National Bank,Southeast,2021,487107869,0,0.0,0.0,0.0,10.437521761439,0.6047500000000001,9.523809523809524,0.6931471805599453,250,6.331,0.17083,0.17072,705166.32,120384.39,267520.87,-486840348.13,0.00055,0.0,884796.8028872731,1793632.6431984028,357202.5021599202
POL-2020552,Regional Bank,West,2020,1275879,0,0.0,0.0,0.0,6.214208018400852,0.7385,4.0540540540540535,0.6931471805599453,25,0.903,0.18214,0.18202,917071.71,166923.3,370940.66,-904938.34,0.29073,0.0,995045.6482131688,2102697.8774443464,476075.5538722173
POL-2020553,Fintech-Payments,Midwest,2021,637203,1,1.0,1640382.0,46752.0,6.660703182616252,0.7307500000000001,6.5,0.6931471805599453,2,0.081,0.18978,0.18965,1468028.2,278414.93,618699.83,-18503.17,0.97096,2.57435,2000000.0,2002798.1489686137,718839.7374484306
POL-2020554,Community Bank,National,2020,145773,0,0.0,0.0,0.0,4.970507503005476,0.4105,3.793103448275862,0.0,5,0.027,0.32136,0.32114,844363.11,271162.15,602582.56,456809.56,4.1337,0.0,1570615.3572413079,2848903.6480511073,745027.7424025554
POL-2020555,Community Bank,National,2022,263138,0,0.0,0.0,0.0,4.439115601658009,0.8385000000000001,2.121212121212121,0.6931471805599453,50,2.248,0.16512,0.16501,1481137.03,244404.03,543120.06,279982.06,2.06401,0.0,1820467.212242012,4268220.168760133,756531.0684380067
POL-2020556,Fintech-Lending,Northeast,2022,384795,1,1.0,31861.0,6234.0,4.6491870714048655,0.6032500000000001,11.03448275862069,0.0,25,0.919,0.21687,0.21672,1187944.03,257449.45,572109.9,187314.9,1.48679,0.0828,1762230.7593237255,3668595.21782072,755539.660891036
POL-2020557,Community Bank,Midwest,2024,195991,0,0.0,0.0,0.0,5.126342101808226,0.9700000000000001,14.48979591836735,0.6931471805599453,10,0.292,0.10217,0.1021,389533.11,39771.84,88381.86,-107609.14,0.45095,0.0,343909.8129194286,851822.1163946902,130972.96581973451
POL-2020558,Custodian Bank,West,2024,6275097,0,0.0,0.0,0.0,8.225476323446781,0.77875,20.0,0.0,10,0.439,0.14467,0.14457,624373.43,90265.26,200589.46,-6074507.54,0.03197,0.0,779403.1652646104,1334224.4823682655,267300.68411841325
POL-2020559,Regional Bank,Southwest,2023,825073,0,0.0,0.0,0.0,5.372032404370318,0.80625,4.11764705882353,0.6931471805599453,50,1.32,0.12742,0.12733,2453087.38,312360.66,694134.8,-130938.2,0.8413,0.0,2603728.9891616395,4920226.858221185,940146.1429110593
POL-2020560,Regional Bank,Southwest,2020,451994,0,0.0,0.0,0.0,6.091536100832197,0.73,6.5,0.0,5,0.226,0.17108,0.17096,629591.26,107634.85,239188.55,-212805.45,0.52919,0.0,948509.5208280399,1779060.4597250915,328141.5729862546
POL-2020561,Insurance Carrier,West,2024,2116534,0,0.0,0.0,0.0,7.817464399490738,0.8497499999999999,4.11764705882353,0.6931471805599453,5,0.087,0.15822,0.15811,1020593.29,161368.35,358596.33,-1757937.67,0.16943,0.0,1200035.8035588723,2405722.290660957,478882.44453304785
POL-2020562,National Bank,West,2024,39227579,0,0.0,0.0,0.0,9.352655573747754,0.59375,33.87096774193548,0.0,25,0.362,0.17694,0.17682,2323293.11,410793.67,912874.81,-38314704.19,0.02327,0.0,3271532.6308286693,5996924.68950636,1212721.0444753182
POL-2020563,Regional Bank,Midwest,2022,931591,0,0.0,0.0,0.0,5.999680701879322,0.7345,9.642857142857142,0.0,25,0.479,0.18082,0.18069,656695.95,118661.0,263691.12,-667899.88,0.28305,0.0,863508.8631680125,1796829.438368755,353532.59191843774
POL-2020564,Fintech-Payments,Northeast,2020,398894,0,0.0,0.0,0.0,6.037154673025098,0.6905,11.923076923076923,0.6931471805599453,2,0.043,0.28254,0.28235,737765.41,208309.22,462909.38,64015.38,1.16048,0.0,1217267.092779092,2004573.6600671853,563138.0630033592
POL-2020565,Hedge Fund,Southeast,2024,1101426,0,0.0,0.0,0.0,7.152033902826306,0.5745,22.5,0.0,2,0.051,0.14271,0.14262,562747.06,80257.17,178349.26,-923076.74,0.16193,0.0,640651.6680476422,1758730.3510963677,266285.7775548184
POL-2020566,Hedge Fund,Northeast,2020,1527844,1,1.0,129952.0,97356.0,6.593044534142437,0.75425,13.10344827586207,1.0986122886681098,10,0.209,0.21622,0.21607,767960.42,165934.97,368744.38,-1159099.62,0.24135,0.08506,1060235.907639192,2020213.359254077,469755.04796270386
POL-2020567,Hedge Fund,Midwest,2024,388405,1,1.0,103353.0,0.0,5.206202077640231,0.6440000000000001,26.666666666666664,0.0,15,0.553,0.24926,0.24909,952899.04,237355.43,527456.51,139051.51,1.35801,0.2661,1582491.0950479354,3240635.167651042,689488.2683825521
POL-2020568,Broker-Dealer,National,2024,890410,0,0.0,0.0,0.0,5.752255128106979,0.62375,16.842105263157894,0.0,25,1.192,0.12868,0.12859,1451660.29,186668.49,414818.87,-475591.13,0.46587,0.0,1571396.2844930654,3533486.267014969,591493.1833507485
POL-2020569,Broker-Dealer,West,2023,8143506,0,0.0,0.0,0.0,7.1010167758144265,0.60725,2.413793103448276,0.0,100,4.25,0.11862,0.11854,4028279.93,477492.7,1061094.9,-7082411.1,0.1303,0.0,3914943.202836858,8019393.045446926,1462064.5522723463
POL-2020570,Insurance Carrier,Northeast,2022,17779810,1,1.0,1395854.0,286113.0,8.730544959307972,0.6105,52.05882352941177,0.0,25,1.194,0.22405,0.22389,1217354.41,272557.4,605683.1,-17174126.9,0.03407,0.07851,1719610.957034507,3762374.5891917977,793801.8294595899
POL-2020571,Community Bank,Southwest,2022,163687,0,0.0,0.0,0.0,5.588371623144873,0.6990000000000001,3.0,0.0,2,0.083,0.14819,0.14809,746635.35,110569.5,245710.01,82023.01,1.5011,0.0,803008.2451931814,2000000.0,345710.01
POL-2020572,Fintech-Payments,West,2024,313800,0,0.0,0.0,0.0,5.011967739330034,0.5994999999999999,2.692307692307692,0.0,10,0.379,0.23285,0.23269,374134.77,87055.86,193457.46,-120342.54,0.6165,0.0,577169.4456373423,1209079.1240946036,253911.41620473017
POL-2020573,National Bank,West,2022,211988663,0,0.0,0.0,0.0,9.68414302578114,0.7707499999999999,33.75,0.0,250,10.007,0.14005,0.13995,2639207.16,369356.48,820792.17,-211167870.83,0.00387,0.0,2683907.5558675723,5923637.562291251,1116974.0481145626
POL-2020574,Broker-Dealer,West,2020,1553712,1,1.0,1293934.0,674525.0,6.78105762593618,0.789,7.9411764705882355,1.0986122886681098,10,0.34,0.11829,0.11821,3195480.18,377743.37,839429.7,-714282.3,0.54027,0.8328,2857263.40298337,7005867.812650751,1189723.0906325376
POL-2020575,Asset Manager,National,2022,838136,0,0.0,0.0,0.0,6.309372674866615,0.6990000000000001,3.6842105263157894,0.6931471805599453,10,0.231,0.23703,0.23686,1317897.85,312161.03,693691.18,-144444.82,0.82766,0.0,1813644.19422776,3655636.553047881,876473.0076523941
POL-2020576,Fintech-Lending,Midwest,2020,117216,1,1.0,115357.0,60932.0,5.063860055333554,0.6545,7.692307692307692,0.6931471805599453,2,0.036,0.19761,0.19748,892783.23,176305.99,391791.1,274575.1,3.34247,0.98414,1083441.845091811,2000000.0,491791.1
POL-2020577,Community Bank,Southwest,2022,213087,0,0.0,0.0,0.0,4.562262684976814,0.6962500000000001,5.128205128205129,0.0,25,0.55,0.1027,0.10263,940948.05,96570.76,214601.68,1514.68,1.00711,0.0,870327.9264211084,1898259.0873881183,309514.6343694059
POL-2020578,Broker-Dealer,West,2024,388002,0,0.0,0.0,0.0,6.479123892842133,0.6647500000000001,44.99999999999999,0.0,2,0.025,0.17467,0.17455,1662198.52,290136.82,644748.48,256746.48,1.66171,0.0,2000000.0,2001344.8299491727,744815.7214974586
POL-2020579,Custodian Bank,West,2020,146962427,0,0.0,0.0,0.0,9.459845386477081,0.81425,8.666666666666666,0.0,250,4.57,0.12514,0.12506,1399127.55,174968.78,388819.51,-146573607.49,0.00265,0.0,1559583.4876233554,3445242.2324429816,561081.6216221491
POL-2020580,Investment Bank,Midwest,2021,10599765,0,0.0,0.0,0.0,8.471756398407631,0.71275,39.44444444444444,0.6931471805599453,10,0.409,0.20021,0.20008,1763271.48,352790.46,783978.8,-9815786.2,0.07396,0.0,2710407.987893695,5374013.102808459,1052679.455140423
POL-2020581,Broker-Dealer,Southwest,2021,527654,1,1.0,135706.0,43240.0,5.518656990529513,0.62225,22.0,0.0,15,0.527,0.10866,0.10858,976641.18,106046.03,235657.84,-291996.16,0.44661,0.25719,856159.1564887895,2138875.404300872,342601.6102150436
POL-2020582,Regional Bank,West,2023,1932796,0,0.0,0.0,0.0,6.791670799961335,0.9395000000000001,2.6666666666666665,0.0,15,0.09,0.14696,0.14686,1735709.25,254900.14,566444.75,-1366351.25,0.29307,0.0,1864473.5055549976,4286081.210105894,780748.8105052947
POL-2020583,Asset Manager,National,2022,1247632,1,1.0,950520.0,189223.0,7.150936724032854,0.75575,14.333333333333334,0.0,5,0.192,0.19189,0.19176,1109446.15,212744.24,472764.97,-774867.03,0.37893,0.76186,1576070.2395114854,3426122.671168136,644071.1035584068
POL-2020584,Credit Union,West,2024,530936,0,0.0,0.0,0.0,4.248495242049359,0.75825,12.222222222222221,0.6931471805599453,250,9.049,0.29648,0.29627,476758.04,141250.54,313890.1,-217045.9,0.5912,0.0,824211.6981004023,1495285.9798824925,388654.3989941246
POL-2020585,Insurance Carrier,West,2021,31756340,0,0.0,0.0,0.0,8.551420689965465,0.62175,3.58974358974359,0.0,100,2.383,0.19479,0.19466,2485136.61,483749.36,1074998.58,-30681341.42,0.03385,0.0,3619006.935182237,6831146.132264027,1416555.8866132013
POL-2020586,Community Bank,West,2020,135598,0,0.0,0.0,0.0,4.61512051684126,0.9257500000000002,3.75,0.0,10,0.143,0.08805,0.08799,1414598.62,124473.96,276608.79,141010.79,2.03992,0.0,1141616.8047763065,2821665.248543757,417692.0524271878
POL-2020587,Asset Manager,Midwest,2023,775059,0,0.0,0.0,0.0,6.652863029353347,0.7317500000000001,0.6666666666666666,0.0,5,0.202,0.14339,0.14329,3426880.59,491039.57,1091199.05,316140.05,1.40789,0.0,3722296.1186154187,5000000.0,1341199.05
POL-2020588,Hedge Fund,West,2022,1934652,0,0.0,0.0,0.0,7.0431599159883405,0.529,5.88235294117647,0.0,10,0.424,0.26989,0.26971,285551.7,77014.73,171143.84,-1763508.16,0.08846,0.0,523818.5669767957,989805.3394062171,220634.10697031085
POL-2020589,Community Bank,West,2024,88784,0,0.0,0.0,0.0,4.192680462942962,0.7077499999999999,7.142857142857143,0.0,10,0.155,0.1712,0.17108,888975.33,152089.25,337976.11,249192.11,3.80672,0.0,1011461.7642519763,2097706.9125294895,442861.45562647446
POL-2020590,Community Bank,West,2022,94806,1,1.0,75831.0,32491.0,5.236973736306985,0.83825,13.23529411764706,0.6931471805599453,2,0.062,0.18949,0.18936,141455.02,26785.74,59523.87,-35282.13,0.62785,0.79985,190781.85290167778,374535.66597165226,78250.65329858262
POL-2020591,Community Bank,Midwest,2021,250785,0,0.0,0.0,0.0,4.627909672957581,0.68475,4.3589743589743595,0.0,25,0.5,0.17244,0.17232,724419.61,124834.19,277409.31,26624.31,1.10616,0.0,710329.042139048,1639995.907488714,359409.1053744357
POL-2020592,Fintech-Lending,National,2023,1144435,0,0.0,0.0,0.0,6.035481432524756,0.56175,43.888888888888886,0.0,15,0.721,0.22332,0.22317,488452.69,109007.83,242239.63,-902195.37,0.21167,0.0,802044.5905012371,1593588.0519261276,321919.0325963064
POL-2020593,Community Bank,Southwest,2022,23228,0,0.0,0.0,0.0,3.720862499966987,0.6292500000000001,7.692307692307692,0.0,2,0.025,0.17387,0.17375,317750.16,55209.34,122687.41,99459.41,5.28188,0.0,450090.7767322633,837012.0160063377,164538.0108003169
POL-2020594,Asset Manager,Southwest,2023,532888,0,0.0,0.0,0.0,6.3741726680935304,0.593,9.6,0.0,5,0.247,0.16842,0.16831,604665.08,101770.85,226157.44,-306730.56,0.4244,0.0,689643.9675920805,1352969.4264821194,293805.911324106
POL-2020595,National Bank,National,2022,100491617,1,1.0,376264.0,0.0,9.501897426976226,0.6335,8.928571428571427,0.6931471805599453,100,3.601,0.21976,0.21961,1813924.37,398359.78,885243.96,-99606373.04,0.00881,0.00374,2809257.5532496236,5516163.139118051,1161052.1169559024
POL-2020596,Community Bank,Southwest,2022,75434,0,0.0,0.0,0.0,5.444147814759576,0.76025,38.96551724137931,0.0,1,0.048,0.20492,0.20478,137767.59,28211.81,62692.9,-12741.1,0.8311,0.0,183628.6104450827,350906.19997571484,80238.20999878575
POL-2020597,Community Bank,West,2022,384038,0,0.0,0.0,0.0,3.4307561839036995,0.8039999999999999,4.411764705882353,1.0986122886681098,500,12.481,0.32686,0.32664,1162012.24,379560.98,843468.85,459430.85,2.19632,0.0,2105462.753825441,3482292.4824294914,1017583.4741214745
POL-2020598,Regional Bank,Midwest,2020,543367,0,0.0,0.0,0.0,6.400423544470402,0.7492500000000001,7.2727272727272725,0.0,5,0.077,0.11498,0.1149,1374811.44,157972.56,351050.12,-192316.88,0.64606,0.0,1256980.865924332,2933811.6831363356,497740.7041568168
POL-2020599,Credit Union,Northeast,2021,46340,0,0.0,0.0,0.0,4.396915247167632,0.762,4.0,0.6931471805599453,2,0.035,0.17187,0.17175,257240.06,44182.25,98182.79,51842.79,2.11875,0.0,340096.7669209739,689033.3338115304,132634.4566905765
POL-2020600,Credit Union,Midwest,2024,203321,0,0.0,0.0,0.0,4.8283137373023015,0.94125,13.478260869565219,0.6931471805599453,15,0.646,0.15798,0.15787,286444.06,45221.42,100492.04,-102828.96,0.49425,0.0,385521.54449837684,807332.8107536038,140858.6805376802
POL-2020601,Asset Manager,Northeast,2022,2851902,0,0.0,0.0,0.0,6.623268097426875,0.8400000000000002,7.560975609756098,0.0,50,1.468,0.11714,0.11706,3334091.33,390300.41,867334.24,-1984567.76,0.30412,0.0,3153078.4209229774,7688242.966317972,1251746.3883158986
POL-2020602,Community Bank,Northeast,2020,82638,0,0.0,0.0,0.0,4.560172820057356,0.6782500000000001,16.0,0.0,5,0.206,0.16497,0.16486,106616.68,17576.37,39058.61,-43579.39,0.47265,0.0,127038.70847463736,319121.9446698352,55014.70723349176
POL-2020603,Asset Manager,National,2021,1483287,1,1.0,101332.0,0.0,7.1659570461114095,0.771,21.85185185185185,0.0,5,0.063,0.17029,0.17017,5010385.34,852642.21,1894760.46,411473.46,1.27741,0.06832,5000000.0,5000000.0,2144760.46
POL-2020604,Hedge Fund,Northeast,2022,573722,0,0.0,0.0,0.0,4.860587297852597,0.8644999999999999,4.0540540540540535,0.0,50,2.187,0.11256,0.11249,427510.98,48089.43,106865.4,-466856.6,0.18627,0.0,407003.3137279219,939490.873446429,153839.94367232145
POL-2020605,Insurance Carrier,Southwest,2023,6296582,0,0.0,0.0,0.0,8.231934846030228,0.67675,1.1428571428571428,0.0,10,0.443,0.19057,0.19044,1718297.2,327237.23,727193.85,-5569388.15,0.11549,0.0,2333066.213252333,5268380.855838308,990612.8927919155
POL-2020606,Fintech-Payments,Southwest,2020,301604,0,0.0,0.0,0.0,6.2053655170552595,0.7790000000000001,9.583333333333334,0.0,1,0.028,0.13127,0.13118,833220.7,109298.99,242886.64,-58717.36,0.80532,0.0,894288.018091335,1000000.0,292886.64
POL-2020607,National Bank,West,2022,44495626,0,0.0,0.0,0.0,9.409641948804822,0.8185000000000001,12.727272727272727,0.6931471805599453,25,0.595,0.16805,0.16794,1295354.86,217536.77,483415.05,-44012210.95,0.01086,0.0,1851083.9183734083,3917352.483491525,679282.6741745763
POL-2020608,Fintech-Payments,National,2021,93185,0,0.0,0.0,0.0,5.163070217140011,0.8320000000000002,14.146341463414636,0.6931471805599453,1,0.044,0.16454,0.16443,428876.26,70520.5,156712.23,63527.23,1.68173,0.0,497312.2989903136,1000000.0,206712.23
POL-2020609,Regional Bank,National,2022,1728589,0,0.0,0.0,0.0,6.0874563127617085,0.8635,33.142857142857146,0.0,50,2.111,0.16377,0.16366,1033704.15,169176.35,375947.45,-1352641.55,0.21749,0.0,1309979.1495766328,2752181.877028163,513556.5438514082
POL-2020610,Custodian Bank,West,2021,33286575,1,1.0,191119.0,161694.0,8.57315755933367,0.5357500000000001,64.0,0.0,100,1.525,0.19074,0.19061,289235.62,55131.3,122514.0,-33164061.0,0.00368,0.00574,448349.6229623778,733005.6705272471,159164.28352636236
POL-2020611,Community Bank,National,2022,207892,1,1.0,1012828.0,177597.0,5.548686904115838,0.6172500000000001,11.03448275862069,0.6931471805599453,5,0.184,0.27443,0.27424,712493.28,195396.16,434213.69,226321.69,2.08865,4.8719,1122060.193639321,1985870.6037189374,533507.2201859469
POL-2020612,Fintech-Lending,Northeast,2021,122739,1,1.0,5703.0,1913.0,5.072670685015709,0.7205,9.523809523809524,0.0,2,0.065,0.25848,0.2583,207886.37,53696.69,119325.98,-3413.02,0.97219,0.04646,328200.1245687118,599063.4735372013,149279.15367686006
POL-2020613,Credit Union,Southeast,2024,137435,0,0.0,0.0,0.0,4.279440045898781,0.7350000000000001,59.52380952380953,0.0,15,0.484,0.16222,0.16211,173366.76,28103.85,62453.0,-74982.0,0.45442,0.0,156697.2634025259,395465.01616193884,82226.25080809694
POL-2020614,Fintech-Payments,Northeast,2020,800718,1,1.0,2288.0,294.0,6.976161311646197,0.781,6.451612903225806,0.0,2,0.055,0.11206,0.11198,816903.18,91478.25,203284.99,-597433.01,0.25388,0.00286,896065.2562573664,1971035.1729178801,301836.748645894
POL-2020615,Broker-Dealer,National,2020,1228515,0,0.0,0.0,0.0,6.983789965258135,0.9249999999999999,4.468085106382979,0.0,5,0.137,0.11319,0.11311,7047769.77,797192.8,1771539.55,543024.55,1.44202,0.0,4636047.8083080305,5000000.0,2021539.55
POL-2020616,Credit Union,Northeast,2021,19539,0,0.0,0.0,0.0,3.7819143200811256,0.8690000000000001,8.085106382978724,0.0,2,0.077,0.15969,0.15958,218037.26,34794.64,77321.42,57782.42,3.95729,0.0,260481.9921110485,487911.15869651677,101716.97793482585
POL-2020617,Insurance Carrier,Southeast,2024,1654191,0,0.0,0.0,0.0,8.074337694089515,0.71675,3.157894736842105,0.0,2,0.055,0.17739,0.17727,5585625.03,990144.12,2200320.26,546129.26,1.33015,0.0,2000000.0,3586687.611683508,2379654.640584175
POL-2020618,National Bank,Northeast,2021,50718516,0,0.0,0.0,0.0,9.663979581510217,0.5407500000000001,19.166666666666668,0.0,25,0.88,0.21583,0.21569,2293861.18,494753.13,1099451.4,-49619064.6,0.02168,0.0,3146064.641612969,6525984.633666403,1425750.63168332
POL-2020619,Fintech-Payments,Midwest,2023,496129,0,0.0,0.0,0.0,6.196647773045199,0.88875,4.75,0.0,2,0.047,0.11913,0.11905,3579538.62,426148.77,946997.27,450868.27,1.90877,0.0,2000000.0,2000000.0,1046997.27
POL-2020620,Community Bank,National,2020,87196,0,0.0,0.0,0.0,4.069026754237811,0.81475,14.838709677419354,0.0,15,0.569,0.1759,0.17578,2003940.21,352257.78,782795.06,695599.06,8.97742,0.0,2708254.506222512,5146368.756150814,1040113.4978075407
POL-2020621,Community Bank,Southwest,2020,276309,1,1.0,50453.0,0.0,5.308267697401205,0.7992500000000001,22.0,0.6931471805599453,10,0.166,0.13804,0.13794,209302.55,28871.89,64159.76,-212149.24,0.2322,0.1826,228015.3371521098,487293.1519013173,88524.41759506587
POL-2020622,Fintech-Payments,Northeast,2023,705709,0,0.0,0.0,0.0,6.740401149309969,0.8665000000000002,4.871794871794872,0.0,2,0.063,0.14893,0.14883,1247056.83,185596.45,412436.56,-293272.44,0.58443,0.0,1421687.998010352,2000000.0,512436.56
POL-2020623,Community Bank,Southeast,2023,55096,0,0.0,0.0,0.0,3.502549875922443,0.88875,13.255813953488373,0.0,15,0.307,0.1199,0.11982,1077710.91,129131.92,286959.83,231863.83,5.20836,0.0,1206009.3093615111,2957419.0455125957,434830.7822756298
POL-2020624,Credit Union,Southeast,2023,68639,1,1.0,233193.0,128948.0,4.410371107683024,0.7050000000000001,15.652173913043477,0.0,5,0.173,0.14631,0.14621,480688.51,70279.49,156176.64,87537.64,2.27533,3.39738,489549.6554790096,1003165.1879210541,206334.89939605273
POL-2020625,Community Bank,Southeast,2021,273483,0,0.0,0.0,0.0,4.33204826486764,0.8982500000000001,4.042553191489362,0.0,50,1.65,0.10982,0.10974,1284131.43,140924.32,313165.16,39682.16,1.1451,0.0,900669.6148619741,2590291.4087749394,442679.730438747
POL-2020626,Investment Bank,National,2021,1473306,0,0.0,0.0,0.0,7.43797168054006,0.522,13.5,0.0,2,0.025,0.31815,0.31793,1515376.78,481783.59,1070630.2,-402675.8,0.72669,0.0,2000000.0,3424367.7732574665,1241848.5886628733
POL-2020627,Regional Bank,Southwest,2024,1397927,0,0.0,0.0,0.0,7.70472178818108,0.8115,6.0606060606060606,0.0,2,0.072,0.12269,0.1226,429110.53,52609.74,116910.52,-1281016.48,0.08363,0.0,397896.9220822048,991961.8793739189,166508.61396869595
POL-2020628,Community Bank,Northeast,2021,305742,0,0.0,0.0,0.0,4.599152113662528,0.78725,3.4042553191489366,0.0,50,1.552,0.13509,0.135,1077728.0,145492.33,323316.28,17574.28,1.05748,0.0,1047473.3020194295,2477997.3954386357,447216.1497719318
POL-2020629,Hedge Fund,Southwest,2023,1959864,0,0.0,0.0,0.0,6.5699020892839926,0.7402500000000001,38.888888888888886,0.0,15,0.741,0.17297,0.17285,755184.72,130534.89,290077.53,-1669786.47,0.14801,0.0,1038908.484552049,1984948.5064906764,389324.95532453386
POL-2020630,Credit Union,Northeast,2024,684974,0,0.0,0.0,0.0,4.3054155323020415,0.74375,122.38095238095238,0.0,250,1.68,0.2192,0.21905,439114.39,96187.08,213749.07,-471224.93,0.31205,0.0,712316.621354316,1235413.1431454713,275519.72715727356
POL-2020631,Asset Manager,Southwest,2020,327015,0,0.0,0.0,0.0,6.478663240242817,0.73625,3.0,0.0,2,0.068,0.16984,0.16972,1009110.8,171270.19,380600.42,53585.42,1.16386,0.0,1293123.0446564844,2000000.0,480600.42
POL-2020632,Broker-Dealer,West,2020,1877677,0,0.0,0.0,0.0,6.773995288802613,0.9035000000000001,15.5,0.0,15,0.703,0.08754,0.08748,3873470.15,338850.14,753000.31,-1124676.69,0.40103,0.0,1466102.9796893336,8052275.051086622,1155614.0625543313
POL-2020633,Fintech-Payments,Southwest,2023,2627616,0,0.0,0.0,0.0,6.158460937799191,0.7085,5.306122448979592,0.0,50,2.17,0.1057,0.10563,1504852.49,158953.61,353230.24,-2274385.76,0.13443,0.0,1015432.7997444614,2792811.652236417,492870.8226118209
POL-2020634,Credit Union,Midwest,2022,23393,0,0.0,0.0,0.0,3.3603753871419,0.548,33.07692307692307,0.0,5,0.043,0.27477,0.27459,607972.89,166940.78,370979.5,347586.5,15.85857,0.0,1074105.6096237751,2065193.9324888056,474239.19662444026
POL-2020635,Fintech-Payments,West,2020,933535,0,0.0,0.0,0.0,5.806339062981293,0.556,18.695652173913043,0.0,15,0.545,0.27568,0.27549,1028855.08,283439.04,629864.53,-303670.47,0.67471,0.0,1729070.9046794327,2828210.9243923174,771275.0762196159
POL-2020636,National Bank,National,2024,25932627,0,0.0,0.0,0.0,9.144841389743487,0.6940000000000001,14.166666666666668,0.0,25,1.225,0.15436,0.15426,730899.72,112746.21,250547.13,-25682079.87,0.00966,0.0,873857.7724549426,1763889.802812625,338741.6201406313
POL-2020637,Asset Manager,Southeast,2023,1134644,0,0.0,0.0,0.0,6.758326765490208,0.82,2.9411764705882355,0.0,10,0.311,0.10872,0.10865,4792792.01,520728.65,1157174.78,22530.78,1.01986,0.0,5328137.924450221,10000000.0,1657174.78
POL-2020638,Insurance Carrier,Southwest,2022,2699071,0,0.0,0.0,0.0,7.880766551065796,0.886,17.555555555555557,0.0,5,0.094,0.12468,0.1246,2911511.14,362769.46,806154.36,-1892916.64,0.29868,0.0,2651073.2128617517,5000000.0,1056154.3599999999
POL-2020639,Insurance Carrier,Southeast,2024,2382830,1,1.0,8084015.0,4906402.0,7.490361883842714,0.7420000000000001,30.689655172413794,0.0,10,0.374,0.14857,0.14846,3881172.83,576214.4,1280476.44,-1102353.56,0.53738,3.39261,5078307.647227613,10000000.0,1780476.44
POL-2020640,Community Bank,Southwest,2020,76336,0,0.0,0.0,0.0,4.335982696172475,0.6335,12.068965517241379,0.0,5,0.141,0.18607,0.18594,143267.57,26639.63,59199.17,-17136.83,0.77551,0.0,147911.35661742272,328271.092945417,75612.72464727085
POL-2020641,Community Bank,National,2024,96550,0,0.0,0.0,0.0,4.669083511731744,0.87075,13.88888888888889,0.0,5,0.113,0.17329,0.17318,891864.11,154449.23,343220.51,246670.51,3.55485,0.0,1062927.3271574005,2465484.8830107246,466494.75415053626
POL-2020642,Fintech-Lending,Midwest,2021,439647,0,0.0,0.0,0.0,5.6461533618195645,0.712,9.545454545454547,0.0,5,0.192,0.19154,0.19141,1604670.13,307150.14,682555.87,242908.87,1.55251,0.0,2493589.0601911023,4843040.208434609,924707.8804217305
POL-2020643,Asset Manager,Midwest,2024,516533,0,0.0,0.0,0.0,6.332924325240234,0.9420000000000001,3.6,0.0,5,0.245,0.11152,0.11144,756000.92,84252.43,187227.63,-329305.37,0.36247,0.0,603407.5144563683,1834856.548814694,278970.4574407347
POL-2020644,National Bank,West,2022,487625404,0,0.0,0.0,0.0,10.615387790178243,0.71625,5.897435897435898,0.6931471805599453,250,10.16,0.16487,0.16475,5668011.04,933828.63,2075174.73,-485550229.27,0.00426,0.0,7117878.16938632,15271292.594847316,2838739.359742366
POL-2020645,Fintech-Lending,West,2021,49900,0,0.0,0.0,0.0,4.133565275375382,0.7825000000000001,54.6875,0.0,2,0.039,0.20002,0.19989,658028.33,131531.06,292291.25,242391.25,5.85754,0.0,898434.9887650115,1709661.8819846173,377774.3440992309
POL-2020646,Community Bank,Midwest,2020,871327,0,0.0,0.0,0.0,4.44500143383527,0.7160000000000001,15.348837209302326,0.0,250,4.002,0.16937,0.16925,1827973.78,309385.66,687523.68,-183803.32,0.78905,0.0,2162121.776868234,5315977.116023782,953322.5358011891
POL-2020647,Regional Bank,Midwest,2020,779677,0,0.0,0.0,0.0,5.678464666671911,0.39275000000000004,6.153846153846153,0.0,25,1.207,0.2621,0.26192,925234.21,242334.4,538520.89,-241156.11,0.6907,0.0,1376736.6125593833,2580060.6422096714,667523.9221104836
POL-2020648,Asset Manager,National,2022,5253089,0,0.0,0.0,0.0,6.790097235513905,0.834,21.666666666666668,0.0,100,1.261,0.13916,0.13906,2792749.62,388366.73,863037.17,-4390051.83,0.16429,0.0,2621794.3919913727,6851031.832305048,1205588.7616152526
POL-2020649,Asset Manager,West,2020,1833224,0,0.0,0.0,0.0,6.9700725850469984,0.73575,10.37037037037037,0.0,10,0.172,0.15892,0.15881,568613.86,90301.19,200669.32,-1632554.68,0.10946,0.0,672535.8897596125,1274982.195991437,264418.42979957187
POL-2020650,Regional Bank,Southeast,2021,124240,0,0.0,0.0,0.0,5.304299438225584,0.932,14.48979591836735,0.0,2,0.025,0.07913,0.07908,1546050.05,122259.61,271688.02,147448.02,2.1868,0.0,427598.6056471688,2000000.0,371688.02
POL-2020651,Broker-Dealer,West,2020,299182,0,0.0,0.0,0.0,6.212606095751519,0.5745,27.407407407407405,0.0,2,0.094,0.1955,0.19537,1169954.88,228568.67,507930.38,208748.38,1.69773,0.0,1488895.4567555634,2000000.0,607930.38
POL-2020652,Regional Bank,Midwest,2023,945995,0,0.0,0.0,0.0,6.9749465285224606,0.45025,21.29032258064516,0.6931471805599453,5,0.215,0.27835,0.27816,576804.38,160444.66,356543.68,-589451.32,0.3769,0.0,1014589.6678926321,1730701.2735799362,443078.7436789968
POL-2020653,Regional Bank,Southeast,2023,3874020,0,0.0,0.0,0.0,7.462157499864673,0.85675,36.97674418604651,0.0,25,0.538,0.12367,0.12358,2820352.04,348543.79,774541.75,-3099478.25,0.19993,0.0,2428928.744653057,6034603.593322553,1076271.9296661275
POL-2020654,Fintech-Lending,West,2024,153919,1,2.0,1151766.0,493422.0,5.348535082708654,0.565,13.846153846153845,0.0,2,0.051,0.4052,0.40493,1867017.38,756005.02,1680011.16,1526092.16,10.9149,7.48294,2000000.0,3332448.558375542,1846633.587918777
POL-2020655,Insurance Carrier,Southwest,2020,8216198,0,0.0,0.0,0.0,8.356578330381973,0.66925,23.125,0.0,15,0.163,0.11738,0.1173,683994.69,80230.89,178290.86,-8037907.14,0.0217,0.0,807541.31326452,1693150.6450644627,262948.3922532231
POL-2020656,Insurance Carrier,West,2021,4859532,0,0.0,0.0,0.0,7.454951404057778,0.683,4.545454545454545,0.0,25,0.712,0.12887,0.12878,1397776.97,180007.29,400016.21,-4459515.79,0.08232,0.0,1467884.0741594445,2947739.7834948353,547403.1991747417
POL-2020657,Fintech-Lending,Northeast,2022,686453,1,1.0,815722.0,383651.0,5.414321042304342,0.7027500000000001,44.21052631578947,0.0,15,0.134,0.22221,0.22205,966739.36,214667.64,477039.2,-209413.8,0.69493,1.18831,1506927.7185096578,2459097.6977715404,599994.084888577
POL-2020658,Broker-Dealer,Southwest,2023,2721961,0,0.0,0.0,0.0,6.933617938507864,0.565,9.696969696969695,0.0,15,0.684,0.17212,0.172,564653.35,97119.82,215821.83,-2506139.17,0.07929,0.0,687881.9362169502,1432048.6448575396,287424.262242877
POL-2020659,Asset Manager,Midwest,2020,622038,0,0.0,0.0,0.0,6.351757936569426,0.5385000000000001,2.4444444444444446,0.0,5,0.104,0.21015,0.21001,1489541.19,312812.19,695138.2,73100.2,1.11752,0.0,1990548.8341143513,3987799.6522645876,894528.1826132294
POL-2020660,National Bank,Midwest,2024,95737619,0,0.0,0.0,0.0,10.421959865710631,0.8485000000000001,15.952380952380954,0.0,25,0.607,0.11324,0.11316,1401477.49,158591.96,352426.59,-95385192.41,0.00368,0.0,1191021.6315951748,3801245.7792304526,542488.8789615226
POL-2020661,National Bank,Southeast,2022,105723030,0,0.0,0.0,0.0,10.362047830678438,0.88,29.45945945945946,0.0,25,0.363,0.09193,0.09187,2760894.16,253635.8,563635.11,-105159394.89,0.00533,0.0,2338924.801284563,4917114.172061089,809490.8186030545
POL-2020662,Community Bank,Midwest,2022,232181,0,0.0,0.0,0.0,4.72384171570559,0.77425,22.666666666666668,0.6931471805599453,25,1.088,0.12512,0.12503,866508.65,108339.59,240754.65,8573.65,1.03693,0.0,709213.2388994278,2306936.7644793517,356101.4882239676
POL-2020663,Fintech-Payments,Southwest,2020,637274,0,0.0,0.0,0.0,6.14996290492866,0.7335,7.608695652173914,0.0,5,0.119,0.13989,0.13979,2733808.0,382168.22,849262.71,211988.71,1.33265,0.0,2363312.9580501555,5000000.0,1099262.71
POL-2020664,Community Bank,Southwest,2024,50493,0,0.0,0.0,0.0,4.604169685654508,0.83275,9.032258064516128,0.0,2,0.073,0.16609,0.16597,1034080.85,171630.12,381400.26,330907.26,7.55353,0.0,1068657.9503050523,2000000.0,481400.26
POL-2020665,Regional Bank,West,2022,191840,0,0.0,0.0,0.0,5.43066055353575,0.6510000000000001,8.823529411764705,0.0,5,0.11,0.28197,0.28177,1270041.81,357862.47,795249.93,603409.93,4.14538,0.0,2182777.644546962,4111507.1972450353,1000825.2898622518
POL-2020666,Insurance Carrier,National,2020,4875462,0,0.0,0.0,0.0,7.205412434455996,0.72775,19.583333333333336,0.0,50,1.453,0.15951,0.1594,719201.37,114638.91,254753.14,-4620708.86,0.05225,0.0,844208.3132340655,1743269.5448503357,341916.61724251683
POL-2020667,Custodian Bank,Southwest,2023,21857993,0,0.0,0.0,0.0,8.984568369308281,0.799,21.379310344827587,0.6931471805599453,25,0.707,0.10534,0.10527,296434.27,31204.76,69343.92,-21788649.08,0.00317,0.0,247768.2425283929,576345.617637888,98161.2008818944
POL-2020668,Fintech-Payments,Northeast,2024,1078356,0,0.0,0.0,0.0,6.246300545154681,0.74775,4.827586206896552,0.0,10,0.377,0.14415,0.14405,1262572.12,181879.69,404177.09,-674178.91,0.37481,0.0,1296148.0920282884,3164886.419639957,562421.4109819978
POL-2020669,Regional Bank,Southeast,2020,251312,0,0.0,0.0,0.0,5.060694493968993,0.8470000000000001,3.611111111111111,0.0,10,0.252,0.11624,0.11616,3156610.48,366685.86,814857.48,563545.48,3.24241,0.0,2945140.891220455,5878248.038870956,1108769.8819435479
POL-2020670,Insurance Carrier,Northeast,2022,24389192,0,0.0,0.0,0.0,8.561956209889752,0.8325000000000001,33.84615384615385,0.0,50,2.08,0.16747,0.16736,6894711.62,1153897.59,2564216.87,-21824975.13,0.10514,0.0,8118486.348013299,17799458.628910728,3454189.8014455363
POL-2020671,Insurance Carrier,Southeast,2022,5565781,0,0.0,0.0,0.0,8.268449741051743,0.68425,6.756756756756756,0.0,10,0.101,0.14734,0.14724,10591535.79,1559538.21,3465640.47,-2100140.53,0.62267,0.0,10000000.0,11243338.904335752,4027807.4152167877
POL-2020672,Insurance Carrier,Midwest,2021,9177040,0,0.0,0.0,0.0,7.415837142077065,0.7035,11.2,0.0,100,4.802,0.20965,0.20951,1329449.55,278534.59,618965.75,-8558074.25,0.06745,0.0,1741425.5545382039,3143154.1575641604,776123.457878208
POL-2020673,Investment Bank,National,2022,29896841,0,0.0,0.0,0.0,8.562434207661823,0.79825,6.285714285714286,0.0,50,1.475,0.13906,0.13897,4735040.18,658005.86,1462235.25,-28434605.75,0.04891,0.0,4798238.983052156,12516156.07663188,2088043.053831594
POL-2020674,Asset Manager,Southwest,2023,4248208,0,0.0,0.0,0.0,7.8674885686991285,0.746,24.82758620689655,0.0,10,0.473,0.11495,0.11487,530771.31,60972.02,135493.37,-4112714.63,0.03189,0.0,445067.19131931267,1102479.6471173295,190617.35235586646
POL-2020675,Fintech-Lending,Midwest,2021,1739583,1,1.0,71053.0,43062.0,6.115892125483034,0.6415,3.6666666666666665,0.0,25,0.163,0.14448,0.14438,1010299.83,145867.79,324150.65,-1415432.35,0.18634,0.04084,1058336.1776697293,2528455.8940929896,450573.4447046495
POL-2020676,Broker-Dealer,Southwest,2023,2764618,0,0.0,0.0,0.0,6.9280479822498995,0.603,41.66666666666667,0.0,15,0.153,0.11615,0.11607,1842443.45,213857.59,475239.08,-2289378.92,0.1719,0.0,1633408.126489541,3831139.008289111,666796.0304144556
POL-2020677,Insurance Carrier,Southeast,2021,38937422,0,0.0,0.0,0.0,8.26456933477952,0.8230000000000001,10.32258064516129,0.0,250,5.516,0.14619,0.14609,11722173.04,1712494.2,3805542.66,-35131879.34,0.09773,0.0,14980923.27054463,29502355.381708786,5280660.429085439
POL-2020678,Community Bank,National,2023,30549,0,0.0,0.0,0.0,3.462606009790799,0.5715000000000001,8.181818181818182,0.6931471805599453,5,0.187,0.27724,0.27705,440075.62,121921.09,270935.75,240386.75,8.86889,0.0,728168.4303161337,1505326.532227167,346202.0766113583
POL-2020679,Investment Bank,Southwest,2023,93807077,0,0.0,0.0,0.0,8.835603285219042,0.818,1.5151515151515151,0.0,250,5.715,0.11307,0.113,2411017.83,272435.48,605412.17,-93201664.83,0.00645,0.0,2002501.863530893,4491545.941443828,829989.4670721914
POL-2020680,Regional Bank,Southwest,2020,1479825,0,0.0,0.0,0.0,6.525909036472607,0.61975,18.064516129032256,1.0986122886681098,15,0.597,0.18531,0.18519,1155250.17,213935.06,475411.25,-1004413.75,0.32126,0.0,1683814.7777583518,2918477.5173064866,621335.1258653244
POL-2020681,Regional Bank,Southwest,2020,1021835,0,0.0,0.0,0.0,6.520621127558696,0.6485,58.33333333333333,0.0,10,0.136,0.20307,0.20293,1614884.31,327705.87,728235.26,-293599.74,0.71267,0.0,2418580.3092697165,5228261.563518083,989648.3381759041
POL-2020682,Community Bank,Southwest,2022,12152,0,0.0,0.0,0.0,3.7232808808312687,0.6292500000000001,5.333333333333333,0.0,1,0.036,0.18793,0.1878,522251.42,98079.84,217955.19,205803.19,17.93575,0.0,750232.0224268478,1000090.1247078488,267959.6962353925
POL-2020683,Asset Manager,Southeast,2020,445883,0,0.0,0.0,0.0,5.581614840681993,0.7180000000000001,5.0,0.0,10,0.109,0.09618,0.09611,2510728.77,241313.73,536252.74,90369.74,1.20268,0.0,1155035.8283330405,4664467.623253892,769476.1211626946
POL-2020684,National Bank,West,2020,172028957,0,0.0,0.0,0.0,9.464447563527505,0.8467500000000001,8.13953488372093,0.0,250,3.45,0.12654,0.12646,982527.13,124246.65,276103.66,-171752853.34,0.0016,0.0,929585.1623153979,1898952.6033641363,371051.2901682068
POL-2020685,Asset Manager,Northeast,2023,535408,0,0.0,0.0,0.0,6.285998094508865,0.6447499999999999,3.823529411764706,0.0,5,0.201,0.13128,0.13119,1301851.4,170791.78,379537.28,-155870.72,0.70887,0.0,1489362.8458718,3379892.9066732647,548531.9253336632
POL-2020686,Community Bank,Southwest,2024,280019,0,0.0,0.0,0.0,4.422448549172797,0.7314999999999999,3.6842105263157894,0.6931471805599453,50,0.304,0.12752,0.12743,914562.02,116545.03,258988.96,-21030.04,0.9249,0.0,891924.5092834575,2041089.4239218086,361043.4311960904
POL-2020687,National Bank,Northeast,2021,124679112,0,0.0,0.0,0.0,10.553664599643259,0.8875000000000001,10.0,0.6931471805599453,25,0.605,0.13311,0.13302,2169387.67,288568.6,641263.54,-124037848.46,0.00514,0.0,2142570.993535707,6220173.450782924,952272.2125391462
POL-2020688,Asset Manager,National,2020,967920,0,0.0,0.0,0.0,5.569488886872828,0.58575,10.0,0.0,50,1.499,0.3025,0.30229,1168308.99,353166.34,784814.08,-183105.92,0.81083,0.0,2079758.0354485395,3709710.571048507,970299.6085524253
POL-2020689,National Bank,National,2023,535855089,0,0.0,0.0,0.0,10.500126586015403,0.7500000000000001,7.499999999999999,0.6931471805599453,250,2.806,0.14345,0.14335,2196654.88,314887.88,699750.85,-535155338.15,0.00131,0.0,2295691.2520479085,5379507.566156244,968726.2283078122
POL-2020690,Fintech-Payments,Southeast,2022,1446973,0,0.0,0.0,0.0,6.924907337799702,0.6925000000000001,12.051282051282051,0.0,5,0.029,0.18144,0.18132,2944625.21,533906.13,1186458.07,-260514.93,0.81996,0.0,4414502.849916305,5000000.0,1436458.07
POL-2020691,Regional Bank,West,2024,568998,0,0.0,0.0,0.0,6.334167333479831,0.6287499999999999,5.294117647058823,1.3862943611198906,5,0.049,0.15891,0.1588,479177.68,76094.11,169098.02,-399899.98,0.29719,0.0,550895.2508980307,1114462.8210822828,224821.16105411414
POL-2020692,Insurance Carrier,Southwest,2024,16365323,0,0.0,0.0,0.0,8.838682311078294,0.9135000000000001,3.0434782608695654,0.6931471805599453,25,1.234,0.11189,0.11181,740430.57,82790.85,183979.67,-16181343.33,0.01124,0.0,560274.005761926,1478868.2322541403,257923.08161270703
POL-2020693,Fintech-Payments,Southeast,2024,480734,1,1.0,122014.0,17421.0,5.038250461129229,0.56025,56.5,0.0,15,0.34,0.2078,0.20765,2026875.25,420890.14,935311.42,454577.42,1.94559,0.25381,2657558.5817977265,6253506.975021586,1247986.7687510792
POL-2020694,Asset Manager,Southeast,2024,1280790,0,0.0,0.0,0.0,6.59071305122387,0.6970000000000001,13.88888888888889,0.0,10,0.169,0.20036,0.20022,2201836.66,440847.33,979660.74,-301129.26,0.76489,0.0,3565144.7113726786,6115820.951013533,1285451.7875506766
POL-2020695,Fintech-Payments,Southeast,2023,640586,0,0.0,0.0,0.0,5.477300022076476,0.76375,26.666666666666668,0.0,10,0.331,0.11472,0.11465,3275628.27,375535.66,834523.68,193937.68,1.30275,0.0,2800668.569630075,6305594.184642887,1149803.3892321445
POL-2020696,Insurance Carrier,Southwest,2022,35908753,0,0.0,0.0,0.0,9.449711540395043,0.72525,2.5641025641025643,0.0,25,0.97,0.12928,0.1292,2683030.28,346636.1,770302.44,-35138450.56,0.02145,0.0,2131569.8552966574,6455345.759567467,1093069.7279783734
POL-2020697,Community Bank,Southeast,2024,92261,0,0.0,0.0,0.0,5.056245805348308,0.8175,5.0,0.0,2,0.083,0.1059,0.10583,358784.91,37969.8,84377.34,-7883.66,0.91455,0.0,303504.79392190144,781121.7957149114,123433.42978574557
POL-2020698,Asset Manager,Southeast,2023,5634213,0,0.0,0.0,0.0,7.405921104601338,0.74925,7.948717948717949,0.6931471805599453,50,2.439,0.12176,0.12168,2548758.94,310133.78,689186.18,-4945026.82,0.12232,0.0,2069005.8695064257,5636850.525866546,971028.7062933273
POL-2020699,Broker-Dealer,Northeast,2021,130340,0,0.0,0.0,0.0,5.760162808092309,0.8484999999999999,2.2857142857142856,0.0,1,0.046,0.09308,0.09302,1166524.69,108505.7,241123.77,110783.77,1.84996,0.0,819586.2333589455,1000000.0,291123.77
POL-2020700,Regional Bank,Southwest,2023,1639282,1,2.0,226821.0,14639.0,6.707595564058303,0.7652500000000001,23.2,0.0,15,0.36,0.15817,0.15806,1052816.85,166409.7,369799.33,-1269482.67,0.22559,0.13837,1329582.8230645931,2780967.933333298,508847.72666666494
POL-2020701,Asset Manager,Northeast,2020,3623061,0,0.0,0.0,0.0,7.156332631553157,0.7377500000000001,4.883720930232558,0.0,25,0.946,0.10908,0.10901,446396.84,48661.21,108136.03,-3514924.97,0.02985,0.0,346788.7004430647,950398.9209993596,155655.97604996798
POL-2020702,Community Bank,Southwest,2024,156802,0,0.0,0.0,0.0,4.160444363926624,0.84875,6.666666666666667,0.0,25,0.234,0.09631,0.09625,427364.73,41132.3,91405.12,-65396.88,0.58293,0.0,262418.0881273888,829300.9043923862,132870.16521961932
POL-2020703,Community Bank,West,2023,454907,0,0.0,0.0,0.0,5.739792912179234,0.76125,7.352941176470589,0.0,10,0.263,0.14994,0.14984,918316.71,137596.66,305770.36,-149136.64,0.67216,0.0,921623.5101640464,2172614.449144489,414401.08245722443
POL-2020704,Insurance Carrier,Midwest,2022,1549600,0,0.0,0.0,0.0,7.005244900259394,0.72125,10.0,0.0,10,0.224,0.18406,0.18393,1960194.44,360537.44,801194.31,-748405.69,0.51703,0.0,2750012.0782885836,5730703.719729599,1087729.49598648
POL-2020705,Regional Bank,West,2020,532874,1,1.0,87022.0,1950.0,5.586499314041468,0.6685000000000001,5.0,0.0,15,0.407,0.14284,0.14275,1593437.3,227458.56,505463.46,-27410.54,0.94856,0.16331,2119784.7066390268,4682336.419581671,739580.2809790836
POL-2020706,Credit Union,Southwest,2020,24354,0,0.0,0.0,0.0,3.86702563949741,0.41125,19.375,0.0,2,0.096,0.26043,0.26025,110803.97,28837.19,64082.64,39728.64,2.6313,0.0,176256.56420652414,350932.5125257878,81629.26562628939
POL-2020707,Custodian Bank,Southeast,2022,70022306,0,0.0,0.0,0.0,9.241645221804594,0.41600000000000004,12.608695652173912,0.0,100,2.62,0.17575,0.17563,121520.37,21342.24,47427.2,-69974878.8,0.00068,0.0,153093.81463677745,349535.1541073256,64903.95770536628
POL-2020708,Fintech-Lending,Southwest,2023,2453201,0,0.0,0.0,0.0,6.027314200001679,0.6605,12.368421052631579,0.0,50,0.322,0.2149,0.21476,2294935.52,492851.01,1095224.46,-1357976.54,0.44645,0.0,3569232.536409695,6520726.973767186,1421260.8086883593
POL-2020709,Investment Bank,West,2020,5534594,0,0.0,0.0,0.0,8.44378343699024,0.9397500000000002,9.333333333333334,0.0,5,0.065,0.16949,0.16937,6284920.21,1064473.92,2365497.6,-3169096.4,0.4274,0.0,5000000.0,5009323.803626204,2615963.7901813104
POL-2020710,Regional Bank,National,2020,188583,0,0.0,0.0,0.0,5.908626268798978,0.766,24.88888888888889,0.0,2,0.093,0.22599,0.22584,1274748.94,287884.56,639743.46,451160.46,3.39237,0.0,1810406.6680923027,2023610.879581292,740924.0039790645
POL-2020711,Community Bank,West,2020,11815,0,0.0,0.0,0.0,3.068052935133617,0.87075,3.513513513513513,0.0,2,0.05,0.13116,0.13107,496418.03,65066.6,144592.44,132777.44,12.23804,0.0,477583.0607593247,1283181.9568865362,208751.5378443268
POL-2020712,Asset Manager,Southeast,2021,3206081,0,0.0,0.0,0.0,7.469312039154485,0.8270000000000001,24.411764705882355,0.0,15,0.415,0.11712,0.11704,5082212.57,594840.65,1321868.11,-1884212.89,0.4123,0.0,4196008.121738687,10478707.533441296,1845803.486672065
POL-2020713,Fintech-Lending,National,2024,2292986,1,1.0,21785262.0,2273137.0,5.5556690891919835,0.6535,64.13793103448276,1.0986122886681098,100,0.644,0.20868,0.20854,5924182.41,1235436.49,2745414.43,452428.43,1.19731,9.50083,8749672.943357969,15732075.014791807,3532018.1807395904
POL-2020714,Custodian Bank,Southwest,2021,13377768,0,0.0,0.0,0.0,8.226065188560156,0.8917500000000002,9.5,0.0,50,0.793,0.10707,0.10699,604000.25,64624.11,143609.14,-13234158.86,0.01073,0.0,496639.06588184426,1326017.272464107,209910.00362320535
POL-2020715,Credit Union,West,2021,11187,0,0.0,0.0,0.0,3.7256934272366524,0.74025,6.0,0.6931471805599453,1,0.025,0.20504,0.2049,217626.46,44591.82,99092.94,87905.94,8.85787,0.0,327198.3657175897,702025.4763555598,134194.21381777799
POL-2020716,Community Bank,Midwest,2021,208917,0,0.0,0.0,0.0,4.634728988229636,0.6965,41.42857142857142,0.0,25,0.933,0.13172,0.13163,602621.38,79325.76,176279.47,-32637.53,0.84378,0.0,624132.7701408736,1346723.177244713,243615.62886223564
POL-2020717,Community Bank,Southeast,2021,193350,0,0.0,0.0,0.0,4.8782461060505105,0.7,7.17948717948718,0.6931471805599453,15,0.449,0.15372,0.15362,283057.82,43482.73,96628.28,-96721.72,0.49976,0.0,288964.0273165694,703176.0686484879,131787.0834324244
POL-2020718,Community Bank,Northeast,2023,76453,0,0.0,0.0,0.0,4.192680462942962,0.80625,2.3809523809523814,0.0,10,0.176,0.13111,0.13102,541891.38,70996.82,157770.71,81317.71,2.06363,0.0,545387.6883346676,1087670.6388837404,212154.24194418703
POL-2020719,Insurance Carrier,Northeast,2021,2060533,0,0.0,0.0,0.0,6.972793675161359,0.9195000000000001,7.2340425531914905,0.6931471805599453,15,0.411,0.08238,0.08232,945297.99,77816.84,172926.31,-1887606.69,0.08392,0.0,502857.88221760094,1566301.6271472755,251241.39135736378
POL-2020720,Credit Union,West,2023,94857,0,0.0,0.0,0.0,2.91235066461494,0.84025,7.777777777777778,0.6931471805599453,100,2.192,0.18469,0.18456,319409.79,58950.9,131002.0,36145.0,1.38105,0.0,421126.97375903244,824910.7645301484,172247.53822650743
POL-2020721,National Bank,Southeast,2023,38927736,0,0.0,0.0,0.0,9.52602664083756,0.7024999999999999,4.324324324324324,0.0,25,0.711,0.11307,0.11299,1599113.78,180691.0,401535.54,-38526200.46,0.01031,0.0,1319577.8244809879,3772495.996580912,590160.3398290456
POL-2020722,Fintech-Lending,Southeast,2021,713157,0,0.0,0.0,0.0,5.471429984256681,0.7917500000000001,11.219512195121952,0.0,15,0.687,0.18194,0.18182,4145830.74,753787.92,1675084.27,961927.27,2.34883,0.0,5935026.418909487,10935898.473018466,2221879.193650923
POL-2020723,Regional Bank,Midwest,2022,4343511,0,0.0,0.0,0.0,6.471727865291332,0.8635,8.13953488372093,0.0,100,3.681,0.12489,0.12481,2806439.84,350268.48,778374.4,-3565136.6,0.1792,0.0,2814437.3317562947,6826581.851526667,1119703.4925763335
POL-2020724,Community Bank,Northeast,2023,171089,0,0.0,0.0,0.0,3.9512437185814275,0.7280000000000001,10.357142857142856,0.0,50,2.121,0.21117,0.21103,234505.12,49487.46,109972.14,-61116.86,0.64278,0.0,382801.539822967,689283.5495802545,144436.3174790127
POL-2020725,Asset Manager,Midwest,2021,402513,0,0.0,0.0,0.0,6.167935690223761,0.9032500000000002,6.744186046511628,1.0986122886681098,5,0.034,0.12774,0.12765,7995755.29,1020647.17,2268104.82,1865591.82,5.63486,0.0,5000000.0,5000000.0,2518104.82
POL-2020726,Fintech-Lending,Southeast,2021,235117,0,0.0,0.0,0.0,6.094021135433074,0.8109999999999999,3.7254901960784315,0.6931471805599453,1,0.025,0.14061,0.14051,1015580.02,142699.11,317109.13,81992.13,1.34873,0.0,1000000.0,1000000.0,367109.13
POL-2020727,Hedge Fund,West,2024,6058330,0,0.0,0.0,0.0,5.537727890326118,0.787,3.225806451612903,0.0,500,10.931,0.17785,0.17773,905249.91,160891.6,357536.88,-5700793.12,0.05902,0.0,1320149.1943658385,2461122.6092114574,480593.0104605729
POL-2020728,Fintech-Payments,Northeast,2020,668868,0,0.0,0.0,0.0,5.968195920168628,0.6737500000000001,53.87096774193548,0.6931471805599453,5,0.245,0.16554,0.16543,350040.2,57905.53,128678.95,-540189.05,0.19238,0.0,444391.79819397227,1133711.7212608198,185364.53606304099
POL-2020729,Regional Bank,Southwest,2022,314205,0,0.0,0.0,0.0,6.801727874336607,0.81075,49.310344827586206,0.0,1,0.027,0.16483,0.16472,1437356.76,236764.34,526142.99,211937.99,1.67452,0.0,1000000.0,1000000.0,576142.99
POL-2020730,Credit Union,National,2024,155534,1,1.0,737014.0,142515.0,3.40452517175483,0.5015000000000001,18.823529411764703,0.6931471805599453,100,3.704,0.35421,0.35397,293580.37,103917.91,230928.69,75394.69,1.48475,4.7386,582389.9438386046,1057220.503808996,283789.7151904498
POL-2020731,Fintech-Payments,West,2022,139734,0,0.0,0.0,0.0,5.360822571899434,0.949,7.755102040816327,0.0,1,0.037,0.15849,0.15838,2132661.23,337763.98,750586.63,610852.63,5.37154,0.0,1000000.0,1224076.3478621119,811790.4473931056
POL-2020732,Community Bank,Southwest,2023,476760,0,0.0,0.0,0.0,4.791649752930709,0.65125,31.379310344827587,0.0,50,0.413,0.15602,0.15591,732970.03,114279.26,253953.9,-222806.1,0.53267,0.0,915543.26032658,2187925.4128918913,363350.1706445946
POL-2020733,Broker-Dealer,West,2020,4434828,0,0.0,0.0,0.0,7.23460998650839,0.84725,24.210526315789473,0.6931471805599453,25,1.143,0.12301,0.12293,1057369.1,129979.74,288843.87,-4145984.13,0.06513,0.0,931331.6416385918,2073229.7077983704,392505.35538991855
POL-2020734,National Bank,West,2021,333140959,0,0.0,0.0,0.0,10.282851640046156,0.8197500000000001,6.969696969696969,0.0,250,11.301,0.1086,0.10853,1939621.05,210501.25,467780.56,-332673178.44,0.0014,0.0,1828791.2808796582,4789857.023672539,707273.411183627
POL-2020735,National Bank,Midwest,2021,162564208,1,1.0,1356742.0,306233.0,10.915161188842836,0.7069999999999999,24.054054054054053,0.6931471805599453,25,0.318,0.14718,0.14708,1232273.43,181240.49,402756.64,-162161451.36,0.00248,0.00835,1388737.3270095715,2882083.6136634247,546860.8206831713
POL-2020736,Credit Union,Midwest,2024,74222,1,1.0,52782.0,0.0,3.9926809084456005,0.5825,16.11111111111111,0.6931471805599453,10,0.422,0.23408,0.23392,120697.11,28233.96,62742.13,-11479.87,0.84533,0.71114,196075.51010737216,373655.2394363522,81424.8919718176
POL-2020737,Community Bank,Midwest,2021,370133,0,0.0,0.0,0.0,4.937347498326424,0.5847500000000001,10.476190476190476,0.0,25,0.242,0.24693,0.24676,600635.09,148215.2,329367.11,-40765.89,0.88986,0.0,837124.5207323967,1593044.586149021,409019.33930745104
POL-2020738,Asset Manager,West,2024,220138,0,0.0,0.0,0.0,6.262636067432774,0.82275,5.454545454545454,1.3862943611198906,1,0.036,0.11006,0.10999,1341433.5,147542.77,327872.82,107734.82,1.4894,0.0,1000000.0,1000000.0,377872.82
POL-2020739,Insurance Carrier,Northeast,2023,580128,0,0.0,0.0,0.0,7.078510199404627,0.5549999999999999,308.125,0.6931471805599453,2,0.043,0.42284,0.42255,58524.14,24729.47,54954.37,-525173.63,0.09473,0.0,123576.11495241411,216695.10847628838,65789.12542381442
POL-2020740,Community Bank,Midwest,2023,183673,0,0.0,0.0,0.0,5.02912987673242,0.8350000000000001,2.5806451612903225,0.6931471805599453,10,0.413,0.09672,0.09665,247862.4,23956.62,53236.94,-130436.06,0.28985,0.0,193744.62948002032,501493.87126629695,78311.63356331486
POL-2020741,Custodian Bank,Southwest,2022,21679642,0,0.0,0.0,0.0,8.966738978759576,0.755,9.6,0.6931471805599453,25,0.487,0.13848,0.13838,355852.87,49243.85,109430.79,-21570211.21,0.00505,0.0,452445.36941544357,1094896.018326068,164175.5909163034
POL-2020742,Insurance Carrier,Midwest,2024,35299727,0,0.0,0.0,0.0,8.740576713935054,0.89325,0.5882352941176471,0.0,100,3.709,0.12156,0.12147,3140378.78,381475.48,847723.3,-34452003.7,0.02402,0.0,2706711.5380720175,7791874.505291882,1237317.0252645942
POL-2020743,Regional Bank,Southwest,2020,2527282,0,0.0,0.0,0.0,6.381477550657225,0.8392499999999999,22.058823529411764,0.0,50,1.452,0.12338,0.12329,783691.2,96623.7,214719.32,-2312562.68,0.08496,0.0,950340.3621382058,2408516.4778064936,335145.1438903247
POL-2020744,Broker-Dealer,Southwest,2024,599312,0,0.0,0.0,0.0,6.208388798608275,0.7012499999999999,6.842105263157895,0.6931471805599453,5,0.152,0.12632,0.12623,1236128.09,156041.46,346758.8,-252553.2,0.57859,0.0,1320284.0114955516,4020165.757479512,547767.0878739756
POL-2020745,Insurance Carrier,West,2023,1172756,0,0.0,0.0,0.0,7.993316099905515,0.75225,3.75,0.0,1,0.025,0.17091,0.17079,585968.05,100079.11,222398.02,-950357.98,0.18964,0.0,688583.2763665445,1000000.0,272398.02
POL-2020746,Fintech-Lending,Southwest,2020,172199,0,0.0,0.0,0.0,5.216564864675778,0.67175,13.823529411764707,0.0,2,0.049,0.18203,0.1819,688572.57,125254.74,278343.86,106144.86,1.61641,0.0,852805.4152699641,1728617.7454565805,364774.747272829
POL-2020747,Hedge Fund,National,2024,576041,1,1.0,79670.0,38374.0,5.65704021210407,0.33399999999999996,21.052631578947366,0.6931471805599453,10,0.299,0.40316,0.40288,391666.47,157796.0,350657.77,-225383.23,0.60874,0.13831,751438.0040925804,1387061.0993690703,420010.82496845355
POL-2020748,Fintech-Lending,West,2021,324053,0,0.0,0.0,0.0,5.029784112935016,0.8809999999999999,18.684210526315788,0.6931471805599453,10,0.091,0.16854,0.16843,2667361.7,449256.85,998348.55,674295.55,3.08082,0.0,3363760.154153069,5875248.664132558,1292110.983206628
POL-2020749,Broker-Dealer,Southwest,2023,571239,0,0.0,0.0,0.0,5.869296913133774,0.65325,25.483870967741936,0.0,10,0.388,0.1285,0.12841,1759568.06,225953.89,502119.77,-69119.23,0.879,0.0,1647692.139109283,4029729.5443977825,703606.2472198892
POL-2020750,Asset Manager,National,2023,858399,1,1.0,389467.0,4074.0,7.282692448721343,0.7085,23.5,0.6931471805599453,2,0.097,0.20477,0.20463,1335516.04,273292.12,607315.83,-251083.17,0.7075,0.45371,1800320.6109483098,2000000.0,707315.83
POL-2020751,Insurance Carrier,Southeast,2023,2790424,0,0.0,0.0,0.0,7.236987081090713,0.68625,18.285714285714285,0.0,15,0.254,0.15763,0.15752,4428928.08,697656.01,1550346.69,-1240077.31,0.5556,0.0,4220504.354896622,10130343.869494742,2056863.883474737
POL-2020752,Regional Bank,Southwest,2023,731067,0,0.0,0.0,0.0,7.1493672345793895,0.5235000000000001,25.217391304347824,0.0,2,0.058,0.28361,0.28342,1416626.04,401493.43,892207.63,161140.63,1.22042,0.0,2000000.0,2581907.9788531438,1021303.0289426572
POL-2020753,Community Bank,Midwest,2024,94260,0,0.0,0.0,0.0,4.517431271680085,0.69275,3.888888888888889,0.0,5,0.047,0.10904,0.10897,310375.32,33820.87,75157.49,-19102.51,0.79734,0.0,269847.7503132235,643209.722794241,107317.97613971206
POL-2020754,Asset Manager,Southeast,2020,842746,0,0.0,0.0,0.0,7.363025908625808,0.7120000000000001,2.8,0.6931471805599453,2,0.096,0.14838,0.14827,1221408.52,181103.43,402452.07,-440293.93,0.47755,0.0,1231704.827452493,2000000.0,502452.07
POL-2020755,National Bank,Northeast,2020,105728953,0,0.0,0.0,0.0,9.99811568161491,0.3845,5.2,0.0,50,2.428,0.22449,0.22434,1158806.8,259961.21,577691.58,-105151261.42,0.00546,0.0,1568015.6140846673,2862891.761961672,720836.1680980836
POL-2020756,Custodian Bank,West,2024,19406479,0,0.0,0.0,0.0,8.392060714658685,0.716,8.055555555555555,0.0,50,1.499,0.18321,0.18309,906462.48,165963.62,368808.04,-19037670.96,0.019,0.0,1128274.1177268254,2195821.260147211,478599.10300736054
POL-2020757,Fintech-Lending,West,2022,472559,0,0.0,0.0,0.0,5.765817865575654,0.8482500000000001,1.2820512820512822,0.0,5,0.065,0.16614,0.16603,2483443.02,412316.31,916258.48,443699.48,1.93893,0.0,3360237.619309842,5000000.0,1166258.48
POL-2020758,Broker-Dealer,Northeast,2022,1643113,0,0.0,0.0,0.0,6.153795959025435,0.68975,6.25,0.0,25,0.311,0.10847,0.1084,903333.15,97917.01,217593.35,-1425519.65,0.13243,0.0,771697.1787434905,2078318.3781596166,321509.2689079809
POL-2020759,Community Bank,Midwest,2021,142480,0,0.0,0.0,0.0,5.006627272698717,0.6172500000000001,3.4375,0.0,5,0.15,0.18811,0.18798,210508.21,39572.32,87938.49,-54541.51,0.6172,0.0,245317.31838279404,551733.5624017827,115525.16812008915
POL-2020760,Investment Bank,West,2021,87367726,0,0.0,0.0,0.0,8.636415191266876,0.6112500000000001,21.07142857142857,0.0,250,10.197,0.17468,0.17456,2006317.61,350225.08,778277.96,-86589448.04,0.00891,0.0,2536147.657018279,5015098.619310822,1029032.8909655411
POL-2020761,Fintech-Payments,Southeast,2024,1532103,0,0.0,0.0,0.0,7.0226898170742365,0.7510000000000001,3.7209302325581395,0.0,5,0.204,0.13006,0.12997,2951352.31,383596.28,852436.18,-679666.82,0.55638,0.0,2972542.9120612303,5000000.0,1102436.1800000002
POL-2020762,Broker-Dealer,National,2021,5854520,0,0.0,0.0,0.0,6.189085141191105,0.47175,12.258064516129032,0.0,250,3.2,0.28058,0.28039,5569507.05,1561620.07,3470266.82,-2384253.18,0.59275,0.0,10270060.211980613,19388519.402090188,4439692.790104509
POL-2020763,Community Bank,National,2022,56812,0,0.0,0.0,0.0,4.063885354737392,0.5725,41.66666666666667,0.0,5,0.17,0.23361,0.23345,402976.82,94074.68,209054.85,152242.85,3.67977,0.0,663093.795318811,1157075.2069605484,266908.61034802743
POL-2020764,Broker-Dealer,Midwest,2024,2134231,1,1.0,1867204.0,423690.0,6.946687488983924,0.6925,16.842105263157894,0.0,15,0.719,0.13084,0.13075,1847312.54,241529.88,536733.07,-1597497.93,0.25149,0.87488,1743390.9640343033,4435044.286356514,758485.2843178257
POL-2020765,Insurance Carrier,West,2021,4042115,0,0.0,0.0,0.0,8.142761525888247,0.8725000000000002,4.186046511627907,0.0,5,0.139,0.14876,0.14866,6308985.74,937895.18,2084211.51,-1957903.49,0.51562,0.0,5000000.0,5000000.0,2334211.51
POL-2020766,Broker-Dealer,Midwest,2020,1050708,0,0.0,0.0,0.0,6.511596730194272,0.776,7.959183673469389,0.0,10,0.472,0.11211,0.11203,2423453.28,271509.49,603354.43,-447353.57,0.57424,0.0,1499258.6784702889,4977545.964862918,852231.728243146
POL-2020767,Regional Bank,Northeast,2022,1226400,0,0.0,0.0,0.0,6.739218277158799,0.8055,25.58823529411765,0.0,10,0.477,0.14906,0.14896,1527653.79,227555.07,505677.94,-720722.06,0.41233,0.0,1861725.0186364255,3897319.183577539,700543.899178877
POL-2020768,Regional Bank,West,2022,3059180,0,0.0,0.0,0.0,7.4308256291645645,0.8310000000000001,6.451612903225806,0.0,15,0.47,0.15862,0.15851,6166603.98,977448.37,2172107.49,-887072.51,0.71003,0.0,7630309.333979751,15000000.0,2922107.49
POL-2020769,Community Bank,Northeast,2024,211925,0,0.0,0.0,0.0,4.732683506287051,0.77125,1.8181818181818183,0.0,15,0.422,0.12593,0.12584,1018190.4,128128.48,284729.94,72804.94,1.34354,0.0,934716.80090368,2594745.4598084968,414467.2129904248
POL-2020770,National Bank,Northeast,2020,101694648,0,0.0,0.0,0.0,8.956196229542185,0.6617500000000001,3.9534883720930236,0.0,250,7.037,0.13422,0.13413,2190326.09,293780.5,652845.56,-101041802.44,0.00642,0.0,1767065.9920060684,4701097.551511804,887900.4375755902
POL-2020771,Asset Manager,West,2022,653599,0,0.0,0.0,0.0,6.625657584824257,0.7505,50.425531914893625,0.0,5,0.218,0.21525,0.2151,870926.72,187337.95,416306.55,-237292.45,0.63694,0.0,1368443.4094408918,2231923.6638908545,527902.7331945427
POL-2020772,Insurance Carrier,West,2023,5101878,0,0.0,0.0,0.0,7.585534982410961,0.8145000000000001,4.0,0.0,25,1.064,0.13884,0.13874,705917.1,97939.77,217643.93,-4884234.07,0.04266,0.0,649900.0397017979,1675090.9963273022,301398.4798163651
POL-2020773,Credit Union,Southwest,2024,274548,0,0.0,0.0,0.0,5.173320876373351,0.60075,8.888888888888888,0.0,15,0.285,0.20284,0.2027,260359.97,52774.95,117277.67,-157270.33,0.42717,0.0,393674.78705268545,774806.8671721423,156018.0133586071
POL-2020774,National Bank,West,2020,189049316,0,0.0,0.0,0.0,10.873734131057583,0.7520000000000001,3.043478260869565,0.0,25,0.752,0.11828,0.1182,1561744.07,184597.99,410217.76,-188639098.24,0.00217,0.0,1200797.075842158,3041113.1544237216,562273.4177211861
POL-2020775,Community Bank,Southeast,2022,158914,0,0.0,0.0,0.0,4.696837374513915,0.48300000000000004,29.0,0.0,10,0.161,0.20717,0.20703,1473501.3,305061.12,677913.6,518999.6,4.26591,0.0,1975506.869356232,4619087.458921189,908867.9729460594
POL-2020776,Community Bank,Northeast,2022,137818,0,0.0,0.0,0.0,4.169761201506855,0.7645,18.63636363636364,0.0,25,0.462,0.14862,0.14852,910842.8,135274.43,300609.84,162791.84,2.18121,0.0,903141.2314836452,2284258.544332055,414822.7672166028
POL-2020777,Investment Bank,National,2024,54321778,0,0.0,0.0,0.0,8.733013996750596,0.78625,11.11111111111111,0.0,100,1.657,0.18806,0.18793,4709037.41,884982.07,1966626.82,-52355151.18,0.0362,0.0,6618386.983304615,12990763.752836818,2616165.0076418407
POL-2020778,Broker-Dealer,West,2023,1544522,0,0.0,0.0,0.0,7.783932098919717,0.796,12.1875,0.0,2,0.096,0.16927,0.16915,3054609.01,516694.14,1148209.19,-396312.81,0.74341,0.0,2000000.0,2404526.163552113,1268435.4981776057
POL-2020779,National Bank,Northeast,2024,147152025,0,0.0,0.0,0.0,9.88280003383901,0.7187500000000001,32.5,0.6931471805599453,100,2.571,0.13656,0.13647,700182.8,95551.1,212335.77,-146939689.23,0.00144,0.0,732270.1883556799,1757355.1712454741,300203.5285622737
POL-2020780,Fintech-Payments,Northeast,2022,404179,0,0.0,0.0,0.0,6.109025335847127,0.5245,21.666666666666668,0.0,2,0.08,0.17686,0.17674,132619.72,23439.31,52087.37,-352091.63,0.12887,0.0,189033.8386755545,400994.6596833135,72137.10298416569
POL-2020781,Insurance Carrier,Northeast,2024,12283854,0,0.0,0.0,0.0,8.28217946753154,0.8405000000000001,13.75,1.0986122886681098,25,1.028,0.18591,0.18578,5049015.94,938026.5,2084503.34,-10199350.66,0.16969,0.0,6634927.146883728,13780460.330585547,2773526.3565292777
POL-2020782,Fintech-Payments,Northeast,2021,2318306,0,0.0,0.0,0.0,6.032366538428407,0.9090000000000001,5.75,0.0,50,1.448,0.12086,0.12078,4395625.33,530888.19,1179751.52,-1138554.48,0.50889,0.0,4638297.704130091,10014487.7571775,1680475.907858875
POL-2020783,Regional Bank,West,2020,209406,0,0.0,0.0,0.0,5.810841546949609,0.8190000000000001,10.588235294117647,0.0,2,0.066,0.22655,0.22639,1478792.64,334786.19,743969.32,534563.32,3.55276,0.0,2000000.0,2972825.915952551,892610.6157976275
POL-2020784,Regional Bank,Southeast,2021,318885,0,0.0,0.0,0.0,6.2361738763367525,0.70525,20.76923076923077,0.6931471805599453,2,0.038,0.16745,0.16734,1528551.29,255786.25,568413.89,249528.89,1.7825,0.0,1848462.558199947,2000000.0,668413.89
POL-2020785,Credit Union,Southwest,2021,37466,0,0.0,0.0,0.0,4.8496837630384935,0.6825000000000001,36.5,0.0,1,0.034,0.17767,0.17755,273188.43,48503.47,107785.48,70319.48,2.87689,0.0,389003.25917977263,741729.7478290686,144871.96739145342
POL-2020786,Community Bank,Southwest,2020,26612,0,0.0,0.0,0.0,3.8979240810486444,0.7687499999999999,19.677419354838708,0.0,2,0.043,0.12996,0.12987,715465.73,92920.24,206489.43,179877.43,7.75926,0.0,726646.151120707,1637755.5326590852,288377.20663295424
POL-2020787,Regional Bank,Southwest,2023,439579,0,0.0,0.0,0.0,7.160535299424653,0.5527500000000001,15.555555555555555,0.6931471805599453,1,0.03,0.27003,0.26985,337517.75,91079.14,202398.1,-237180.9,0.46044,0.0,612846.3550285973,1000000.0,252398.1
POL-2020788,Hedge Fund,Southwest,2024,345940,1,1.0,151330.0,30595.0,6.299316826349146,0.6052500000000001,4.0625,0.0,2,0.087,0.18113,0.18101,225947.09,40898.38,90885.29,-255054.71,0.26272,0.43745,333534.84143068874,641574.3959719118,122964.0097985956
POL-2020789,Community Bank,West,2021,408473,0,0.0,0.0,0.0,3.673765816303888,0.6717500000000001,22.5,0.6931471805599453,250,4.903,0.2693,0.26912,1190758.52,320451.56,712114.58,303641.58,1.74336,0.0,2060603.872369479,3823808.3460692973,903304.9973034648
POL-2020790,Asset Manager,Southwest,2024,12029507,0,0.0,0.0,0.0,6.883769916231626,0.7657499999999999,19.761904761904766,0.0,250,11.83,0.14718,0.14708,5197917.32,764509.78,1698910.62,-10330596.38,0.14123,0.0,5344006.379783088,11391508.970976587,2268486.0685488293
POL-2020791,National Bank,Southeast,2022,100797240,0,0.0,0.0,0.0,9.66265725886158,0.66975,11.578947368421051,1.0986122886681098,100,3.297,0.17245,0.17233,9877444.57,1702183.93,3782630.97,-97014609.03,0.03753,0.0,12043556.067968825,26651789.504488606,5115220.44522443
POL-2020792,National Bank,Southeast,2020,84457810,0,0.0,0.0,0.0,9.296508893863225,0.77175,4.4,0.0,100,3.697,0.10558,0.1055,4646666.48,490244.91,1089433.13,-83368376.87,0.0129,0.0,3773280.4854934565,9993038.467640638,1589085.0533820319
POL-2020793,Insurance Carrier,Southeast,2022,76122608,0,0.0,0.0,0.0,8.908735154150579,0.7465,13.666666666666666,0.0,250,11.546,0.12724,0.12715,4311771.68,548250.17,1218333.7,-74904274.3,0.016,0.0,3846665.5828269226,9050741.755009836,1670870.7877504919
POL-2020794,Hedge Fund,Northeast,2020,406528,0,0.0,0.0,0.0,5.0682750735426705,0.8175,2.3529411764705883,0.0,15,0.419,0.13766,0.13756,816364.97,112300.6,249556.89,-156971.11,0.61387,0.0,833963.0853275055,1807064.2192487505,339910.1009624376
POL-2020795,Credit Union,National,2023,20263,0,0.0,0.0,0.0,4.186619838331271,0.7217500000000001,34.1025641025641,0.0,1,0.025,0.1923,0.19217,297356.04,57143.76,126986.13,106723.13,6.2669,0.0,452350.9104800652,805425.6549905626,167257.41274952813
POL-2020796,Fintech-Payments,West,2023,892869,1,1.0,25590.0,14667.0,6.456926629122442,0.7230000000000001,3.3333333333333335,0.6931471805599453,5,0.087,0.19448,0.19435,2297132.11,446443.78,992097.28,99228.28,1.11113,0.02866,3249779.523019637,5000000.0,1242097.28
POL-2020797,Fintech-Payments,Southwest,2020,305648,0,0.0,0.0,0.0,5.37805233456689,0.7800000000000001,33.46153846153846,0.0,5,0.056,0.16602,0.1659,1219604.59,202334.53,449632.3,143984.3,1.47108,0.0,1399204.074428222,3158446.6394702964,607554.6319735148
POL-2020798,Community Bank,National,2022,153820,0,0.0,0.0,0.0,4.231203744939298,0.47,15.405405405405405,0.0,25,1.191,0.20642,0.20628,191124.59,39424.89,87610.86,-66209.14,0.56957,0.0,254816.24789155336,519474.2892305707,113584.57446152854
POL-2020799,Regional Bank,Southeast,2023,456863,0,0.0,0.0,0.0,5.800001332396744,0.8175,11.142857142857142,0.0,10,0.349,0.18714,0.18701,2781670.18,520201.4,1156003.12,699140.12,2.53031,0.0,3655393.504063033,8198979.786153513,1565952.1093076759
POL-2020800,Asset Manager,Southeast,2021,2515648,0,0.0,0.0,0.0,7.173115052429426,0.60625,34.64285714285714,0.0,15,0.713,0.1679,0.16778,1899887.54,318765.21,708367.14,-1807280.86,0.28158,0.0,2280674.2239394197,4960442.099744921,956389.2449872461
POL-2020801,Fintech-Lending,Northeast,2024,106748,1,1.0,70279.0,28776.0,4.258445572902527,0.4815,21.11111111111111,0.0,5,0.224,0.21499,0.21484,596000.55,128047.69,284550.41,177802.41,2.66563,0.65836,787378.9063834168,1650428.2982151487,367071.8249107574
POL-2020802,Fintech-Lending,Northeast,2020,264270,0,0.0,0.0,0.0,4.4355674016019115,0.7622500000000001,5.777777777777778,0.0,15,0.32,0.12482,0.12473,1560827.48,194682.39,432627.54,168357.54,1.63707,0.0,1650844.5872179482,4370338.3661825545,651144.4583091277
POL-2020803,Community Bank,National,2024,88897,0,0.0,0.0,0.0,4.613138355637268,0.8690000000000001,27.25,0.0,5,0.198,0.16033,0.16022,1632902.47,261617.14,581371.43,492474.43,6.53983,0.0,1797802.1970940465,3716561.7574503003,767199.5178725151
POL-2020804,Asset Manager,Southeast,2020,611988,0,0.0,0.0,0.0,6.415424237852311,0.44250000000000006,6.097560975609756,0.0,5,0.192,0.2243,0.22415,2524210.75,565796.76,1257326.13,645338.13,2.05449,0.0,4032254.869378612,5039410.993740859,1509296.679687043
POL-2020805,Community Bank,Northeast,2022,94044,0,0.0,0.0,0.0,4.351567427189173,0.8765000000000002,21.627906976744185,0.0,10,0.055,0.11548,0.1154,838128.13,96716.78,214926.17,120882.17,2.28538,0.0,654428.5177774032,1984796.9694302522,314166.0184715126
POL-2020806,Broker-Dealer,Northeast,2022,440271,0,0.0,0.0,0.0,6.469405343538196,0.862,3.235294117647059,0.0,2,0.089,0.07913,0.07908,1739332.72,137541.12,305646.93,-134624.07,0.69422,0.0,819810.3859903549,2000000.0,405646.93
POL-2020807,Regional Bank,West,2024,581673,0,0.0,0.0,0.0,5.43372200355424,0.5115000000000001,37.43589743589744,0.0,25,1.166,0.31662,0.3164,981568.74,310572.61,690161.35,108488.35,1.18651,0.0,1924097.6833195724,3219657.8786871317,851144.2439343566
POL-2020808,National Bank,Midwest,2020,301327536,0,0.0,0.0,0.0,10.080662555177204,0.7570000000000001,8.444444444444445,1.0986122886681098,250,1.337,0.15781,0.15771,6654339.17,1049432.96,2332073.26,-298995462.74,0.00774,0.0,9003807.726531526,17383023.252997503,3201224.422649875
POL-2020809,Hedge Fund,West,2022,198358,1,1.0,148872.0,75587.0,6.000919705878737,0.7180000000000001,11.304347826086955,0.0,1,0.025,0.30603,0.30582,434791.92,132968.98,295486.63,97128.63,1.48966,0.75052,772514.8447112311,1229647.8725866866,356969.02362933435
POL-2020810,Fintech-Payments,Northeast,2024,233029,1,1.0,127648.0,46086.0,4.919980925828125,0.80425,11.818181818181817,0.6931471805599453,5,0.229,0.17111,0.17099,432654.21,73979.17,164398.16,-68630.84,0.70548,0.54778,552075.4806830408,1318710.3242136731,230333.67621068365
POL-2020811,Regional Bank,West,2020,724690,0,0.0,0.0,0.0,7.500861105361856,0.61475,49.28571428571428,0.0,1,0.025,0.33479,0.33456,3706827.81,1240141.82,2755870.7,2031180.7,3.80283,0.0,1000000.0,2000000.0,2855870.7
POL-2020812,Insurance Carrier,Northeast,2023,728291,0,0.0,0.0,0.0,7.041674096547924,0.9127500000000001,6.304347826086957,0.0,2,0.046,0.11853,0.11845,876092.27,103772.4,230605.34,-497685.66,0.31664,0.0,713725.5254299209,1281948.7045342189,294702.77522671095
POL-2020813,Credit Union,Southeast,2022,91105,0,0.0,0.0,0.0,3.380994674344636,0.7620000000000001,5.416666666666667,0.0,50,2.499,0.13961,0.13952,454248.82,63375.61,140834.68,49729.68,1.54585,0.0,442450.36189193063,997312.3286742629,190700.29643371314
POL-2020814,National Bank,Southeast,2020,198832760,0,0.0,0.0,0.0,10.543326251687674,0.6565000000000001,3.414634146341464,0.0,50,1.109,0.13461,0.13452,10126545.08,1362214.52,3027143.38,-195805616.62,0.01522,0.0,9782565.793658245,26680311.240754325,4361158.9420377165
POL-2020815,Community Bank,Southeast,2021,172973,0,0.0,0.0,0.0,4.4331949212482815,0.6025,60.41666666666667,0.6931471805599453,25,0.976,0.18431,0.18419,677160.04,124723.06,277162.36,104189.36,1.60234,0.0,870700.4023077697,1591117.8893076384,356718.2544653819
POL-2020816,Hedge Fund,Southeast,2022,5766825,0,0.0,0.0,0.0,6.725393721388161,0.619,0.9090909090909091,0.6931471805599453,100,4.247,0.1399,0.1398,716534.27,100173.22,222607.15,-5544217.85,0.0386,0.0,797156.6433935752,1882672.0074897418,316740.7503744871
POL-2020817,Regional Bank,Southwest,2021,632654,0,0.0,0.0,0.0,6.9505273708260065,0.752,9.30232558139535,0.6931471805599453,2,0.071,0.23492,0.23476,409393.77,96110.59,213579.08,-419074.92,0.33759,0.0,600286.1038339321,945867.7839288318,260872.46919644158
POL-2020818,Credit Union,Southeast,2022,24343,0,0.0,0.0,0.0,3.912023005428146,0.79525,5.862068965517242,0.0,2,0.025,0.13051,0.13042,612619.4,79895.79,177546.2,153203.2,7.29352,0.0,710243.0031937012,1503136.945358471,252703.04726792357
POL-2020819,Regional Bank,Northeast,2020,1053652,0,0.0,0.0,0.0,6.84587987526405,0.8495,10.681818181818183,0.0,5,0.178,0.15773,0.15762,383834.29,60499.44,134443.2,-919208.8,0.1276,0.0,424905.07030628773,1017160.6787699964,185301.23393849982
POL-2020820,Fintech-Lending,Southeast,2021,776218,1,1.0,580339.0,0.0,5.762994334288047,0.8350000000000001,17.575757575757574,0.0,10,0.263,0.15268,0.15257,1975100.74,301349.41,669665.36,-106552.64,0.86273,0.74765,2339910.332081201,5505582.107969657,944944.4653984827
POL-2020821,Regional Bank,Midwest,2021,3611121,0,0.0,0.0,0.0,7.113386378545049,0.8019999999999999,6.666666666666667,0.0,25,1.194,0.16127,0.16116,4991100.0,804379.17,1787509.27,-1823611.73,0.495,0.0,6199059.202092102,14472420.247587137,2511130.282379357
POL-2020822,National Bank,Northeast,2021,305335985,0,0.0,0.0,0.0,9.800834479556542,0.72425,5.744680851063831,0.0,500,23.151,0.10802,0.10795,1086923.47,117333.98,260742.18,-305075242.82,0.00085,0.0,776323.228171015,2367997.268161848,379142.0434080924
POL-2020823,Community Bank,National,2024,98273,1,1.0,27489.0,18362.0,4.729156165769083,0.766,8.620689655172415,0.0,5,0.097,0.217,0.21685,572794.35,124212.96,276028.81,177755.81,2.8088,0.27972,869552.3629247966,1525620.573612184,352309.8386806092
POL-2020824,Fintech-Lending,Midwest,2022,98295,0,0.0,0.0,0.0,4.694096395182493,0.5202500000000001,4.390243902439025,0.6931471805599453,2,0.025,0.20395,0.20381,317918.67,64795.72,143990.49,45695.49,1.46488,0.0,469912.67723120376,909613.3921940973,189471.15960970486
POL-2020825,Fintech-Lending,West,2021,1313429,0,0.0,0.0,0.0,5.82363743646448,0.87675,4.878048780487806,0.0,25,1.248,0.11432,0.11424,1862983.4,212828.83,472952.96,-840476.04,0.36009,0.0,1769644.7370479733,5015717.095875836,723738.8147937919
POL-2020826,Fintech-Lending,Midwest,2024,300268,0,0.0,0.0,0.0,5.116195789756748,0.77375,24.137931034482758,0.0,10,0.457,0.22503,0.22487,1993278.51,448232.43,996072.08,695804.08,3.31728,0.0,3166698.8065790706,5459513.296756551,1269047.7448378275
POL-2020827,Credit Union,West,2023,37831,0,0.0,0.0,0.0,3.8628327612373745,0.6527499999999999,14.285714285714286,0.0,5,0.189,0.18665,0.18652,178468.76,33288.56,73974.59,36143.59,1.9554,0.0,234497.3366064218,485494.71880850935,98249.32594042546
POL-2020828,Asset Manager,Midwest,2021,581522,1,1.0,137339.0,15053.0,6.210600077024653,0.7937500000000001,5.384615384615384,0.0,5,0.103,0.15896,0.15885,2455350.25,390038.41,866752.03,285230.03,1.49049,0.23617,2784132.786009539,5000000.0,1116752.03
POL-2020829,Regional Bank,Southwest,2023,927249,0,0.0,0.0,0.0,7.456512323582683,0.8785,7.368421052631579,0.0,2,0.073,0.13986,0.13976,4241011.32,592731.59,1317181.32,389932.32,1.42053,0.0,2000000.0,2007815.83355458,1417572.111677729
POL-2020830,Investment Bank,Southeast,2022,4586896,0,0.0,0.0,0.0,8.148763718608901,0.7645000000000001,8.333333333333334,0.0,5,0.072,0.15807,0.15797,3946608.41,623428.04,1385395.66,-3201500.34,0.30203,0.0,3760832.105306268,5000000.0,1635395.66
POL-2020831,Fintech-Lending,Southeast,2024,236054,0,0.0,0.0,0.0,5.9796449703026395,0.7500000000000001,8.0,0.0,1,0.049,0.14561,0.14551,2247954.62,327090.58,726867.95,490813.95,3.07924,0.0,1000000.0,1000000.0,776867.95
POL-2020832,Hedge Fund,National,2022,724379,0,0.0,0.0,0.0,6.179809592879496,0.784,6.666666666666667,0.0,5,0.214,0.12844,0.12835,747630.83,95957.15,213238.1,-511140.9,0.29437,0.0,627397.8492510435,1764291.792097608,301452.6896048804
POL-2020833,Regional Bank,Midwest,2024,1081906,0,0.0,0.0,0.0,5.855644823965447,0.5277499999999999,6.052631578947368,0.6931471805599453,25,0.374,0.16886,0.16874,859731.57,145074.22,322387.16,-759518.84,0.29798,0.0,1101036.9758253812,2566224.910488891,450698.40552444453
POL-2020834,Insurance Carrier,Southwest,2020,1727994,0,0.0,0.0,0.0,6.998874872349621,0.654,13.75,0.6931471805599453,10,0.442,0.20404,0.2039,234392.71,47792.06,106204.58,-1621789.42,0.06146,0.0,345951.9804716788,673409.7191924909,139875.06595962454
POL-2020835,Asset Manager,Southwest,2024,548566,1,1.0,1309003.0,834195.0,5.996452088619021,0.7572500000000001,6.052631578947368,0.6931471805599453,10,0.228,0.14919,0.14909,1971565.48,293946.18,653213.74,104647.74,1.19077,2.38623,2220693.619115822,4609271.412444022,883677.3106222011
POL-2020836,Community Bank,Midwest,2023,88994,1,1.0,2707498.0,1303640.0,4.49647076906475,0.52175,4.838709677419355,0.6931471805599453,5,0.123,0.25144,0.25127,1458981.85,366596.26,814658.36,725664.36,9.15408,30.42338,2224176.9767340915,4357138.395653861,1032515.279782693
POL-2020837,Insurance Carrier,Southwest,2023,3102017,0,0.0,0.0,0.0,8.175322408833226,0.89675,7.8571428571428585,0.0,5,0.2,0.10209,0.10202,1397397.15,142560.99,316802.19,-2785214.81,0.10213,0.0,1164942.1512225855,3588165.429537598,496210.4614768799
POL-2020838,Fintech-Payments,Northeast,2024,1134706,0,0.0,0.0,0.0,6.189700462716007,0.653,18.064516129032256,0.6931471805599453,10,0.104,0.14993,0.14983,213728.08,32022.82,71161.82,-1063544.18,0.06271,0.0,203930.04376728943,494277.9702109129,95875.71851054566
POL-2020839,Community Bank,Southeast,2024,630235,0,0.0,0.0,0.0,5.023222409601727,0.83875,46.060606060606055,0.0,50,2.108,0.13324,0.13315,1100283.19,146498.95,325553.22,-304681.78,0.51656,0.0,1044655.9697627482,2787522.25563134,464929.332781567
POL-2020840,Regional Bank,Southeast,2024,1668874,0,0.0,0.0,0.0,6.097849537811996,0.56625,53.47826086956521,0.0,50,0.799,0.21343,0.21328,7053666.6,1504435.32,3343189.61,1674315.61,2.00326,0.0,9151666.59677824,16698231.916912083,4178101.205845604
POL-2020841,Broker-Dealer,Southeast,2020,246782,0,0.0,0.0,0.0,6.129485845005356,0.9169999999999999,27.021276595744684,0.0,1,0.025,0.09487,0.0948,5549336.74,526093.52,1169096.72,922314.72,4.73737,0.0,1000000.0,1000000.0,1219096.72
POL-2020842,Regional Bank,Southwest,2024,812261,0,0.0,0.0,0.0,6.5530783377060775,0.7635,14.827586206896552,0.0,5,0.071,0.1532,0.1531,786967.23,120481.54,267736.75,-544524.25,0.32962,0.0,879664.0434436132,2028176.1732531171,369145.5586626559
POL-2020843,Insurance Carrier,Southwest,2023,5037834,0,0.0,0.0,0.0,7.107589260860723,0.9030000000000001,5.333333333333333,0.0,50,1.802,0.07922,0.07917,1729905.06,136955.31,304345.13,-4733488.87,0.06041,0.0,719559.9999252805,3568781.2385098157,482784.1919254908
POL-2020844,Community Bank,Southeast,2021,212429,0,0.0,0.0,0.0,4.694096395182493,0.6100000000000001,14.193548387096774,0.6931471805599453,15,0.699,0.12719,0.12711,163298.46,20756.41,46125.35,-166303.65,0.21713,0.0,127462.57570680777,348753.85201430885,63563.042600715446
POL-2020845,Broker-Dealer,West,2021,4009897,0,0.0,0.0,0.0,6.571582997369922,0.7585000000000001,4.6875,0.0,50,2.306,0.12539,0.1253,2780493.31,348409.28,774242.84,-3235654.16,0.19308,0.0,2533763.1653755815,6095741.286693507,1079029.9043346753
POL-2020846,Fintech-Lending,Southwest,2023,609664,0,0.0,0.0,0.0,5.14166355650266,0.7257500000000001,8.78048780487805,0.0,25,0.486,0.22707,0.22691,3487153.9,791275.56,1758390.13,1148726.13,2.8842,0.0,5955058.738707405,10118046.49923038,2264292.4549615188
POL-2020847,Investment Bank,West,2021,78774883,0,0.0,0.0,0.0,8.614247304230489,0.7827500000000001,5.3125,0.0,250,2.456,0.1304,0.13031,6048657.05,788222.13,1751604.74,-77023278.26,0.02224,0.0,6931553.565097994,16109449.623032792,2557077.2211516397
POL-2020848,Fintech-Lending,Northeast,2021,427327,0,0.0,0.0,0.0,5.286244785313768,0.56075,25.333333333333332,0.0,10,0.398,0.18309,0.18297,274981.99,50313.26,111807.24,-315519.76,0.26164,0.0,318857.06449413334,687639.5279197725,146189.21639598862
POL-2020849,Fintech-Payments,Midwest,2020,928568,0,0.0,0.0,0.0,5.5698700570699335,0.811,28.108108108108105,0.6931471805599453,25,1.066,0.13052,0.13043,1266738.76,165220.85,367157.44,-561410.56,0.3954,0.0,1604290.3405599669,3369275.384497136,535621.2092248568
POL-2020850,Asset Manager,National,2023,583772,0,0.0,0.0,0.0,5.684599655239428,0.61325,4.7368421052631575,0.0,15,0.414,0.20767,0.20753,1833032.82,380410.6,845356.88,261584.88,1.44809,0.0,2762892.65853247,5620764.251003335,1126395.0925501669
POL-2020851,Regional Bank,Southwest,2020,262895,0,0.0,0.0,0.0,5.709433146165015,0.7322500000000001,21.5,0.0,5,0.188,0.15263,0.15252,737898.65,112545.04,250100.09,-12794.91,0.95133,0.0,851596.0326225013,2077923.9861668993,353996.28930834495
POL-2020852,Insurance Carrier,Northeast,2023,21457450,0,0.0,0.0,0.0,8.55643313515384,0.63975,59.375,1.0986122886681098,50,0.529,0.20447,0.20433,2695629.99,550791.68,1223981.51,-20233468.49,0.05704,0.0,3394150.084464206,7833366.7873733165,1615649.8493686658
POL-2020853,Asset Manager,Southeast,2023,1267090,0,0.0,0.0,0.0,6.327579577081353,0.8462500000000001,6.363636363636364,0.0,15,0.176,0.11894,0.11886,7203914.84,856252.38,1902783.06,635693.06,1.5017,0.0,7266916.263261111,15000000.0,2652783.06
POL-2020854,Regional Bank,Southwest,2024,1124362,0,0.0,0.0,0.0,6.330967899538387,0.8729999999999999,2.162162162162162,0.6931471805599453,15,0.499,0.12735,0.12726,3072414.71,391009.39,868909.76,-255452.24,0.7728,0.0,3252453.5846925383,6472218.455362908,1192520.6827681453
POL-2020855,Regional Bank,Southeast,2023,407960,0,0.0,0.0,0.0,5.848171377281505,0.5449999999999999,37.05882352941176,0.0,5,0.084,0.18655,0.18643,1436240.05,267751.52,595003.37,187043.37,1.45848,0.0,2191880.7049216586,4509710.252984912,820488.8826492457
POL-2020856,Community Bank,National,2021,17719,0,0.0,0.0,0.0,3.7977338590260183,0.9165,23.181818181818183,0.0,1,0.042,0.13942,0.13932,529766.65,73807.71,164017.14,146298.14,9.25657,0.0,613699.6654014487,1000000.0,214017.14
POL-2020857,Fintech-Payments,West,2022,322308,0,0.0,0.0,0.0,5.8519150821578965,0.5387500000000001,3.7037037037037033,0.0,2,0.099,0.27695,0.27676,550335.69,152309.73,338466.07,16158.07,1.05013,0.0,975624.0589348765,1962015.6722610965,436566.85361305485
POL-2020858,Community Bank,Northeast,2022,34277,0,0.0,0.0,0.0,4.545420181582317,0.707,97.36842105263158,0.0,1,0.048,0.19737,0.19723,119583.72,23585.94,52413.19,18136.19,1.52911,0.0,191784.44797157095,305131.6478959635,67669.77239479817
POL-2020859,Fintech-Payments,Southwest,2024,327445,0,0.0,0.0,0.0,6.5203265333600715,0.9249999999999999,2.5490196078431375,0.0,1,0.025,0.1343,0.13421,1770249.99,237581.06,527957.92,200512.92,1.61236,0.0,1000000.0,1000000.0,577957.92
POL-2020860,Custodian Bank,Midwest,2024,32873103,0,0.0,0.0,0.0,9.467730748685575,0.575,25.833333333333336,0.0,25,0.972,0.14947,0.14937,465357.26,69508.86,154464.14,-32718638.86,0.0047,0.0,533945.8694318754,1215590.409738128,215243.66048690642
POL-2020861,Insurance Carrier,National,2022,7035459,0,0.0,0.0,0.0,8.036832108454066,0.67575,36.0,0.6931471805599453,25,0.59,0.24052,0.24036,2071464.74,497895.7,1106434.89,-5929024.11,0.15727,0.0,3316869.2782106074,6123228.679378063,1412596.3239689032
POL-2020862,Credit Union,Southeast,2023,140641,0,0.0,0.0,0.0,4.5685062016165,0.6214999999999999,4.117647058823529,0.0,15,0.619,0.16267,0.16256,845174.88,137392.28,305316.19,164675.19,2.17089,0.0,1161209.3618163588,2252861.2251471463,417959.2512573573
POL-2020863,Regional Bank,West,2020,2636342,0,0.0,0.0,0.0,7.051855622955894,0.8150000000000001,80.71428571428571,0.0,15,0.744,0.2034,0.20326,1887826.62,383714.31,852698.47,-1783643.53,0.32344,0.0,2810948.434258296,5298041.140939754,1117600.5270469878
POL-2020864,Community Bank,National,2023,23449,0,0.0,0.0,0.0,4.231203744939298,0.67475,3.125,1.3862943611198906,1,0.04,0.20535,0.20521,241547.24,49566.87,110148.6,86699.6,4.69737,0.0,298226.0895782403,603959.5413331004,140346.57706665504
POL-2020865,Fintech-Payments,Southeast,2024,676077,0,0.0,0.0,0.0,5.081404364984463,0.8075,7.105263157894736,0.0,25,1.216,0.14987,0.14977,2872249.17,430179.86,955955.25,279878.25,1.41397,0.0,3721742.116601675,7170433.312482581,1314476.9156241291
POL-2020866,Regional Bank,West,2021,449442,1,1.0,1862956.0,868976.0,5.349010480863555,0.8364999999999999,6.285714285714286,0.0,15,0.142,0.15629,0.15618,618065.85,96531.76,214515.01,-234926.99,0.47729,4.14504,716237.5758340837,1497701.462469014,289400.08312345075
POL-2020867,Fintech-Lending,Southeast,2020,778295,0,0.0,0.0,0.0,5.5939676086489944,0.8870000000000001,4.523809523809525,0.6931471805599453,15,0.481,0.15206,0.15195,865957.81,131583.77,292408.39,-485886.61,0.3757,0.0,985932.7568771433,1977900.9549627656,391303.4377481383
POL-2020868,Fintech-Lending,Southwest,2021,71276,0,0.0,0.0,0.0,4.8993312245375815,0.82025,2.3684210526315788,0.0,1,0.049,0.11493,0.11485,1258544.1,144540.98,321202.19,249926.19,4.50646,0.0,1000000.0,1000000.0,371202.19
POL-2020869,Investment Bank,Southwest,2024,68664788,0,0.0,0.0,0.0,8.519550410989917,0.8595,2.3255813953488373,0.0,250,11.492,0.10067,0.1006,6946674.1,698851.13,1553002.51,-67111785.49,0.02262,0.0,5259975.186700451,13523372.556428628,2229171.1378214313
POL-2020870,Asset Manager,Southwest,2024,530322,0,0.0,0.0,0.0,6.11257537285704,0.84025,3.142857142857143,0.0,5,0.027,0.10324,0.10317,1961476.75,202372.82,449717.37,-80604.63,0.84801,0.0,1882866.7942838112,4348248.058083233,667129.7729041617
POL-2020871,Regional Bank,Midwest,2022,455239,0,0.0,0.0,0.0,6.512933330972452,0.9207500000000001,24.651162790697676,0.0,2,0.089,0.13546,0.13537,1196229.36,161935.59,359856.87,-95382.13,0.79048,0.0,1103877.1655029405,2000000.0,459856.87
POL-2020872,Hedge Fund,Southeast,2023,597222,0,0.0,0.0,0.0,6.57242239305435,0.741,22.173913043478258,0.0,2,0.025,0.15284,0.15273,1003420.59,153254.9,340566.44,-256655.56,0.57025,0.0,1088074.1921968178,2000000.0,440566.44
POL-2020873,Insurance Carrier,Southwest,2023,26951759,0,0.0,0.0,0.0,8.402747082023419,0.69825,23.61111111111111,0.0,100,1.154,0.15045,0.15035,3100847.17,466206.93,1036015.39,-25915743.61,0.03844,0.0,2563350.6250615683,7162073.763725444,1394119.0781862722
POL-2020874,Regional Bank,Southeast,2020,5940232,0,0.0,0.0,0.0,6.914730892718563,0.42925,16.0,0.6931471805599453,100,0.726,0.27177,0.27158,2296962.12,623818.21,1386262.69,-4553969.31,0.23337,0.0,4032615.7418965856,5997949.628433425,1686160.1714216713
POL-2020875,Insurance Carrier,National,2022,4870640,0,0.0,0.0,0.0,8.076235611617575,0.5782500000000002,11.304347826086955,0.0,10,0.27,0.24817,0.248,1789838.33,443886.09,986413.53,-3884226.47,0.20252,0.0,3012287.272131669,5738351.1225495925,1273331.0861274796
POL-2020876,Insurance Carrier,National,2021,21664983,0,0.0,0.0,0.0,8.138418698561118,0.7597500000000001,2.25,0.6931471805599453,100,2.121,0.14647,0.14637,3675890.72,538039.22,1195642.7,-20469340.3,0.05519,0.0,4051468.157869877,10410961.341965107,1716190.7670982555
POL-2020877,Community Bank,Northeast,2023,134525,0,0.0,0.0,0.0,4.851248708584797,0.6912499999999999,28.61111111111111,0.0,5,0.073,0.15178,0.15167,406075.84,61590.89,136868.64,2343.64,1.01742,0.0,456588.1161864289,1026807.2634215369,188209.00317107685
POL-2020878,National Bank,Southwest,2024,460027904,0,0.0,0.0,0.0,10.463803095585824,0.8352499999999999,2.903225806451613,0.0,250,6.411,0.10005,0.09998,7557488.1,755622.22,1679160.48,-458348743.52,0.00365,0.0,5913397.632325896,18033088.699127525,2580814.9149563764
POL-2020879,Fintech-Lending,Northeast,2024,344856,0,0.0,0.0,0.0,5.592105757431579,0.766,7.674418604651163,0.6931471805599453,5,0.23,0.13122,0.13113,568895.81,74599.37,165776.37,-179079.63,0.48071,0.0,565816.8002057716,1271858.5778807455,229369.29889403726
POL-2020880,Community Bank,National,2021,26220,0,0.0,0.0,0.0,4.023564380161053,0.546,1.904761904761905,0.0,2,0.025,0.23074,0.23058,453267.75,104514.63,232254.74,206034.74,8.85792,0.0,705067.3952656423,1324007.5732130387,298455.11866065196
POL-2020881,Regional Bank,National,2020,1142558,0,0.0,0.0,0.0,6.544487219573761,0.7892500000000001,4.999999999999999,0.0,10,0.322,0.12805,0.12797,581925.24,74467.14,165482.54,-977075.46,0.14484,0.0,534763.8133156688,1464508.7652310976,238707.9782615549
POL-2020882,Regional Bank,West,2023,3293481,0,0.0,0.0,0.0,6.211603589401893,0.83075,5.0,0.0,100,0.791,0.14039,0.1403,1352613.83,189766.94,421704.31,-2871776.69,0.12804,0.0,1526100.5723275193,3375616.372634946,590485.1286317473
POL-2020883,Community Bank,National,2021,198684,1,1.0,54871.0,33251.0,5.288267030694535,0.8642500000000001,12.5,0.0,5,0.214,0.17247,0.17236,1253757.4,216093.08,480206.83,281522.83,2.41694,0.27617,1457784.0454847973,2951000.642033819,627756.862101691
POL-2020884,Community Bank,National,2022,96819,0,0.0,0.0,0.0,5.230038525794742,0.8435,35.71428571428572,0.0,2,0.049,0.1598,0.15969,932399.83,148895.36,330878.57,234059.57,3.4175,0.0,1094869.8435546733,2000000.0,430878.57
POL-2020885,Credit Union,Northeast,2024,32848,0,0.0,0.0,0.0,4.1666652238017265,0.63975,17.586206896551726,0.0,2,0.025,0.18291,0.18278,241760.33,44189.03,98197.84,65349.84,2.98946,0.0,317920.86250642873,682069.7602247542,132301.32801123773
POL-2020886,Community Bank,Midwest,2023,34078,0,0.0,0.0,0.0,3.7977338590260183,0.51775,5.111111111111111,0.0,5,0.045,0.22751,0.22735,676175.97,153729.29,341620.63,307542.63,10.02467,0.0,1042976.0758801503,1879914.6995928024,435616.3649796401
POL-2020887,Credit Union,Midwest,2023,18821,0,0.0,0.0,0.0,4.028916756899646,0.82425,20.81081081081081,0.6931471805599453,1,0.035,0.16758,0.16747,221319.95,37064.11,82364.68,63543.68,4.37621,0.0,240041.97045566514,636095.2339739552,114169.44169869774
POL-2020888,Fintech-Lending,Northeast,2023,2244086,0,0.0,0.0,0.0,6.148895555056811,0.91925,7.380952380952382,0.0,50,1.881,0.16587,0.16576,2568225.51,425696.74,945992.76,-1298093.24,0.42155,0.0,2894775.4929304975,5669114.021200334,1229448.4610600166
POL-2020889,Credit Union,National,2021,64011,0,0.0,0.0,0.0,3.7819143200811256,0.5947500000000001,8.076923076923077,0.6931471805599453,10,0.411,0.31042,0.31021,145713.09,45201.69,100448.21,36437.21,1.56923,0.0,232577.3109187387,445889.44069421274,122742.68203471064
POL-2020890,Regional Bank,National,2022,254806,0,0.0,0.0,0.0,5.686297160315181,0.88275,5.675675675675675,0.0,5,0.121,0.15784,0.15774,3170596.13,500118.14,1111373.65,856567.65,4.36165,0.0,4738947.847802917,5000000.0,1361373.65
POL-2020891,Insurance Carrier,National,2020,70291713,0,0.0,0.0,0.0,8.76430323810297,0.8335,4.571428571428571,0.0,250,6.326,0.13647,0.13638,8228534.21,1122206.43,2493792.07,-67797920.93,0.03548,0.0,10544651.850821368,20013642.31992612,3494474.185996306
POL-2020892,Regional Bank,Northeast,2024,6712385,0,0.0,0.0,0.0,7.276418080566197,0.8502500000000001,3.5,0.0,50,2.184,0.13342,0.13333,2026960.26,270256.52,600570.05,-6111814.95,0.08947,0.0,1569489.0935686792,3698908.505360933,785515.4752680467
POL-2020893,Broker-Dealer,West,2024,10695800,1,1.0,3387813.0,1683010.0,7.626911278723133,0.8215,27.75,0.0,50,0.734,0.10624,0.10617,2121649.7,225255.21,500567.14,-10195232.86,0.0468,0.31674,1655307.7825439419,4089782.6708669234,705056.2735433462
POL-2020894,Credit Union,Northeast,2020,509867,1,1.0,153175.0,37274.0,3.58351893845611,0.47275,4.0,0.6931471805599453,500,7.092,0.45477,0.45446,170554.19,77510.26,172245.02,-337621.98,0.33782,0.30042,389319.4022725772,623529.9418842184,203421.5170942109
POL-2020895,Community Bank,National,2022,1044239,0,0.0,0.0,0.0,5.215479088239032,0.86875,4.615384615384616,0.0,100,1.698,0.13562,0.13553,6604029.46,895044.58,1988987.96,944748.96,1.90472,0.0,7867925.20782884,16631326.782784065,2820554.2991392035
POL-2020896,Fintech-Payments,Northeast,2022,1174928,0,0.0,0.0,0.0,5.604330395684541,0.7110000000000001,14.878048780487806,0.0,25,0.504,0.12221,0.12213,1236476.33,151010.53,335578.95,-839349.05,0.28562,0.0,894014.6645671619,2436641.938078977,457411.0469039489
POL-2020897,Insurance Carrier,Southeast,2023,48820433,0,0.0,0.0,0.0,8.553042844309935,0.7405,43.82352941176471,0.0,250,8.446,0.13431,0.13422,6436728.51,863927.93,1919839.85,-46900593.15,0.03932,0.0,7325672.356866999,18584805.12588021,2849080.1062940108
POL-2020898,Regional Bank,Southeast,2024,3929370,0,0.0,0.0,0.0,6.598236511921182,0.541,23.57142857142857,0.0,100,4.712,0.18981,0.18968,4016933.65,761946.5,1693214.44,-2236155.56,0.43091,0.0,6032123.156609338,11373583.120150136,2261893.596007507
POL-2020899,Regional Bank,Southwest,2020,313745,0,0.0,0.0,0.0,6.268906871829571,0.6964999999999999,19.411764705882355,0.6931471805599453,2,0.07,0.2115,0.21135,478006.26,101026.91,224504.25,-89240.75,0.71556,0.0,697955.0556998658,1286433.5791934703,288825.9289596735
POL-2020900,Regional Bank,West,2024,391488,0,0.0,0.0,0.0,6.608135568957313,0.6805000000000001,4.193548387096774,1.0986122886681098,2,0.038,0.21018,0.21003,2465460.66,517831.24,1150736.09,759248.09,2.93939,0.0,2000000.0,2664998.4851471675,1283986.0142573584
POL-2020901,Community Bank,Southeast,2021,96570,1,1.0,457778.0,109526.0,4.135166556742356,0.807,12.1875,0.0,10,0.134,0.10816,0.10809,941945.81,101811.26,226247.25,129677.25,2.34283,4.74037,827539.0996179902,1869662.792329452,319730.3896164726
POL-2020902,Custodian Bank,Southeast,2020,74399663,0,0.0,0.0,0.0,8.958861644484616,0.8544999999999999,7.142857142857143,0.0,250,10.666,0.07341,0.07336,2209953.04,162117.3,360260.67,-74039402.33,0.00484,0.0,1154512.3523963126,3580796.4115159516,539300.4905757976
POL-2020903,Custodian Bank,National,2022,78543039,0,0.0,0.0,0.0,9.803932375466536,0.45799999999999996,7.666666666666667,0.6931471805599453,50,1.058,0.17888,0.17876,190746.58,34097.81,75772.91,-78467266.09,0.00096,0.0,251416.1249918582,526127.169335577,102079.26846677886
POL-2020904,Community Bank,National,2021,96874,0,0.0,0.0,0.0,4.762173934797756,0.7952500000000001,11.428571428571427,0.6931471805599453,5,0.056,0.24847,0.2483,653795.35,162337.43,360749.85,263875.85,3.72391,0.0,1080762.2814885727,1999754.378582807,460737.56892914034
POL-2020905,Asset Manager,Midwest,2022,19828422,0,0.0,0.0,0.0,8.01862546504575,0.749,6.862745098039216,0.0,100,2.457,0.16765,0.16753,5648335.74,946277.25,2102838.33,-17725583.67,0.10605,0.0,7573794.779374868,15036290.778984657,2854652.868949233
POL-2020906,Credit Union,Southeast,2022,21850,0,0.0,0.0,0.0,3.9871304779149512,0.7365,25.0,0.0,2,0.025,0.16951,0.1694,498569.95,84456.7,187681.55,165831.55,8.58954,0.0,644365.601775749,1221475.4535193297,248755.32267596648
POL-2020907,Community Bank,National,2021,14330,0,0.0,0.0,0.0,3.858622228701031,0.71275,2.0,0.0,1,0.025,0.16504,0.16493,457713.16,75488.59,167752.41,153422.41,11.70638,0.0,549884.4024117487,1001561.9433988775,217830.50716994388
POL-2020908,Broker-Dealer,Northeast,2021,867904,0,0.0,0.0,0.0,6.698144741950512,0.39525,14.8,0.0,5,0.127,0.21073,0.21058,916142.3,192925.34,428722.98,-439181.02,0.49398,0.0,1248427.0030737093,2363840.0372825386,546914.9818641269
POL-2020909,Hedge Fund,Southwest,2021,393184,1,1.0,431428.0,102244.0,5.8057371971791945,0.8190000000000001,6.25,0.0,5,0.1,0.14515,0.14505,915062.82,132732.04,294960.1,-98223.9,0.75018,1.09727,826705.3223523691,2132538.9069255213,401587.045346276
POL-2020910,Community Bank,Southwest,2023,302779,0,0.0,0.0,0.0,5.2663105704129505,0.6695,28.709677419354836,0.0,15,0.305,0.16147,0.16136,1150485.35,185640.41,412534.25,109755.25,1.36249,0.0,1354514.8919068116,2993385.156232544,562203.5078116272
POL-2020911,National Bank,West,2020,215540610,1,1.0,6864038.0,2925498.0,10.808858884161006,0.6160000000000001,17.391304347826086,0.6931471805599453,50,1.48,0.20596,0.20582,3040225.89,625725.52,1390501.14,-214150108.86,0.00645,0.03185,3669907.160423038,8668252.371210406,1823913.7585605201
POL-2020912,Regional Bank,Midwest,2024,433768,0,0.0,0.0,0.0,5.689345426858432,0.90125,15.6,1.0986122886681098,10,0.49,0.14165,0.14155,503442.81,71263.0,158362.22,-275405.78,0.36509,0.0,459637.60163636826,1124827.163730291,214603.57818651455
POL-2020913,Credit Union,Northeast,2024,31317,0,0.0,0.0,0.0,2.8507065015037334,0.7170000000000001,6.410256410256411,0.0,25,0.815,0.16338,0.16326,376623.55,61489.28,136642.84,105325.84,4.36322,0.0,427223.8216951938,949295.8864312306,184107.63432156152
POL-2020914,Asset Manager,Southeast,2020,5444300,0,0.0,0.0,0.0,8.161003843842218,0.763,9.999999999999998,0.0,10,0.41,0.16002,0.15991,4445270.28,710853.1,1579673.55,-3864626.45,0.29015,0.0,4957618.728806587,10000000.0,2079673.55
POL-2020915,Community Bank,Southeast,2024,43685,0,0.0,0.0,0.0,3.879499813722586,0.94775,13.958333333333334,1.0986122886681098,5,0.095,0.12726,0.12717,1174244.0,149327.22,331838.27,288153.27,7.59616,0.0,1072798.8431304295,2794132.4451531004,471544.89225765504
POL-2020916,Community Bank,West,2020,75875,0,0.0,0.0,0.0,3.9815490680767565,0.5105,2.3684210526315788,0.0,10,0.379,0.21368,0.21354,494434.84,105579.57,234621.26,158746.26,3.09221,0.0,675557.2099627412,1391796.5455940664,304211.08727970335
POL-2020917,Community Bank,Southeast,2020,42177,0,0.0,0.0,0.0,3.9080149840306073,0.8462500000000001,8.68421052631579,0.6931471805599453,5,0.232,0.1842,0.18407,631796.84,116297.71,258439.36,216262.36,6.12749,0.0,784544.0079660974,1632085.6059382928,340043.6402969146
POL-2020918,Custodian Bank,Northeast,2022,14324026,1,1.0,490122.0,0.0,8.770081935367212,0.85675,10.526315789473683,0.0,25,1.221,0.10386,0.10379,299936.92,31129.87,69177.48,-14254848.52,0.00483,0.03422,268148.46575097734,609240.8073439396,99639.52036719698
POL-2020919,Fintech-Lending,Midwest,2021,219584,0,0.0,0.0,0.0,5.444147814759576,0.7835,19.615384615384613,0.0,2,0.047,0.16333,0.16322,731414.16,119381.53,265292.28,45708.28,1.20816,0.0,777655.0195531417,1552437.6492272853,342914.1624613643
POL-2020920,Hedge Fund,Midwest,2022,1037236,0,0.0,0.0,0.0,5.233778845410465,0.7640000000000001,34.0,0.0,50,0.345,0.18699,0.18686,723511.73,135193.26,300429.46,-736806.54,0.28964,0.0,934343.7023475604,1929539.6199753871,396906.44099876937
POL-2020921,Community Bank,West,2022,87780,0,0.0,0.0,0.0,3.7932394694381792,0.7860000000000001,12.142857142857142,0.6931471805599453,15,0.425,0.23184,0.23168,1459345.93,338103.7,751341.55,663561.55,8.55937,0.0,2130630.655333689,3794900.4108791407,941086.5705439571
POL-2020922,Community Bank,Northeast,2023,708443,0,0.0,0.0,0.0,4.844187086458591,0.6347500000000001,2.0512820512820515,0.0,100,3.245,0.13961,0.13951,584170.08,81497.68,181105.96,-527337.04,0.25564,0.0,609046.4717408505,1608844.4011964207,261548.18005982102
POL-2020923,Investment Bank,Southeast,2022,56094404,0,0.0,0.0,0.0,8.645480859717706,0.6025,35.0,0.0,100,4.277,0.15541,0.15531,2200710.13,341783.25,759518.34,-55334885.66,0.01354,0.0,2403556.3314539692,4643270.844686979,991681.8822343489
POL-2020924,Community Bank,West,2020,78427,1,1.0,181715.0,72073.0,4.123903364463645,0.7545000000000001,2.142857142857143,0.0,10,0.142,0.11599,0.11591,618156.78,71653.47,159229.94,80802.94,2.03029,2.317,669169.6514416737,1462710.3898119547,232365.45949059774
POL-2020925,Hedge Fund,Southwest,2022,444046,0,0.0,0.0,0.0,5.40042258948519,0.59475,6.666666666666667,0.0,10,0.312,0.18708,0.18696,296342.23,55402.69,123117.09,-320928.91,0.27726,0.0,398712.57896272914,824928.603995107,164363.52019975535
POL-2020926,Credit Union,Southwest,2024,234987,0,0.0,0.0,0.0,4.3463994570307305,0.7852500000000001,4.615384615384615,0.0,50,1.833,0.15068,0.15057,1015670.74,152933.45,339852.1,104865.1,1.44626,0.0,932159.2083784097,2975351.509620777,488619.67548103887
POL-2020927,Asset Manager,National,2021,224536,0,0.0,0.0,0.0,5.915123313851259,0.81725,5.3125,0.0,2,0.095,0.11797,0.11789,1936648.54,228308.53,507352.28,282816.28,2.25956,0.0,1709749.875025595,2000000.0,607352.28
POL-2020928,Broker-Dealer,Midwest,2023,31799570,0,0.0,0.0,0.0,7.970982156979451,0.6315,7.63157894736842,0.0,250,7.364,0.12882,0.12873,4778899.08,615180.71,1367068.25,-30432501.75,0.04299,0.0,5224736.790796311,11795793.407161925,1956857.9203580962
POL-2020929,Credit Union,Midwest,2021,504161,0,0.0,0.0,0.0,4.919980925828125,0.6452500000000001,2.5,0.6931471805599453,50,0.744,0.18189,0.18176,620488.37,112780.31,250622.91,-253538.09,0.49711,0.0,620645.9080767223,1339452.7453593183,317595.5472679659
POL-2020930,Regional Bank,National,2021,680332,0,0.0,0.0,0.0,6.0748861552470546,0.46599999999999997,9.428571428571429,0.6931471805599453,10,0.306,0.41456,0.41428,2005867.29,830991.94,1846648.75,1166316.75,2.71433,0.0,4616690.605135078,7494049.55920588,2221351.227960294
POL-2020931,Regional Bank,Southwest,2023,5296817,0,0.0,0.0,0.0,6.876161407390958,0.64225,22.758620689655174,0.0,100,1.266,0.17611,0.17599,3480461.6,612538.41,1361196.48,-3935620.52,0.25698,0.0,3769142.1113788215,8589638.695864387,1790678.4147932194
POL-2020932,Asset Manager,National,2020,2471114,0,0.0,0.0,0.0,7.413427647507327,0.745,8.064516129032258,0.6931471805599453,10,0.155,0.29544,0.29524,5290630.73,1562002.18,3471115.96,1000001.96,1.40468,0.0,9937073.909380404,11797783.876307098,4061005.153815355
POL-2020933,Insurance Carrier,National,2024,61773158,0,0.0,0.0,0.0,8.523374050491318,0.60875,26.551724137931036,0.0,250,12.22,0.22194,0.22179,4551589.7,1009490.85,2243313.0,-59529845.0,0.03632,0.0,7573227.0409603,14258449.811410276,2956235.490570514
POL-2020934,National Bank,Southwest,2021,182813321,0,0.0,0.0,0.0,9.645610206776551,0.7097500000000001,5.348837209302326,0.6931471805599453,250,5.06,0.11353,0.11345,2148990.57,243805.22,541789.38,-182271531.62,0.00296,0.0,2114719.7718712525,4711801.407929821,777379.4503964911
POL-2020935,Broker-Dealer,Northeast,2024,687257,0,0.0,0.0,0.0,6.45629858702298,0.8154999999999999,2.8571428571428577,0.6931471805599453,5,0.099,0.11196,0.11189,2646316.56,296084.94,657966.53,-29290.47,0.95738,0.0,2405139.1278181337,5000000.0,907966.53
POL-2020936,Credit Union,Southwest,2024,125787,0,0.0,0.0,0.0,3.487375077903208,0.838,2.6470588235294117,0.0,50,1.504,0.12793,0.12785,586216.1,74945.21,166544.92,40757.92,1.32402,0.0,491451.9410956681,1123537.5588055882,222721.79794027942
POL-2020937,Community Bank,Southwest,2020,157834,1,2.0,45941733.0,30707108.0,3.720862499966987,0.76025,10.0,0.0,50,2.435,0.16315,0.16304,439435.33,71645.26,159211.7,1377.7,1.00873,291.07628,528505.1233172647,1087258.830452298,213574.64152261493
POL-2020938,Regional Bank,Northeast,2024,592914,0,0.0,0.0,0.0,6.9172104377528925,0.8335,3.333333333333333,0.0,2,0.094,0.13258,0.13249,933788.77,123718.38,274929.73,-317984.27,0.46369,0.0,918819.2510844633,2000000.0,374929.73
POL-2020939,Community Bank,Southwest,2023,193747,0,0.0,0.0,0.0,4.460144413937834,0.8390000000000001,50.625,0.6931471805599453,25,0.892,0.15484,0.15473,760314.11,117643.55,261430.12,67683.12,1.34934,0.0,881558.2748174398,1967735.0373296647,359816.87186648324
POL-2020940,Investment Bank,Southwest,2022,48513924,0,0.0,0.0,0.0,8.670463483816189,0.56125,7.931034482758621,0.0,100,4.384,0.17696,0.17684,3728087.75,659260.46,1465023.24,-47048900.76,0.0302,0.0,4519487.737773564,10360678.084092129,1983057.1442046065
POL-2020941,Community Bank,West,2023,61947,0,0.0,0.0,0.0,4.762173934797756,0.53975,11.724137931034484,0.0,2,0.049,0.2949,0.2947,149779.16,44139.93,98088.73,36141.73,1.58343,0.0,246441.69759960633,426312.8918652287,119404.37459326143
POL-2020942,Fintech-Lending,Southeast,2024,403270,0,0.0,0.0,0.0,4.742320024135325,0.45275,20.0,0.6931471805599453,25,0.554,0.23869,0.23852,1472376.77,351196.18,780435.96,377165.96,1.93527,0.0,2424848.191140008,4140161.766832263,987444.0483416131
POL-2020943,Regional Bank,Northeast,2022,1763047,0,0.0,0.0,0.0,6.473736363455911,0.9467500000000001,7.291666666666667,0.0,25,0.64,0.10903,0.10895,1971720.75,214824.13,477386.95,-1285660.05,0.27077,0.0,1619785.6949292207,4865010.205451603,720637.4602725802
POL-2020944,Regional Bank,Southeast,2023,418481,0,0.0,0.0,0.0,5.727824469136439,0.9760000000000001,2.5490196078431375,0.0,10,0.332,0.10706,0.10698,911695.56,97535.9,216746.44,-201734.56,0.51794,0.0,705112.1866091439,1888719.5262048282,311182.41631024145
POL-2020945,Community Bank,Southeast,2020,28838,0,0.0,0.0,0.0,4.074141854904581,0.7965000000000001,10.0,0.0,2,0.034,0.16226,0.16215,649277.67,105280.1,233955.78,205117.78,8.11276,0.0,774390.7776979859,1647688.7075806176,316340.2153790309
POL-2020946,Community Bank,Southeast,2024,44984,0,0.0,0.0,0.0,4.314817884980432,0.8192499999999999,14.166666666666666,0.6931471805599453,2,0.025,0.12479,0.1247,1138505.25,141975.59,315501.3,270517.3,7.01363,0.0,1222026.3403094749,2000000.0,415501.3
POL-2020947,Regional Bank,Southwest,2020,147007,1,1.0,2105469.0,1044.0,6.018349875889364,0.6765,12.702702702702702,0.0,1,0.047,0.25167,0.25149,1794546.6,451315.91,1002924.25,855917.25,6.82229,14.32224,1000000.0,1916858.463140134,1098767.1731570067
POL-2020948,Community Bank,National,2022,29818,0,0.0,0.0,0.0,4.560172820057356,0.7127500000000001,32.857142857142854,0.6931471805599453,1,0.039,0.24655,0.24638,437551.67,107803.66,239563.69,209745.69,8.0342,0.0,679819.0582496868,1003725.0999972674,289749.9449998634
POL-2020949,Credit Union,Southeast,2023,432109,0,0.0,0.0,0.0,4.984291318756654,0.73675,4.4897959183673475,0.6931471805599453,50,0.293,0.13357,0.13348,703109.09,93851.94,208559.88,-223549.12,0.48266,0.0,751800.0773661333,1577288.7113940648,287424.31556970323
POL-2020950,Community Bank,Midwest,2023,18363,0,0.0,0.0,0.0,3.66612246699132,0.9567500000000001,4.4897959183673475,0.6931471805599453,2,0.064,0.11989,0.11981,745259.28,89289.12,198420.26,180057.26,10.80544,0.0,598882.9994274019,1512427.1543939041,274041.6177196952
POL-2020951,Broker-Dealer,West,2024,626614,1,1.0,1223913.0,199758.0,6.090857290986017,0.8412499999999999,3.7142857142857144,0.0,5,0.201,0.11639,0.11631,4478091.9,520862.97,1157473.26,530859.26,1.84719,1.95322,4304401.552434451,5000000.0,1407473.26
POL-2020952,Community Bank,National,2024,145599,0,0.0,0.0,0.0,3.8607297110405954,0.7972499999999999,4.285714285714286,0.0,50,2.337,0.16694,0.16682,1510809.36,252034.36,560076.37,414477.37,3.8467,0.0,2047261.4776107706,4091876.7416056246,764670.2070802812
POL-2020953,Credit Union,Northeast,2021,98776,0,0.0,0.0,0.0,4.674696248636701,0.7807499999999999,3.6,0.0,5,0.193,0.14245,0.14235,380476.08,54160.03,120355.63,21579.63,1.21847,0.0,433875.4400109985,982573.7779946537,169484.3188997327
POL-2020954,Asset Manager,West,2021,870230,1,1.0,39096.0,6900.0,7.4583591527565405,0.43574999999999997,2.962962962962963,0.6931471805599453,2,0.085,0.28279,0.2826,815477.27,230453.93,512119.83,-358110.17,0.58849,0.04493,1429847.7777781663,2000000.0,612119.8300000001
POL-2020955,Fintech-Lending,Northeast,2024,112259,0,0.0,0.0,0.0,4.546481189639412,0.88075,1.8421052631578947,0.6931471805599453,5,0.222,0.11425,0.11417,592600.61,67655.65,150345.89,38086.89,1.33928,0.0,493036.9287690721,1451053.9714334398,222898.588571672
POL-2020956,Credit Union,National,2024,28733,1,1.0,99453.0,13454.0,3.054001181677967,0.64725,65.0,0.0,10,0.135,0.23631,0.23615,418897.32,98922.11,219826.91,191093.91,7.65068,3.46128,677083.3154011911,1185285.2700406094,279091.1735020305
POL-2020957,Fintech-Payments,West,2021,1393405,0,0.0,0.0,0.0,6.707961976276143,0.6375,2.3684210526315788,0.6931471805599453,5,0.239,0.17715,0.17702,1395709.3,247075.32,549056.27,-844348.73,0.39404,0.0,2131597.90836943,4064994.1218762402,752305.976093812
POL-2020958,Insurance Carrier,Southeast,2023,2948898,0,0.0,0.0,0.0,8.047669447007353,0.67375,19.999999999999996,0.0,5,0.198,0.10994,0.10986,523767.76,57541.15,127869.22,-2821028.78,0.04336,0.0,489722.41525106935,1141599.3540642036,184949.1877032102
POL-2020959,Hedge Fund,Southeast,2020,271555,0,0.0,0.0,0.0,5.097424424168647,0.91525,2.3809523809523814,0.0,10,0.271,0.07854,0.07849,1456949.75,114354.35,254120.77,-17434.23,0.9358,0.0,892731.3902734977,3047986.4578636363,406520.09289318183
POL-2020960,Community Bank,Midwest,2020,66787,0,0.0,0.0,0.0,4.447346100794524,0.4225,10.0,0.0,5,0.193,0.30151,0.30131,424762.45,127984.5,284409.99,217622.99,4.25846,0.0,804924.5051619053,1542914.1822740166,361555.69911370083
POL-2020961,Custodian Bank,National,2021,1509925,0,0.0,0.0,0.0,8.188994633327166,0.5880000000000001,38.333333333333336,0.0,1,0.043,0.17257,0.17246,192660.44,33225.48,73834.4,-1436090.6,0.0489,0.0,261796.72624396105,450423.35479871626,96355.56773993581
POL-2020962,Fintech-Lending,Midwest,2022,743870,0,0.0,0.0,0.0,6.25632569177406,0.32400000000000007,4.090909090909091,0.0,5,0.17,0.28301,0.28281,1106984.81,313071.05,695713.44,-48156.56,0.93526,0.0,2159158.119887773,3764599.9697375703,883943.4384868785
POL-2020963,Regional Bank,Midwest,2022,3140089,0,0.0,0.0,0.0,6.180223671560361,0.61825,19.6875,0.0,100,3.24,0.20246,0.20232,2240498.59,453302.34,1007338.54,-2132750.46,0.3208,0.0,3390251.1571585033,7774462.213914675,1396061.6506957337
POL-2020964,Credit Union,Southwest,2024,132950,0,0.0,0.0,0.0,4.37197629882038,0.44475,6.285714285714286,0.0,15,0.731,0.22527,0.22512,233674.51,52604.61,116899.13,-16050.87,0.87927,0.0,327671.3224933755,623881.2551959265,148093.19275979634
POL-2020965,Hedge Fund,Southeast,2023,548088,0,0.0,0.0,0.0,5.879694646264972,0.6467499999999999,13.243243243243242,0.0,5,0.154,0.24611,0.24594,354328.13,87145.12,193655.83,-354432.17,0.35333,0.0,570116.4349230033,1119252.3445179658,249618.44722589827
POL-2020966,Regional Bank,Southeast,2021,769267,0,0.0,0.0,0.0,5.80392942326114,0.6084999999999999,11.470588235294118,0.0,25,0.38,0.21101,0.21087,1423480.55,300165.88,667035.3,-102231.7,0.86711,0.0,2174247.9203882534,3991379.9299294082,866604.2964964705
POL-2020967,Community Bank,Northeast,2022,90845,0,0.0,0.0,0.0,3.7954891891721947,0.83625,8.125,0.6931471805599453,25,1.008,0.15987,0.15976,279186.83,44601.8,99115.12,8270.12,1.09104,0.0,351172.2557915744,808755.7031624526,139552.90515812262
POL-2020968,Broker-Dealer,Southwest,2023,740648,0,0.0,0.0,0.0,6.053499938027435,0.60375,16.333333333333332,0.0,10,0.145,0.11019,0.11011,1173372.76,129201.81,287115.12,-453532.88,0.38765,0.0,1181370.5578451105,2739695.403511847,424099.8901755924
POL-2020969,Fintech-Payments,Southeast,2020,1596771,0,0.0,0.0,0.0,5.8377304471659395,0.56725,15.769230769230768,0.0,25,0.484,0.17913,0.179,4935134.17,883409.26,1963131.68,366360.68,1.22944,0.0,6789331.200843077,14812954.058816254,2703779.382940813
POL-2020970,Credit Union,National,2020,90102,1,1.0,7796.0,566.0,3.8199077165203406,0.67025,18.787878787878785,0.0,25,1.048,0.20188,0.20174,103228.67,20825.21,46278.25,-43823.75,0.51362,0.08652,164871.86219821483,313281.8560824289,61942.34280412144
POL-2020971,Credit Union,Southeast,2021,228681,0,0.0,0.0,0.0,5.147494476813453,0.7575000000000001,10.869565217391305,0.6931471805599453,10,0.136,0.18531,0.18518,810109.28,150019.34,333376.31,104695.31,1.45782,0.0,1248218.0276006865,2623146.3145461776,464533.6257273089
POL-2020972,Regional Bank,Southeast,2020,180255,0,0.0,0.0,0.0,5.2847254130285695,0.87075,4.102564102564103,0.6931471805599453,5,0.084,0.13031,0.13022,596372.88,77659.68,172577.07,-7677.93,0.95741,0.0,639707.1817280408,1392227.6447116768,242188.45223558386
POL-2020973,Regional Bank,Southwest,2022,322761,0,0.0,0.0,0.0,5.639777144680289,0.53325,19.473684210526315,0.0,5,0.207,0.21417,0.21403,783553.92,167701.72,372670.48,49909.48,1.15463,0.0,1254959.0820497477,2349166.219922986,490128.7909961493
POL-2020974,Community Bank,Northeast,2020,25296,0,0.0,0.0,0.0,3.9569963710708773,0.699,10.4,0.0,2,0.025,0.19329,0.19315,215985.73,41718.64,92708.09,67412.09,3.66493,0.0,328600.4913085127,643230.0644815438,124869.5932240772
POL-2020975,Hedge Fund,Northeast,2023,983348,0,0.0,0.0,0.0,5.961005339623274,0.595,1.875,1.0986122886681098,15,0.238,0.13688,0.13679,608113.88,83183.73,184852.74,-798495.26,0.18798,0.0,673347.2301254728,1562702.941887045,262987.8870943523
POL-2020976,Credit Union,Southeast,2020,150080,1,1.0,239145.0,39564.0,3.4719664525503626,0.7220000000000001,19.130434782608692,0.0,100,2.804,0.15626,0.15615,189646.91,29613.42,65807.6,-84272.4,0.43848,1.59345,246870.3585483036,446975.14299299003,88156.35714964951
POL-2020977,Insurance Carrier,Southeast,2023,4792590,0,0.0,0.0,0.0,8.120945472357683,0.7780000000000001,8.717948717948719,0.6931471805599453,10,0.093,0.12054,0.12046,1900476.46,228927.64,508728.09,-4283861.91,0.10615,0.0,1800349.6857076224,4366329.483478347,727044.5641739174
POL-2020978,Fintech-Payments,Southwest,2022,472005,0,0.0,0.0,0.0,5.754158681981268,0.8462500000000001,18.787878787878785,0.0,5,0.164,0.11009,0.11002,1677103.92,184513.18,410029.29,-61975.71,0.8687,0.0,1473624.7299559768,3259898.5669627767,573024.2183481388
POL-2020979,Fintech-Payments,West,2021,561700,0,0.0,0.0,0.0,5.511006459958388,0.7502500000000001,8.372093023255815,0.6931471805599453,10,0.269,0.18707,0.18694,762098.43,142465.89,316590.88,-245109.12,0.56363,0.0,980303.6960360247,2132415.6590742464,423211.66295371234
POL-2020980,National Bank,Northeast,2024,157590974,0,0.0,0.0,0.0,10.357148997739671,0.51475,49.99999999999999,0.6931471805599453,50,1.817,0.20828,0.20813,1272943.66,264943.06,588762.35,-157002211.65,0.00374,0.0,1756134.1923032447,3267174.4074255787,752121.0703712789
POL-2020981,Regional Bank,Midwest,2024,4062665,0,0.0,0.0,0.0,6.630683385642372,0.8032499999999999,13.88888888888889,0.0,100,4.319,0.19414,0.19401,1474516.79,286073.53,635718.96,-3426946.04,0.15648,0.0,1895059.1744635766,3697862.4289979152,820612.0814498957
POL-2020982,Fintech-Lending,National,2023,777255,0,0.0,0.0,0.0,5.457455587886334,0.5840000000000001,6.969696969696969,0.0,25,0.753,0.29729,0.29709,557932.28,165755.27,368345.04,-408909.96,0.47391,0.0,937926.012421049,1855682.922382061,461129.18611910305
POL-2020983,Regional Bank,National,2020,817571,0,0.0,0.0,0.0,6.57702651698799,0.8925000000000002,13.953488372093023,1.3862943611198906,5,0.122,0.20536,0.20522,2911875.01,597572.2,1327938.22,510367.22,1.62425,0.0,4750057.770656212,5118718.482433148,1583874.1441216574
POL-2020984,Community Bank,Northeast,2021,6387,0,0.0,0.0,0.0,2.917770732084279,0.9035000000000001,9.75,1.3862943611198906,1,0.025,0.14886,0.14876,583122.77,86746.15,192769.22,186382.22,30.1815,0.0,707290.7314313478,1000000.0,242769.22
POL-2020985,Insurance Carrier,National,2024,38214681,0,0.0,0.0,0.0,8.612721529240552,0.8265,3.225806451612903,0.6931471805599453,100,3.944,0.16206,0.16194,2712407.68,439258.97,976131.04,-37238549.96,0.02554,0.0,3113384.450227499,7326111.686506116,1342436.624325306
POL-2020986,Fintech-Lending,Northeast,2020,133525,1,1.0,612420.0,179064.0,5.254365479018854,0.68475,7.2727272727272725,0.0,2,0.025,0.248,0.24783,640996.83,158856.49,353014.42,219489.42,2.64381,4.58656,1072654.016465117,2000000.0,453014.42
POL-2020987,Fintech-Lending,West,2024,530753,0,0.0,0.0,0.0,5.87577307261179,0.7515,13.461538461538462,0.0,5,0.045,0.21988,0.21973,2577397.11,566328.63,1258508.06,727755.06,2.37117,0.0,3816752.3316705097,5000000.0,1508508.06
POL-2020988,Community Bank,National,2020,474251,0,0.0,0.0,0.0,4.02535169073515,0.7182499999999999,31.333333333333332,0.0,250,5.195,0.21382,0.21368,1009403.21,215687.13,479304.73,5053.73,1.01066,0.0,1556948.0334569353,2697264.9341203836,614167.9767060191
POL-2020989,Community Bank,Southwest,2024,63180,0,0.0,0.0,0.0,5.239628370199357,0.73375,19.130434782608692,0.0,1,0.025,0.14694,0.14684,368945.65,54176.07,120391.27,57211.27,1.90553,0.0,460887.6225707865,994659.3791301266,170124.23895650633
POL-2020990,Fintech-Payments,Midwest,2023,172879,0,0.0,0.0,0.0,5.258016069774511,0.8195,9.696969696969695,0.6931471805599453,2,0.071,0.28096,0.28077,1780934.52,500026.77,1111170.59,938291.59,6.42745,0.0,2000000.0,2912143.2452551173,1256777.752262756
POL-2020991,Community Bank,Midwest,2021,82628,1,1.0,428988.0,297310.0,5.32884657158286,0.6002500000000001,8.695652173913043,0.0,1,0.045,0.28257,0.28237,1259972.52,355783.77,790630.61,708002.61,9.56856,5.1918,1000000.0,1715422.780516849,876401.7490258424
POL-2020992,Community Bank,Northeast,2020,52668,0,0.0,0.0,0.0,5.08821342874163,0.7815,17.857142857142854,0.6931471805599453,1,0.025,0.1581,0.15799,341664.89,53978.79,119952.86,67284.86,2.27753,0.0,409322.74132313393,846772.2180071851,162291.47090035927
POL-2020993,Custodian Bank,Midwest,2022,88741964,0,0.0,0.0,0.0,8.883626368550644,0.6415,1.9444444444444444,0.6931471805599453,250,12.012,0.12298,0.12289,548012.76,67347.85,149661.88,-88592302.12,0.00169,0.0,545669.9704556434,1182091.7235634632,208766.46617817317
POL-2020994,Asset Manager,Northeast,2024,2042690,0,0.0,0.0,0.0,7.171426381472415,0.7242500000000001,12.222222222222221,0.0,10,0.184,0.21771,0.21756,1190658.93,259036.93,575637.63,-1467052.37,0.2818,0.0,1791827.4517733455,3394856.941768223,745380.4770884111
POL-2020995,Regional Bank,National,2020,2779498,0,0.0,0.0,0.0,6.487075005067492,0.60775,32.69230769230769,0.0,50,1.085,0.23923,0.23907,3243385.47,775396.64,1723103.64,-1056394.36,0.61993,0.0,4636713.951717403,9671957.391582452,2206701.5095791225
POL-2020996,Broker-Dealer,Southwest,2022,213147,0,0.0,0.0,0.0,5.651084685655752,0.5627500000000001,5.609756097560976,0.0,2,0.052,0.13266,0.13257,1303423.64,172797.53,383994.52,170847.52,1.80155,0.0,1417400.9483634215,2000000.0,483994.52
POL-2020997,National Bank,National,2021,202662848,0,0.0,0.0,0.0,10.587987452903523,0.88875,7.142857142857144,0.6931471805599453,50,1.682,0.1158,0.11572,3452450.43,399532.31,887849.58,-201774998.42,0.00438,0.0,3442061.8688992085,10297627.005712677,1402730.9302856338
POL-2020998,Fintech-Lending,Southeast,2024,111992,0,0.0,0.0,0.0,5.518255786913298,0.7855,14.13793103448276,0.6931471805599453,1,0.044,0.18933,0.1892,2231477.8,422195.25,938211.68,826219.68,8.37749,0.0,1000000.0,1909905.0310591722,1033706.9315529587
POL-2020999,National Bank,Southwest,2020,153783684,0,0.0,0.0,0.0,9.278709048694106,0.85075,12.75,0.0,250,11.738,0.11758,0.1175,1240934.66,145810.96,324024.36,-153459659.64,0.00211,0.0,1142076.8910946185,3012444.4214524734,474646.58107262367
POL-2021000,Regional Bank,Southwest,2024,594982,0,0.0,0.0,0.0,6.227524323688738,0.5805,34.25,0.0,5,0.128,0.17357,0.17345,1230320.12,213398.03,474217.84,-120764.16,0.79703,0.0,1767476.257399799,3692341.502424919,658834.915121246
POL-2021001,National Bank,Southwest,2024,490370945,0,0.0,0.0,0.0,10.457924237756693,0.73325,7.380952380952382,0.0,250,9.875,0.11,0.10993,3296638.76,362393.57,805319.03,-489565625.97,0.00164,0.0,3581324.125119334,8985052.25068127,1254571.6425340637
POL-2021002,Insurance Carrier,Northeast,2021,3908064,0,0.0,0.0,0.0,7.774519575705891,0.8415,12.745098039215687,0.0,10,0.27,0.1567,0.1566,1360475.71,213045.26,473433.91,-3434630.09,0.12114,0.0,1524005.012544756,4011737.2783450144,674020.7739172507
POL-2021003,Fintech-Lending,Midwest,2021,297090,1,1.0,1805787.0,606690.0,4.799090878625398,0.7685000000000001,10.344827586206897,0.6931471805599453,10,0.453,0.28142,0.28123,713629.5,200691.04,445980.1,148890.1,1.50116,6.07825,1301155.3592110109,1916593.6136428888,541809.7806821445
POL-2021004,Fintech-Payments,Southwest,2020,1001243,1,1.0,1096690.0,26131.0,5.750347943803522,0.81125,9.6875,0.0,15,0.102,0.16983,0.16971,1002520.58,170140.39,378089.76,-623153.24,0.37762,1.09533,1456289.0520935948,2780750.2125406205,517127.27062703104
POL-2021005,Community Bank,Northeast,2024,319430,0,0.0,0.0,0.0,5.098035484377089,0.7140000000000001,14.34782608695652,0.0,15,0.395,0.17672,0.1766,396109.4,69953.37,155451.94,-163978.06,0.48665,0.0,482447.2272288961,1016279.1450159935,206265.8972507997
POL-2021006,Asset Manager,Midwest,2021,351258,1,1.0,315979.0,152824.0,6.76849321164863,0.55975,10.277777777777777,0.0,1,0.041,0.30394,0.30374,576808.03,175197.65,389328.1,38070.1,1.10838,0.89956,1000000.0,1382904.1206194854,458473.30603097426
POL-2021007,Community Bank,Northeast,2020,78729,0,0.0,0.0,0.0,4.6520537718869415,0.7740000000000001,19.0625,0.0,5,0.208,0.12732,0.12723,258151.71,32845.79,72990.64,-5738.36,0.92711,0.0,246869.09838170346,516384.143405145,98809.84717025724
POL-2021008,Fintech-Lending,Southeast,2023,71132,1,1.0,13429.0,9122.0,4.56746831880408,0.6472500000000001,9.25925925925926,0.0,2,0.028,0.21153,0.21138,2134107.64,451108.62,1002463.6,931331.6,14.093,0.18879,2000000.0,2942047.547544037,1149565.977377202
POL-2021009,Community Bank,Southwest,2022,100772,0,0.0,0.0,0.0,4.590056548178043,0.7632500000000001,55.0,0.6931471805599453,5,0.247,0.19642,0.19629,435264.34,85437.81,189861.8,89089.8,1.88407,0.0,577096.3561408054,1355773.2651523792,257650.46325761895
POL-2021010,Insurance Carrier,West,2022,1493116,1,1.0,6920657.0,2649423.0,7.424881015296608,0.6785000000000001,6.875,0.0,5,0.066,0.21645,0.2163,5144717.1,1112820.09,2472933.53,979817.53,1.65622,4.63504,5000000.0,6659605.78422571,2805913.8192112856
POL-2021011,Hedge Fund,Southwest,2021,2668232,0,0.0,0.0,0.0,5.118592435601348,0.83575,7.222222222222222,0.6931471805599453,250,6.066,0.11936,0.11928,396764.27,47326.91,105170.91,-2563061.09,0.03942,0.0,404013.46726738993,925276.5549515232,151434.73774757618
POL-2021012,Fintech-Payments,Southeast,2023,1450866,0,0.0,0.0,0.0,6.375365477300306,0.7845000000000001,18.37837837837838,0.0,15,0.281,0.12456,0.12448,3201206.97,398483.65,885519.23,-565346.77,0.61034,0.0,2772325.449013422,6011757.673429274,1186107.1136714637
POL-2021013,Regional Bank,West,2021,1392380,0,0.0,0.0,0.0,6.70196036600254,0.6717500000000001,4.6875,0.0,10,0.054,0.18702,0.18689,543411.55,101556.72,225681.61,-1166698.39,0.16208,0.0,757194.5791537934,1632005.893852974,307281.9046926487
POL-2021014,Custodian Bank,Midwest,2024,40812172,0,0.0,0.0,0.0,9.599831912573032,0.645,12.121212121212121,0.6931471805599453,25,0.618,0.15268,0.15258,196714.72,30014.3,66698.44,-40745473.56,0.00163,0.0,255759.92592855723,492232.0369612082,91310.04184806041
POL-2021015,Asset Manager,Midwest,2023,2928225,0,0.0,0.0,0.0,7.173805051306804,0.7232500000000001,21.590909090909093,0.0,25,0.92,0.17219,0.17208,1342855.46,231072.96,513495.48,-2414729.52,0.17536,0.0,1683900.3986699576,3338407.616670436,680415.8608335218
POL-2021016,National Bank,National,2024,283602632,0,0.0,0.0,0.0,10.046258008271394,0.643,119.99999999999999,0.0,250,5.173,0.19056,0.19043,1233952.99,234982.18,522182.63,-283080449.37,0.00184,0.0,1622943.1956654377,3149479.083172431,679656.5841586216
POL-2021017,Credit Union,Northeast,2020,154838,0,0.0,0.0,0.0,4.152613470346076,0.781,6.0,0.0,25,0.958,0.12731,0.12722,251897.39,32047.1,71215.78,-83622.22,0.45994,0.0,295745.1707450192,535030.6581060142,97967.31290530071
POL-2021018,Asset Manager,Southwest,2024,2331248,0,0.0,0.0,0.0,7.112082916038706,0.8635,8.5,0.6931471805599453,15,0.693,0.18208,0.18196,791917.23,144094.99,320211.08,-2011036.92,0.13736,0.0,1016872.3801347449,2173599.0787927364,428891.03393963684
POL-2021019,National Bank,National,2021,221112313,0,0.0,0.0,0.0,9.675720830819664,0.7527500000000001,8.888888888888888,0.0,250,5.645,0.15739,0.15728,2075804.3,326481.01,725513.36,-220386799.64,0.00328,0.0,2206988.6123705525,5109454.807514905,980986.1003757452
POL-2021020,Community Bank,National,2022,61606,1,1.0,1275212.0,545431.0,4.183575695950044,0.616,8.0,0.0,5,0.235,0.21407,0.21393,398452.22,85239.02,189420.04,127814.04,3.0747,20.69948,612648.4975928215,1139606.3975712243,246400.35987856123
POL-2021021,Regional Bank,Midwest,2021,1846222,0,0.0,0.0,0.0,6.402083020456941,0.5515000000000001,14.545454545454545,0.0,25,1.009,0.21166,0.21152,2359145.41,498999.38,1108887.52,-737334.48,0.60063,0.0,3639365.7140020323,7175967.556780289,1467685.8978390144
POL-2021022,Custodian Bank,Southwest,2021,20735266,0,0.0,0.0,0.0,9.08660088181413,0.5385000000000001,14.09090909090909,0.0,25,0.192,0.12747,0.12738,333600.74,42495.14,94433.64,-20640832.36,0.00455,0.0,293627.0034818263,795452.6525021171,134206.27262510586
POL-2021023,Credit Union,National,2024,45687,0,0.0,0.0,0.0,4.497584975308154,0.567,4.827586206896552,0.0,2,0.057,0.22131,0.22115,102358.47,22637.08,50304.61,4617.61,1.10107,0.0,154002.85952117923,327416.7227703485,66675.44613851742
POL-2021024,Fintech-Payments,Northeast,2022,4442090,1,1.0,64470.0,27408.0,6.353674146545189,0.84525,8.285714285714286,0.0,100,3.468,0.17605,0.17593,1247325.02,219436.52,487636.72,-3954453.28,0.10978,0.01451,1799871.1706797502,2970038.3533242783,636138.6376662139
POL-2021025,Fintech-Payments,West,2021,1346643,0,0.0,0.0,0.0,6.1864143640514095,0.64025,10.909090909090908,0.0,15,0.306,0.29489,0.29469,977157.06,287959.15,639909.22,-706733.78,0.47519,0.0,1651816.8571041268,2766405.237637538,778229.4818818769
POL-2021026,Custodian Bank,Midwest,2022,8710014,0,0.0,0.0,0.0,8.514409320039622,0.7442500000000001,8.88888888888889,1.3862943611198906,15,0.738,0.17779,0.17767,824340.31,146458.97,325464.39,-8384549.61,0.03737,0.0,971069.016697019,1895102.708432359,420219.52542161796
POL-2021027,Fintech-Payments,Southeast,2023,198101,0,0.0,0.0,0.0,5.750347943803522,0.9515000000000001,11.276595744680852,0.6931471805599453,1,0.025,0.17333,0.17321,1159092.7,200769.53,446154.51,248053.51,2.25216,0.0,1000000.0,1000000.0,496154.51
POL-2021028,Regional Bank,Midwest,2023,650465,0,0.0,0.0,0.0,7.0554853910064725,0.6112500000000001,24.333333333333332,0.0,2,0.033,0.20054,0.2004,1136107.66,227674.4,505943.1,-144521.9,0.77782,0.0,1656800.9744625203,2003129.6960516796,606099.584802584
POL-2021029,Credit Union,Northeast,2021,38666,0,0.0,0.0,0.0,3.5553480614894135,0.7244999999999999,5.135135135135135,0.0,10,0.345,0.1448,0.1447,184491.87,26695.89,59324.2,20658.2,1.53427,0.0,200382.7832696559,461719.922420433,82410.19612102165
POL-2021030,Community Bank,Southeast,2023,267223,1,1.0,36380.0,6555.0,4.939497266262916,0.8745000000000002,22.439024390243905,0.0,15,0.434,0.11931,0.11923,2593423.85,309214.26,687142.8,419919.8,2.57142,0.13614,2738764.912729416,7227772.779555266,1048531.4389777633
POL-2021031,Hedge Fund,West,2024,5322233,0,0.0,0.0,0.0,5.89330029832075,0.8515,12.63157894736842,0.0,250,5.425,0.196,0.19587,2235330.73,437835.77,972968.38,-4349264.62,0.18281,0.0,3150149.4212133046,6118987.160128164,1278917.7380064083
POL-2021032,Insurance Carrier,West,2020,1334903,0,0.0,0.0,0.0,8.130353547431238,0.7355,10.32258064516129,0.0,1,0.025,0.26873,0.26854,3486559.95,936286.53,2080636.73,745733.73,1.55864,0.0,1000000.0,2000000.0,2180636.73
POL-2021033,National Bank,National,2021,101458491,0,0.0,0.0,0.0,10.245448271274762,0.71975,14.444444444444443,0.0,25,0.581,0.14788,0.14778,3931566.24,581008.27,1291129.48,-100167361.52,0.01273,0.0,4030545.849369773,10528205.329583775,1817539.7464791888
POL-2021034,Regional Bank,Southwest,2024,788868,0,0.0,0.0,0.0,6.190110466821792,0.5072500000000001,7.826086956521738,0.0,10,0.413,0.22625,0.22609,666044.9,150587.37,334638.61,-454229.39,0.4242,0.0,1010157.4737046333,1848038.8105324153,427040.55052662076
POL-2021035,Community Bank,Southeast,2022,435527,0,0.0,0.0,0.0,5.752890048763229,0.61675,2.5,0.0,10,0.461,0.10794,0.10786,330244.55,35621.03,79157.85,-356369.15,0.18175,0.0,261035.73478899905,882254.4642068035,123270.57321034018
POL-2021036,Fintech-Lending,West,2023,175968,0,0.0,0.0,0.0,4.702296896718814,0.7727499999999999,31.538461538461537,0.6931471805599453,5,0.235,0.2108,0.21065,1197058.31,252163.12,560362.48,384394.48,3.18446,0.0,1955418.2073227447,3514064.0027087945,736065.6801354397
POL-2021037,Hedge Fund,West,2022,292136,0,0.0,0.0,0.0,6.219595639933231,0.7440000000000001,16.0,0.6931471805599453,1,0.047,0.20864,0.2085,241644.09,50383.08,111962.41,-180173.59,0.38325,0.0,322294.5081688527,663109.7666527103,145117.89833263552
POL-2021038,Fintech-Payments,Midwest,2024,206578,0,0.0,0.0,0.0,5.86220971125072,0.70625,12.0,0.0,1,0.026,0.25795,0.25778,762964.69,196675.84,437057.43,230479.43,2.1157,0.0,1000000.0,1597455.5204515576,516930.2060225779
POL-2021039,Regional Bank,Northeast,2022,2930687,0,0.0,0.0,0.0,7.036851852316547,0.79225,6.25,1.0986122886681098,25,0.145,0.14007,0.13997,3763662.2,526797.93,1170662.08,-1760024.92,0.39945,0.0,3348198.180488319,8557296.294984555,1598526.894749228
POL-2021040,Hedge Fund,West,2022,393506,0,0.0,0.0,0.0,6.652475857637857,0.8602500000000001,7.209302325581396,0.6931471805599453,1,0.038,0.12078,0.1207,121918.08,14715.7,32701.55,-360804.45,0.0831,0.0,95124.58223167332,240962.40061595445,44749.67003079772
POL-2021041,Broker-Dealer,Midwest,2020,797475,1,1.0,523172.0,270161.0,6.339123973119759,0.70425,8.333333333333334,0.0,5,0.189,0.16722,0.1671,722795.79,120782.67,268405.94,-529069.06,0.33657,0.65604,1009444.2178130137,2051144.829263655,370963.1814631828
POL-2021042,Asset Manager,West,2022,625817,0,0.0,0.0,0.0,6.993841227895266,0.7415000000000002,77.39130434782608,0.0,2,0.032,0.22475,0.22459,1259668.43,282912.7,628694.88,2877.88,1.0046,0.0,1837814.2013165276,2578842.265512815,757636.9932756408
POL-2021043,Regional Bank,Northeast,2024,377169,0,0.0,0.0,0.0,5.877735781779639,0.813,2.653061224489796,0.6931471805599453,5,0.181,0.1809,0.18077,831579.19,150328.12,334062.49,-43106.51,0.88571,0.0,1248712.2035901856,2656384.4505497143,466881.7125274857
POL-2021044,Regional Bank,Midwest,2020,291306,0,0.0,0.0,0.0,5.75984769858915,0.82625,15.588235294117647,0.6931471805599453,5,0.106,0.13886,0.13876,1227962.64,170392.97,378651.04,87345.04,1.29984,0.0,1112384.2024246205,2458371.8648370015,501569.63324185007
POL-2021045,Broker-Dealer,Northeast,2023,6413803,0,0.0,0.0,0.0,6.108135853911675,0.49624999999999997,35.0,0.6931471805599453,250,6.519,0.18796,0.18783,2130617.54,400198.81,889330.7,-5524472.3,0.13866,0.0,2803475.095023412,5632290.096940819,1170945.204847041
POL-2021046,Community Bank,Southeast,2020,1039215,0,0.0,0.0,0.0,4.423648309364701,0.6627500000000001,6.0,0.0,500,11.831,0.22003,0.21987,1228257.28,270063.0,600140.01,-439074.99,0.57749,0.0,1770967.8520691926,3306646.0865482907,765472.3143274146
POL-2021047,National Bank,Northeast,2024,183541585,1,1.0,3436542.0,1653977.0,10.022869309556208,0.90775,3.333333333333334,1.0986122886681098,100,0.654,0.10066,0.10059,7232320.06,727506.26,1616680.59,-181924904.41,0.00881,0.01872,5257713.5972989295,15861482.05529696,2409754.692764848
POL-2021048,Broker-Dealer,Northeast,2023,247937,0,0.0,0.0,0.0,6.025382765311443,0.8217500000000001,3.8709677419354835,0.0,2,0.081,0.0843,0.08424,427669.52,36026.88,80059.74,-167877.26,0.3229,0.0,294622.29999038205,878104.8419092041,123964.98209546022
POL-2021049,Hedge Fund,National,2023,1179232,0,0.0,0.0,0.0,6.155282632337377,0.7474999999999999,8.936170212765958,0.6931471805599453,15,0.621,0.22985,0.22969,361696.25,83078.96,184619.91,-994612.09,0.15656,0.0,538991.7027168369,1075558.619702249,238397.84098511247
POL-2021050,Insurance Carrier,Midwest,2021,10159931,1,1.0,1415392.0,752009.0,8.116357351691736,0.8935000000000001,18.5,0.0,25,0.956,0.13705,0.13696,6730095.89,921735.66,2048301.46,-8111629.54,0.20161,0.13931,6731722.011334811,18592755.289982863,2977939.224499143
POL-2021051,Broker-Dealer,Northeast,2021,310903,1,1.0,724519.0,405303.0,6.566953684199695,0.83875,7.1875,0.0,1,0.03,0.09492,0.09486,581808.11,55189.58,122643.51,-188259.49,0.39448,2.33037,407055.3379969045,1000000.0,172643.51
POL-2021052,Asset Manager,Midwest,2022,1154197,0,0.0,0.0,0.0,6.749462699987544,0.7235,2.2222222222222223,0.0,10,0.253,0.15039,0.15029,2477409.25,372325.66,827390.37,-326806.63,0.71685,0.0,2461777.896653362,5987252.172483651,1126752.9786241825
POL-2021053,Regional Bank,West,2021,1088786,0,0.0,0.0,0.0,7.124719779219631,0.65375,16.5,0.0,5,0.222,0.19381,0.19368,275821.36,53421.03,118713.4,-970072.6,0.10903,0.0,355947.21317654086,745698.8111407533,155998.34055703768
POL-2021054,Community Bank,Southeast,2021,375539,0,0.0,0.0,0.0,4.341204640153626,0.8622500000000001,4.666666666666667,0.0,100,2.951,0.10459,0.10452,3392188.31,354562.27,787916.15,412377.15,2.09809,0.0,2497097.067105078,8065496.066434975,1191190.9533217489
POL-2021055,Credit Union,West,2021,70476,0,0.0,0.0,0.0,3.893859034800475,0.5377500000000001,25.217391304347824,0.0,10,0.35,0.25347,0.25329,332418.37,84199.75,187110.55,116634.55,2.65495,0.0,557064.1427063604,996317.1701962107,236926.4085098105
POL-2021056,Regional Bank,West,2023,936072,0,0.0,0.0,0.0,6.74770389083391,0.9055000000000001,14.651162790697676,0.6931471805599453,5,0.137,0.1635,0.16339,714950.48,116813.61,259585.8,-676486.2,0.27731,0.0,926987.0100702699,1748865.7241148283,347029.0862057414
POL-2021057,Regional Bank,Southwest,2023,322684,0,0.0,0.0,0.0,6.394760637931307,0.73725,12.85714285714286,0.0,2,0.072,0.19829,0.19815,1226081.96,242952.69,539894.87,217210.87,1.67314,0.0,1891455.091890624,2237656.005493296,651777.6702746648
POL-2021058,Asset Manager,Northeast,2020,674089,0,0.0,0.0,0.0,6.0127366823835215,0.7775,27.5,0.0,15,0.715,0.16025,0.16014,1722646.11,275860.31,613022.91,-61066.09,0.90941,0.0,1540026.3244590266,3937869.2384459144,809916.3719222958
POL-2021059,Asset Manager,Northeast,2022,3764780,0,0.0,0.0,0.0,7.611248751596227,0.7730000000000001,2.7083333333333335,0.0,15,0.468,0.14518,0.14508,475293.98,68957.35,153238.56,-3611541.44,0.0407,0.0,572666.1017830095,1261762.7704334974,216326.69852167487
POL-2021060,Community Bank,National,2021,30311,1,1.0,611048.0,29720.0,4.247065649239764,0.8255,17.352941176470587,0.0,2,0.049,0.11408,0.114,732631.92,83521.85,185604.11,155293.11,6.12333,20.15928,603242.9183899321,1607132.2924387862,265960.7246219393
POL-2021061,Asset Manager,National,2024,852346,0,0.0,0.0,0.0,6.597554895099754,0.6807500000000001,12.5,0.0,5,0.031,0.24522,0.24505,1979941.93,485194.55,1078210.12,225864.12,1.26499,0.0,3291477.8921265574,5000000.0,1328210.12
POL-2021062,Asset Manager,Midwest,2020,769425,0,0.0,0.0,0.0,6.6006864927301665,0.677,13.225806451612902,0.0,5,0.048,0.22692,0.22676,3076242.15,697580.54,1550178.99,780753.99,2.01472,0.0,4269740.435240523,5000000.0,1800178.99
POL-2021063,Regional Bank,Southwest,2022,1135334,0,0.0,0.0,0.0,7.9981337627231435,0.8345,17.5,0.0,1,0.025,0.16136,0.16125,1963667.67,316647.42,703660.94,-431673.06,0.61978,0.0,1000000.0,1000000.0,753660.94
POL-2021064,Custodian Bank,Northeast,2021,3061645,0,0.0,0.0,0.0,8.433398453672972,0.9010000000000001,10.19607843137255,0.0,2,0.077,0.11787,0.11779,344102.21,40532.99,90073.32,-2971571.68,0.02942,0.0,304860.5084645463,667897.6726187044,123468.20363093523
POL-2021065,Asset Manager,Northeast,2022,943436,0,0.0,0.0,0.0,6.063087290780949,0.8537500000000001,47.25,1.0986122886681098,15,0.259,0.10848,0.10841,2215554.07,240181.57,533736.82,-409699.18,0.56574,0.0,2070767.1021224342,4439092.0128480075,755691.4206424004
POL-2021066,Asset Manager,Southwest,2024,689911,0,0.0,0.0,0.0,6.454569434662561,0.7125,31.0,0.0,5,0.25,0.21538,0.21523,1186864.58,255453.78,567675.07,-122235.93,0.82282,0.0,1851859.5482259996,3470293.5852351156,741189.7492617557
POL-2021067,Asset Manager,National,2021,707809,0,0.0,0.0,0.0,5.90889782345102,0.7605000000000002,0.8888888888888888,0.0,15,0.3,0.18652,0.18639,1827669.86,340660.6,757023.56,49214.56,1.06953,0.0,2173011.849580156,4848598.314236338,999453.4757118169
POL-2021068,Broker-Dealer,West,2022,1910325,0,0.0,0.0,0.0,6.800281420676904,0.68275,6.470588235294118,0.0,10,0.187,0.13875,0.13865,1070887.6,148480.54,329956.76,-1580368.24,0.17272,0.0,1119401.676853201,2495809.743397357,454747.24716986786
POL-2021069,Fintech-Lending,Midwest,2023,4142427,0,0.0,0.0,0.0,6.285439279182783,0.83825,40.0,0.0,100,2.799,0.15559,0.15548,1991941.5,309710.03,688244.5,-3454182.5,0.16615,0.0,2573755.711864198,5086711.68304135,942580.0841520675
POL-2021070,Community Bank,Midwest,2024,79288,0,0.0,0.0,0.0,3.5322256440685598,0.6577500000000001,19.705882352941178,0.6931471805599453,25,0.341,0.16303,0.16292,627769.99,102278.4,227285.34,147997.34,2.86658,0.0,962941.422485315,1697453.1654000997,312157.998270005
POL-2021071,Asset Manager,Midwest,2021,2022524,1,1.0,468263.0,59835.0,7.330405211844402,0.7472500000000001,31.25,0.6931471805599453,10,0.437,0.16982,0.1697,1310407.25,222376.66,494170.35,-1528353.65,0.24433,0.23152,2073821.2460801927,3919673.395286163,690154.0197643081
POL-2021072,Regional Bank,Northeast,2022,325739,0,0.0,0.0,0.0,6.8839747503167334,0.72475,22.105263157894736,0.0,1,0.026,0.13446,0.13436,867833.49,116605.1,259122.45,-66616.55,0.79549,0.0,916007.7071826136,1000000.0,309122.45
POL-2021073,Community Bank,Northeast,2022,207271,1,1.0,62985.0,5652.0,4.055257173514054,0.6665000000000001,17.56756756756757,0.0,50,0.325,0.16381,0.1637,565513.74,92574.86,205721.91,-1549.09,0.99253,0.30388,571896.1630910898,1141523.2434502037,262798.0721725102
POL-2021074,Investment Bank,National,2020,2130574,1,1.0,130824.0,110419.0,8.2909949793728,0.5542499999999999,25.789473684210524,0.6931471805599453,1,0.031,0.26993,0.26975,543854.77,146703.92,326008.7,-1804565.3,0.15301,0.0614,853056.7358630588,1117039.640882159,381860.68204410793
POL-2021075,Regional Bank,Southwest,2022,1303097,0,0.0,0.0,0.0,7.20934025660291,0.83275,6.153846153846154,1.0986122886681098,5,0.171,0.13488,0.13479,4117213.83,554941.3,1233202.88,-69894.12,0.94636,0.0,4636471.753457123,5000000.0,1483202.88
POL-2021076,Fintech-Payments,Midwest,2022,1023379,0,0.0,0.0,0.0,6.158672466091889,0.65175,20.0,0.0,10,0.361,0.17183,0.17171,1593274.7,273587.89,607973.08,-415405.92,0.59408,0.0,2117939.8179059564,4150839.8757975074,815515.0737898754
POL-2021077,Asset Manager,West,2021,4434105,0,0.0,0.0,0.0,6.967438281143311,0.7260000000000001,16.538461538461537,0.6931471805599453,50,0.421,0.20146,0.20133,1183101.42,238189.59,529310.2,-3904794.8,0.11937,0.0,1709599.9276827488,3596188.841016385,709119.6420508192
POL-2021078,Insurance Carrier,Southwest,2022,3393629,1,1.0,1035714.0,443219.0,8.235731730777513,0.8140000000000002,4.5,0.6931471805599453,5,0.17,0.15951,0.15941,725328.63,115621.03,256935.62,-3136693.38,0.07571,0.30519,796014.8734914275,1774096.9883451324,345640.46941725665
POL-2021079,Credit Union,Midwest,2023,32858,0,0.0,0.0,0.0,4.138361447638875,0.8697499999999999,17.22222222222222,0.0,2,0.025,0.1242,0.12412,139553.31,17320.82,38490.71,5632.71,1.17143,0.0,127825.80043257191,316737.21437344357,54327.57071867218
POL-2021080,Broker-Dealer,National,2024,8220206,0,0.0,0.0,0.0,7.893833233429531,0.61825,19.333333333333332,0.0,25,1.158,0.17954,0.17941,2438514.06,437504.41,972232.03,-7247973.97,0.11827,0.0,3123724.0290164845,5621631.645538232,1253313.6122769117
POL-2021081,Asset Manager,Northeast,2020,899197,0,0.0,0.0,0.0,6.72898740038748,0.6395,4.482758620689656,0.6931471805599453,5,0.115,0.18416,0.18404,1870724.24,344278.8,765064.0,-134133.0,0.85083,0.0,2533816.068241218,5000000.0,1015064.0
POL-2021082,Fintech-Lending,National,2020,720622,0,0.0,0.0,0.0,5.662265794453267,0.6385,30.0,0.6931471805599453,15,0.231,0.20189,0.20175,1438250.04,290173.97,644831.04,-75790.96,0.89483,0.0,2217937.2457057596,3869315.83785905,838296.8318929526
POL-2021083,Hedge Fund,Midwest,2023,1000468,1,1.0,49690.0,25502.0,5.144583266605995,0.5787500000000001,47.826086956521735,0.6931471805599453,50,0.594,0.23958,0.23941,411768.81,98582.81,219072.91,-781395.09,0.21897,0.04967,731586.1306464775,1318789.5668761833,285012.3883438092
POL-2021084,Community Bank,West,2020,59830,0,0.0,0.0,0.0,3.708682081410116,0.7812500000000001,24.166666666666668,0.6931471805599453,10,0.361,0.19813,0.198,483724.25,95776.36,212836.36,153006.36,3.55735,0.0,635256.7729700158,1295732.1929922618,277622.9696496131
POL-2021085,Fintech-Lending,Southwest,2023,3076694,1,1.0,5291285.0,3476175.0,5.769258056615112,0.41475000000000006,31.11111111111111,0.6931471805599453,100,0.81,0.32796,0.32774,2043592.63,669767.35,1488371.9,-1588322.1,0.48376,1.7198,3980769.9082561387,7296299.933676711,1853186.8966838354
POL-2021086,Fintech-Lending,National,2024,448117,0,0.0,0.0,0.0,5.310739886546594,0.9137500000000002,8.536585365853659,0.0,10,0.281,0.20038,0.20025,5618702.3,1125123.39,2500274.19,2052157.19,5.57951,0.0,9188737.214683423,11160466.729994351,3058297.5264997175
POL-2021087,Regional Bank,Southwest,2021,113661,0,0.0,0.0,0.0,5.281679725395013,0.8475,10.24390243902439,0.0,2,0.027,0.15164,0.15154,1368756.78,207420.55,460934.54,347273.54,4.05534,0.0,1765651.8418892485,2286856.7110280553,575277.3755514028
POL-2021088,Hedge Fund,Southwest,2022,336818,0,0.0,0.0,0.0,5.43851399704132,0.79625,17.714285714285715,0.0,5,0.192,0.13979,0.1397,229000.76,31991.11,71091.35,-265726.65,0.21107,0.0,301187.90073894494,579674.6202456639,100075.0810122832
POL-2021089,Hedge Fund,Midwest,2020,138030,1,1.0,432173.0,228253.0,5.547128664610824,0.6572500000000001,14.545454545454545,0.0,1,0.033,0.19219,0.19206,135483.88,26020.86,57824.14,-80205.86,0.41892,3.13101,165286.73636800755,369575.0382399112,76302.89191199557
POL-2021090,Community Bank,Midwest,2021,1022803,1,2.0,153927.0,4834.0,5.543222409643759,0.775,23.783783783783782,0.0,50,1.128,0.1669,0.16678,2683113.13,447498.03,994440.07,-28362.93,0.97227,0.1505,3735057.114227997,7375718.906539086,1363226.0153269544
POL-2021091,Broker-Dealer,Southeast,2022,2036179,1,1.0,1798729.0,175419.0,6.916615907414333,0.552,11.11111111111111,0.0,10,0.181,0.18913,0.189,3764384.91,711467.79,1581039.53,-455139.47,0.77647,0.88338,4919722.806185783,10000000.0,2081039.53
POL-2021092,Credit Union,Southwest,2020,14013,0,0.0,0.0,0.0,2.975529566236472,0.6565000000000001,6.153846153846154,0.0,5,0.145,0.14875,0.14865,90033.44,13383.38,29740.84,15727.84,2.12237,0.0,83261.45596877366,229986.8444677458,41240.182223387295
POL-2021093,Fintech-Payments,West,2024,1396327,0,0.0,0.0,0.0,6.113682179832232,0.6320000000000001,6.341463414634147,0.6931471805599453,15,0.267,0.16523,0.16512,1622041.97,267832.19,595182.64,-801144.36,0.42625,0.0,2038022.6613868508,4376141.18175794,813989.6990878971
POL-2021094,Regional Bank,Northeast,2020,533474,1,1.0,1313003.0,562037.0,6.961959332995649,0.7225,52.63157894736842,0.6931471805599453,2,0.038,0.2301,0.22994,1042712.91,239765.47,532812.15,-661.85,0.99876,2.46123,1794642.7309417776,2000428.3400617335,632833.5670030867
POL-2021095,Fintech-Payments,Southwest,2021,1167982,0,0.0,0.0,0.0,6.049261645834199,0.7939999999999999,5.862068965517242,0.0,15,0.423,0.11717,0.11709,2381530.02,278843.47,619652.15,-548329.85,0.53053,0.0,2137440.115033111,4930641.008065584,866184.2004032793
POL-2021096,Regional Bank,Southeast,2020,537161,0,0.0,0.0,0.0,6.191748804276109,0.7420000000000001,8.8,0.0,5,0.204,0.19946,0.19933,2505324.14,499381.48,1109736.62,572575.62,2.06593,0.0,3667121.783309317,5000000.0,1359736.62
POL-2021097,Custodian Bank,Southwest,2024,2920207,1,1.0,35634.0,0.0,8.461807323335503,0.7255,4.615384615384616,0.6931471805599453,2,0.074,0.10926,0.10919,157078.06,17150.8,38112.89,-2882094.11,0.01305,0.0122,125441.01504426621,410550.01241417223,58640.39062070861
POL-2021098,Investment Bank,Northeast,2024,8817823,0,0.0,0.0,0.0,8.225636957415857,0.7575000000000001,12.439024390243903,0.6931471805599453,10,0.145,0.16942,0.16931,1276986.43,216201.18,480447.06,-8337375.94,0.05449,0.0,1506792.555945157,2559080.6889938405,608401.094449692
POL-2021099,National Bank,National,2023,429837852,0,0.0,0.0,0.0,10.999493113305947,0.66875,15.517241379310345,1.0986122886681098,100,5.0,0.20695,0.20681,7704058.1,1593287.61,3540639.14,-426297212.86,0.00824,0.0,11473223.048280368,25126109.255031526,4796944.602751576
POL-2021100,Hedge Fund,Southwest,2023,215700,0,0.0,0.0,0.0,5.0447146077491185,0.687,8.717948717948719,0.0,5,0.245,0.19505,0.19492,212769.35,41472.16,92160.35,-123539.65,0.42726,0.0,286232.8405333411,547277.729489914,119524.2364744957
POL-2021101,Hedge Fund,West,2021,230504,0,0.0,0.0,0.0,5.577463107977531,0.8897500000000002,5.5,0.0,2,0.032,0.17624,0.17612,1343614.94,236634.39,525854.21,295350.21,2.28132,0.0,1710746.2997326844,2000000.0,625854.21
POL-2021102,Credit Union,Southeast,2022,66148,0,0.0,0.0,0.0,4.395682961121367,0.8017500000000001,8.421052631578947,0.0,5,0.08,0.14609,0.14599,508284.7,74202.93,164895.41,98747.41,2.49283,0.0,646220.5352843001,1321228.6111154468,230956.84055577236
POL-2021103,Asset Manager,Northeast,2024,720777,0,0.0,0.0,0.0,6.46412090475647,0.69275,12.85714285714286,0.0,5,0.164,0.23757,0.2374,2584864.68,613655.91,1363679.81,642902.81,1.89196,0.0,4268269.70179146,5367149.604934387,1632037.2902467195
POL-2021104,Community Bank,Midwest,2020,44375,0,0.0,0.0,0.0,4.041295341132285,0.8442500000000001,12.727272727272728,0.6931471805599453,5,0.234,0.15932,0.15921,403378.21,64223.24,142718.31,98343.31,3.21619,0.0,434600.9050617104,896655.3222553075,187551.07611276538
POL-2021105,Insurance Carrier,Midwest,2020,1232729,0,0.0,0.0,0.0,8.10022214312187,0.729,7.272727272727273,0.0,1,0.025,0.17318,0.17306,2625988.56,454457.72,1009906.05,-222822.95,0.81924,0.0,1000000.0,1220654.0970538566,1070938.7548526928
POL-2021106,Broker-Dealer,Northeast,2020,18815673,0,0.0,0.0,0.0,7.882918510367237,0.888,23.0,0.6931471805599453,100,3.822,0.11186,0.11178,3340192.17,373376.08,829724.62,-17985948.38,0.0441,0.0,2938303.031919799,9849281.788659329,1322188.7094329665
POL-2021107,National Bank,Northeast,2023,159187362,0,0.0,0.0,0.0,10.317486146662532,0.65525,11.666666666666666,0.6931471805599453,50,0.828,0.19086,0.19073,535607.27,102153.72,227008.27,-158960353.73,0.00143,0.0,753305.6274581872,1565411.721054737,305278.85605273687
POL-2021108,Insurance Carrier,Southwest,2020,107588280,1,1.0,11190477.0,7024117.0,9.290629203204986,0.73425,7.0,0.0,250,10.541,0.12436,0.12427,2242499.02,278678.59,619285.75,-106968994.25,0.00576,0.10401,2215209.9028865276,5359301.528246495,887250.8264123248
POL-2021109,Regional Bank,Northeast,2024,261612,0,0.0,0.0,0.0,6.0874563127617085,0.8237500000000001,3.7142857142857144,0.0,2,0.065,0.14645,0.14635,244409.04,35769.36,79487.47,-182124.53,0.30384,0.0,298001.81116643146,655432.9221281027,112259.11610640514
POL-2021110,Investment Bank,Northeast,2024,193804741,0,0.0,0.0,0.0,9.01225522000275,0.8177500000000001,20.64516129032258,0.0,500,11.32,0.10816,0.10808,3431777.38,370922.92,824273.16,-192980467.84,0.00425,0.0,3175653.769515836,7218728.306605639,1185209.575330282
POL-2021111,Regional Bank,Southeast,2022,5676248,1,1.0,198116.0,13304.0,7.295735072749282,0.70825,18.333333333333336,0.0,50,0.724,0.17112,0.171,2302058.61,393663.25,874807.23,-4801440.77,0.15412,0.0349,3479764.43217842,6462220.549661808,1197918.2574830903
POL-2021112,Regional Bank,Southeast,2022,915001,0,0.0,0.0,0.0,6.354196112629245,0.5177499999999999,7.222222222222222,0.0,10,0.074,0.18894,0.18881,3332512.84,629212.52,1398250.04,483249.04,1.52814,0.0,5373710.043944581,8966354.154759778,1846567.7477379888
POL-2021113,Community Bank,Northeast,2021,148155,1,1.0,1876916.0,478747.0,5.18122159467179,0.6327499999999999,3.888888888888889,0.6931471805599453,5,0.151,0.17564,0.17552,440735.14,77357.94,171906.53,23751.53,1.16032,12.6686,614790.9848141096,1143331.0489828805,229073.08244914404
POL-2021114,Community Bank,Midwest,2021,1589355,0,0.0,0.0,0.0,5.167639042905921,0.71775,17.142857142857142,0.0,250,4.885,0.15776,0.15765,2087901.39,329159.96,731466.59,-857888.41,0.46023,0.0,2307159.7730155187,5335874.495356118,998260.3147678059
POL-2021115,Fintech-Payments,Southwest,2021,983589,0,0.0,0.0,0.0,5.829533679961761,0.6805,4.0540540540540535,0.0,15,0.649,0.1122,0.11212,1111301.7,124598.35,276885.23,-706703.77,0.28151,0.0,1105281.8102212904,2686584.3768550507,411214.4488427525
POL-2021116,Community Bank,Northeast,2024,59709,0,0.0,0.0,0.0,3.4210000089583352,0.5475,42.666666666666664,0.0,25,0.491,0.26445,0.26427,1146338.44,302943.75,673208.33,613499.33,11.27482,0.0,2079251.4891085972,3428817.906056242,844649.2253028121
POL-2021117,National Bank,Southwest,2023,93623769,0,0.0,0.0,0.0,9.921789053706041,0.9440000000000001,11.458333333333334,0.6931471805599453,50,1.797,0.10833,0.10825,2157994.44,233609.91,519133.13,-93104635.87,0.00554,0.0,1637038.8118724732,4775765.2407430895,757921.3920371545
POL-2021118,Fintech-Payments,West,2020,1237367,0,0.0,0.0,0.0,5.407620101438487,0.76675,7.777777777777778,1.0986122886681098,50,0.774,0.16854,0.16843,1877069.61,316151.83,702559.63,-534807.37,0.56779,0.0,2552730.0907856952,4860935.624552865,945606.4112276433
POL-2021119,Fintech-Payments,Northeast,2023,802222,0,0.0,0.0,0.0,5.508173023535311,0.692,6.0606060606060606,0.0,15,0.464,0.11531,0.11523,893717.26,102985.51,228856.7,-573365.3,0.28528,0.0,915013.9504623282,1955132.7847074948,326613.33923537476
POL-2021120,Credit Union,National,2022,68750,0,0.0,0.0,0.0,4.268297869345539,0.698,7.894736842105263,0.0,5,0.099,0.18825,0.18812,713552.17,134231.44,298292.09,229542.09,4.33879,0.0,965423.4036533403,2205865.604293875,408585.3702146938
POL-2021121,Asset Manager,Southeast,2021,674998,0,0.0,0.0,0.0,6.587550014824796,0.7492500000000001,23.076923076923077,0.0,5,0.057,0.11224,0.11216,5258543.71,589796.23,1310658.28,635660.28,1.94172,0.0,3772976.5319826095,5000000.0,1560658.28
POL-2021122,Regional Bank,Northeast,2022,1790213,1,1.0,2133228.0,1403253.0,6.804947059000455,0.55175,46.81818181818181,0.0,15,0.402,0.26751,0.26732,2327066.95,622082.75,1382406.1,-407806.9,0.7722,1.19161,3865927.319745049,8281358.378370102,1796474.0189185052
POL-2021123,Fintech-Lending,Northeast,2023,81759,0,0.0,0.0,0.0,3.949318790171843,0.75275,7.674418604651163,0.0,5,0.187,0.16342,0.16331,1531886.65,250171.97,555937.71,474178.71,6.79971,0.0,1802899.8512054775,4269419.662006576,769408.6931003288
POL-2021124,Community Bank,Northeast,2020,104976,0,0.0,0.0,0.0,4.628886712605407,0.56775,2.4,0.0,5,0.221,0.16045,0.16034,152287.3,24417.73,54261.62,-50714.38,0.5169,0.0,220809.1903166456,457343.9637398007,77128.81818699004
POL-2021125,Community Bank,West,2023,202667,0,0.0,0.0,0.0,4.6141299273595635,0.55975,66.3157894736842,0.0,15,0.461,0.24244,0.24227,362625.51,87854.41,195232.02,-7434.98,0.96331,0.0,663432.2404450614,1171879.2710454818,253825.9835522741
POL-2021126,Community Bank,Northeast,2024,51251,0,0.0,0.0,0.0,4.08260930600368,0.627,10.26315789473684,0.0,5,0.1,0.20091,0.20077,410595.72,82435.41,183189.8,131938.8,3.57437,0.0,611620.5585734659,1257317.844182892,246055.6922091446
POL-2021127,Fintech-Lending,Midwest,2022,273618,0,0.0,0.0,0.0,6.161840032883536,0.769,17.0,0.6931471805599453,1,0.028,0.21889,0.21874,709146.88,155115.52,344701.15,71083.15,1.25979,0.0,1000000.0,1247034.1008404645,407052.85504202324
POL-2021128,Asset Manager,Southwest,2021,3201926,0,0.0,0.0,0.0,7.51523563278499,0.7915,7.714285714285714,0.6931471805599453,10,0.313,0.16214,0.16203,1451994.65,235270.7,522823.78,-2679102.22,0.16328,0.0,1939439.5808247724,3490146.564661734,697331.1082330868
POL-2021129,Fintech-Payments,West,2022,329726,0,0.0,0.0,0.0,5.273512247629066,0.7832500000000001,16.0,0.0,5,0.195,0.15451,0.15441,1380169.11,213109.69,473577.09,143851.09,1.43627,0.0,1683839.1070056949,3012601.263975067,624207.1531987534
POL-2021130,Credit Union,Midwest,2024,54347,0,0.0,0.0,0.0,3.8979240810486444,0.6892499999999999,12.1875,0.0,10,0.141,0.22047,0.22032,615744.24,135659.96,301466.58,247119.58,5.54707,0.0,969648.4730262089,2471946.4853554294,425063.9042677715
POL-2021131,Credit Union,Southeast,2023,116341,0,0.0,0.0,0.0,4.350277936359301,0.48824999999999996,4.864864864864865,0.0,15,0.242,0.17608,0.17596,462834.54,81441.94,180982.1,64641.1,1.55562,0.0,530957.8735301035,1010230.1448958763,231493.60724479382
POL-2021132,Custodian Bank,National,2024,93043005,0,0.0,0.0,0.0,8.957549139470812,0.71925,0.9523809523809526,0.0,250,5.671,0.12242,0.12233,2177780.17,266414.94,592033.2,-92450971.8,0.00636,0.0,1964761.4506221397,4938258.294870655,838946.1147435327
POL-2021133,Broker-Dealer,Midwest,2024,596458,0,0.0,0.0,0.0,6.364406463510586,0.61575,4.166666666666667,0.6931471805599453,5,0.205,0.15192,0.15182,591663.44,89825.13,199611.41,-396846.59,0.33466,0.0,759086.4868936553,1537978.8040921865,276510.35020460933
POL-2021134,Community Bank,National,2022,94971,0,0.0,0.0,0.0,3.9945242269398897,0.8115,17.941176470588236,0.0,15,0.417,0.18342,0.18329,1313426.57,240740.76,534979.46,440008.46,5.63308,0.0,2095405.8925111413,4322566.160711588,751107.7680355794
POL-2021135,Regional Bank,Southwest,2022,952055,0,0.0,0.0,0.0,6.383168739966109,0.67625,9.09090909090909,0.6931471805599453,10,0.244,0.24062,0.24046,1426937.84,343118.56,762485.68,-189569.32,0.80088,0.0,2190526.268339477,3560346.6908647744,940503.0145432388
POL-2021136,Credit Union,Southeast,2021,312213,1,1.0,125134.0,55967.0,5.451896454476337,0.699,11.5,0.0,10,0.184,0.18155,0.18142,744655.69,135097.12,300215.81,-11997.19,0.96157,0.4008,821740.429604687,2027602.4872747583,401595.93436373794
POL-2021137,Regional Bank,National,2023,3029930,0,0.0,0.0,0.0,5.666426688112432,0.44775,43.24324324324324,0.6931471805599453,250,10.635,0.33731,0.33707,458081.59,154407.46,343127.7,-2686802.3,0.11325,0.0,839601.8018732318,1561718.0291105811,421213.6014555291
POL-2021138,Regional Bank,National,2020,629802,0,0.0,0.0,0.0,5.593595515621446,0.405,11.538461538461538,0.6931471805599453,25,0.759,0.40543,0.40516,292514.19,118513.74,263363.86,-366438.14,0.41817,0.0,622914.6744693163,1089915.3804652,317859.62902326
POL-2021139,Regional Bank,Southwest,2021,1816305,0,0.0,0.0,0.0,6.937799400330514,0.6195,11.785714285714285,0.6931471805599453,10,0.071,0.24317,0.243,2056064.04,499631.86,1110293.03,-706011.97,0.61129,0.0,3212865.6175682433,5617455.325209936,1391165.7962604968
POL-2021140,Community Bank,West,2022,242408,0,0.0,0.0,0.0,4.2710950739666,0.50875,15.238095238095237,1.0986122886681098,50,1.801,0.25907,0.25889,1608930.69,416543.1,925651.34,683243.34,3.81857,0.0,3253673.327754483,5458742.644696485,1198588.4722348242
POL-2021141,Regional Bank,Midwest,2022,999800,0,0.0,0.0,0.0,6.2302845778072,0.75925,5.952380952380953,0.0,15,0.294,0.19348,0.19335,1535784.01,296939.73,659866.06,-339933.94,0.66,0.0,2226127.891987606,3984326.7964472575,859082.3998223629
POL-2021142,Insurance Carrier,National,2024,23946707,0,0.0,0.0,0.0,9.068753765914282,0.655,15.833333333333334,0.0,25,0.689,0.19375,0.19362,1997389.68,386731.06,859402.35,-23087304.65,0.03589,0.0,3446167.4382960987,5917709.729124401,1155287.8364562201
POL-2021143,Asset Manager,Northeast,2024,213157,0,0.0,0.0,0.0,6.221980852751605,0.904,26.530612244897963,0.0,1,0.025,0.10176,0.10169,1797244.63,182767.77,406150.6,192993.6,1.90541,0.0,1000000.0,1000000.0,456150.6
POL-2021144,Asset Manager,Northeast,2023,1507663,0,0.0,0.0,0.0,7.261646351544253,0.7080000000000001,9.565217391304346,0.6931471805599453,5,0.234,0.21292,0.21278,190445.74,40522.86,90050.8,-1417612.2,0.05973,0.0,249426.49245595423,463145.03508816403,113208.05175440821
POL-2021145,Fintech-Lending,Midwest,2022,159272,0,0.0,0.0,0.0,4.574710978503383,0.86525,3.58974358974359,0.0,5,0.171,0.17426,0.17414,2213745.17,385508.72,856686.05,697414.05,5.37876,0.0,3332403.9959949614,5000000.0,1106686.05
POL-2021146,Community Bank,National,2022,39754,0,0.0,0.0,0.0,4.365643155423357,0.88875,2.307692307692308,0.0,2,0.069,0.13264,0.13255,454422.43,60233.65,133852.55,94098.55,3.36702,0.0,550393.1173624733,927197.7930209581,180212.4396510479
POL-2021147,Asset Manager,Northeast,2021,10454034,0,0.0,0.0,0.0,7.883597115482816,0.6795,3.225806451612903,0.0,50,2.308,0.14482,0.14472,1949550.93,282138.05,626973.44,-9827060.56,0.05997,0.0,1866946.4226682263,4680222.379934242,860984.5589967121
POL-2021148,Hedge Fund,National,2023,1369787,0,0.0,0.0,0.0,5.933835434271345,0.88875,14.75,0.0,25,1.169,0.10238,0.10231,597328.96,61110.75,135801.67,-1233985.33,0.09914,0.0,498781.5265077969,1187816.932162049,195192.51660810248
POL-2021149,Community Bank,Northeast,2021,231622,0,0.0,0.0,0.0,4.863680881139593,0.8430000000000001,11.944444444444445,0.0,15,0.086,0.1333,0.13321,326755.31,43527.14,96726.98,-134895.02,0.41761,0.0,338427.83148357004,775623.974389668,135508.1787194834
POL-2021150,Asset Manager,Midwest,2022,1682544,0,0.0,0.0,0.0,6.804281870505861,0.54975,10.869565217391303,0.0,15,0.644,0.2868,0.2866,2796597.02,801510.65,1781134.79,98590.79,1.0586,0.0,4907100.594176691,9708574.444952788,2266563.5122476397
POL-2021151,Fintech-Payments,Northeast,2022,933687,0,0.0,0.0,0.0,6.035959786994534,0.9110000000000001,6.07843137254902,0.6931471805599453,10,0.39,0.09479,0.09473,806193.47,76369.24,169709.41,-763977.59,0.18176,0.0,594893.4983573314,1682647.2284983478,253841.7714249174
POL-2021152,Fintech-Lending,Southwest,2021,266774,1,1.0,271083.0,18009.0,5.420092423473958,0.6285000000000001,63.63636363636363,0.6931471805599453,5,0.103,0.27434,0.27415,236919.46,64952.01,144337.79,-122436.21,0.54105,1.01615,371426.42753031035,766399.6061159967,182657.77030579984
POL-2021153,Community Bank,Northeast,2020,142141,0,0.0,0.0,0.0,4.42484663185681,0.7095,4.615384615384616,0.6931471805599453,15,0.612,0.13739,0.1373,305212.15,41904.84,93121.87,-49019.13,0.65514,0.0,321573.363814329,659565.1012976603,126100.125064883
POL-2021154,Insurance Carrier,National,2020,991969,0,0.0,0.0,0.0,6.8491723215498395,0.6887500000000001,38.75,0.6931471805599453,5,0.243,0.27513,0.27494,1297382.13,356708.2,792684.89,-199284.11,0.7991,0.0,2054678.9705328273,4072278.071602549,996298.7935801274
POL-2021155,Asset Manager,Southwest,2021,281044,0,0.0,0.0,0.0,6.076953933123397,0.781,5.6,0.0,2,0.064,0.09739,0.09732,994005.08,96741.17,214980.39,-66063.61,0.76493,0.0,621330.170030029,1966383.132784377,313299.54663921887
POL-2021156,Community Bank,Southwest,2021,417288,1,1.0,162736.0,128831.0,5.313698468586339,0.7919999999999999,7.096774193548387,0.0,25,0.904,0.13357,0.13347,250119.41,33384.67,74188.16,-343099.84,0.17779,0.38998,240238.9971815499,612870.6738740467,104831.69369370234
POL-2021157,Asset Manager,Southwest,2022,879872,1,1.0,1466070.0,627488.0,6.936051148136984,0.59275,19.23076923076923,0.6931471805599453,5,0.177,0.21939,0.21924,419976.34,92076.23,204613.85,-675258.15,0.23255,1.66623,545520.4293425586,1105526.1011478442,259890.15505739223
POL-2021158,Regional Bank,Northeast,2022,3990012,0,0.0,0.0,0.0,6.939253946041508,0.6882500000000001,6.071428571428571,0.0,50,0.891,0.15169,0.15159,1677158.41,254234.98,564966.63,-3425045.37,0.1416,0.0,2086458.6571801791,4243129.032756429,777123.0816378215
POL-2021159,National Bank,Southwest,2023,161944644,0,0.0,0.0,0.0,10.82923938669978,0.5842499999999999,9.6,0.0,25,1.212,0.16971,0.16959,293404.04,49758.74,110574.98,-161834069.02,0.00068,0.0,383786.1159388883,809876.4358517803,151068.80179258902
POL-2021160,Community Bank,National,2023,446158,0,0.0,0.0,0.0,4.748404354073999,0.9257500000000002,2.0930232558139537,0.0,50,0.93,0.11567,0.11559,3321554.27,383939.69,853199.32,407041.32,1.91233,0.0,2403234.5992938955,6511802.410263262,1178789.440513163
POL-2021161,Asset Manager,West,2020,2200500,0,0.0,0.0,0.0,6.7018375083329955,0.8432499999999999,8.421052631578947,0.0,25,0.828,0.16399,0.16388,2563645.12,420136.72,933637.15,-1266862.85,0.42428,0.0,3618382.9559977097,7635756.675824123,1315424.9837912063
POL-2021162,National Bank,Southeast,2021,135336179,0,0.0,0.0,0.0,10.177700573190931,0.8337500000000001,14.772727272727275,0.0,50,1.238,0.09091,0.09085,3488684.1,316952.09,704337.99,-134631841.01,0.0052,0.0,2415641.109817837,6025508.8545879945,1005613.4327293998
POL-2021163,Community Bank,West,2020,62672,0,0.0,0.0,0.0,5.2171073111224935,0.81875,13.939393939393938,0.0,1,0.025,0.1979,0.19776,786435.16,155525.43,345612.07,282940.07,5.51462,0.0,1000000.0,1113634.6129607763,401293.80064803886
POL-2021164,Regional Bank,National,2021,955599,0,0.0,0.0,0.0,6.044294160752514,0.75275,3.25,0.0,15,0.18,0.18868,0.18855,668935.95,126126.66,280281.46,-675317.54,0.2933,0.0,983781.400741889,2041856.8565941947,382374.3028297098
POL-2021165,Fintech-Lending,Southwest,2020,894098,0,0.0,0.0,0.0,5.859931157146132,0.78125,10.0,0.0,15,0.748,0.1582,0.15809,948813.62,150002.53,333338.96,-560759.04,0.37282,0.0,939635.5889049866,2790174.1254806938,472847.6662740347
POL-2021166,Broker-Dealer,West,2021,1502660,0,0.0,0.0,0.0,6.5913993459457485,0.9807500000000001,9.803921568627452,0.0,10,0.218,0.11641,0.11634,4796759.03,558031.76,1240070.58,-262589.42,0.82525,0.0,4628357.049109745,10000000.0,1740070.58
POL-2021167,Insurance Carrier,National,2022,1245640,0,0.0,0.0,0.0,7.573942277959299,0.9362500000000001,2.5490196078431375,0.6931471805599453,2,0.068,0.10871,0.10863,2557611.49,277842.38,617427.51,-628212.49,0.49567,0.0,1585200.5479960293,2000000.0,717427.51
POL-2021168,Regional Bank,West,2023,1710045,0,0.0,0.0,0.0,7.11085937495862,0.681,9.545454545454547,0.0,10,0.287,0.25325,0.25308,731301.22,185076.57,411281.27,-1298763.73,0.24051,0.0,1100330.4763931774,2025750.0171613442,512568.7708580672
POL-2021169,Insurance Carrier,West,2022,2246906,1,1.0,1472867.0,731423.0,8.255880373984525,0.6980000000000001,27.6,0.0,2,0.062,0.18676,0.18663,1175384.62,219363.46,487474.35,-1759431.65,0.21695,0.65551,1458561.9431772064,2000000.0,587474.35
POL-2021170,National Bank,Northeast,2024,90553021,0,0.0,0.0,0.0,9.88871903283095,0.6345000000000001,9.18918918918919,0.6931471805599453,50,0.421,0.20271,0.20257,2311815.3,468309.9,1040688.66,-89512332.34,0.01149,0.0,3320628.4450666355,5893044.706500584,1335340.8953250293
POL-2021171,Asset Manager,West,2021,758112,0,0.0,0.0,0.0,6.7963766909987475,0.86325,84.05405405405405,0.0,5,0.032,0.16872,0.1686,787617.93,132792.25,295093.89,-463018.11,0.38925,0.0,1094722.4811149396,2129123.423998123,401550.06119990617
POL-2021172,Investment Bank,Northeast,2022,6247284,0,0.0,0.0,0.0,8.261138976644768,0.812,15.0,0.0,5,0.166,0.12921,0.12912,488710.62,63102.12,140226.94,-6107057.06,0.02245,0.0,425612.90316476574,1122235.5990154347,196338.71995077175
POL-2021173,Hedge Fund,National,2022,414179,0,0.0,0.0,0.0,5.710758088392627,0.48075,13.88888888888889,0.0,5,0.234,0.37998,0.37972,258781.91,98264.9,218366.45,-195812.55,0.52723,0.0,589739.6102606535,866774.5855993106,261705.17927996555
POL-2021174,Regional Bank,Southeast,2021,483660,0,0.0,0.0,0.0,5.871554250435424,0.65125,25.714285714285715,0.0,10,0.402,0.17804,0.17792,2684231.85,477575.68,1061279.3,577619.3,2.19427,0.0,3337228.3967511095,7963717.549937987,1459465.1774968994
POL-2021175,Fintech-Lending,Southeast,2023,784170,0,0.0,0.0,0.0,5.508578292031233,0.9227500000000001,7.954545454545456,1.3862943611198906,25,0.957,0.1206,0.12052,11314912.6,1363625.64,3030279.2,2246109.2,3.86431,0.0,11239909.579836383,25000000.0,4280279.2
POL-2021176,Regional Bank,West,2022,380287,1,1.0,156316.0,94324.0,5.994709277272871,0.8197500000000001,23.0952380952381,0.0,5,0.124,0.17623,0.17611,3314221.7,583681.35,1297069.66,916782.66,3.41077,0.41105,4561850.32356899,5206484.994721336,1557393.9097360668
POL-2021177,Asset Manager,Southeast,2021,1791639,0,0.0,0.0,0.0,7.369537706568797,0.47875,9.705882352941178,0.6931471805599453,5,0.231,0.22202,0.22187,1087076.39,241184.74,535966.08,-1255672.92,0.29915,0.0,1425326.5434975303,3171417.960534583,694536.9780267291
POL-2021178,Fintech-Lending,Northeast,2021,245130,0,0.0,0.0,0.0,4.465908118654584,0.83525,15.15151515151515,0.0,15,0.62,0.15815,0.15804,1483814.38,234502.71,521117.13,275987.13,2.12588,0.0,1477874.9068695167,3619572.600373799,702095.76001869
POL-2021179,Regional Bank,Northeast,2020,589116,0,0.0,0.0,0.0,7.017237289599134,0.86075,3.0555555555555554,0.6931471805599453,2,0.082,0.14085,0.14075,966027.29,135970.58,302156.84,-286959.16,0.5129,0.0,996440.1222476255,2000000.0,402156.84
POL-2021180,Asset Manager,Northeast,2021,2708777,0,0.0,0.0,0.0,7.2603820400743,0.7637500000000002,2.888888888888889,1.0986122886681098,15,0.688,0.12331,0.12322,647526.68,79791.45,177314.33,-2531462.67,0.06546,0.0,636463.4743751423,1415612.774949665,248094.96874748322
POL-2021181,Fintech-Lending,Midwest,2024,103144,0,0.0,0.0,0.0,4.4272389774954295,0.72,23.076923076923077,0.6931471805599453,5,0.058,0.22099,0.22084,3562833.51,786810.65,1748468.11,1645324.11,16.95172,0.0,5000000.0,5796478.416366972,2038292.0308183488
POL-2021182,Regional Bank,Midwest,2021,336993,1,1.0,9964617.0,5685760.0,6.401585466752341,0.7262500000000001,40.5,0.0,2,0.092,0.19542,0.19528,770464.23,150457.92,334350.93,-2642.07,0.99216,29.56921,1131060.8047888028,2000000.0,434350.93
POL-2021183,Broker-Dealer,National,2023,2056817,0,0.0,0.0,0.0,6.642356414770814,0.84725,8.68421052631579,0.0,25,0.786,0.14729,0.14719,6866689.43,1010692.0,2245982.23,189165.23,1.09197,0.0,7877766.776058157,14873926.047174035,2989678.532358702
POL-2021184,Community Bank,Southeast,2021,758565,0,0.0,0.0,0.0,4.818667360250496,0.67825,16.190476190476193,0.0,100,0.668,0.1327,0.13261,1215466.11,161183.27,358185.04,-400379.96,0.47219,0.0,1084306.8685418386,2640367.413717091,490203.4106858545
POL-2021185,Credit Union,Southwest,2020,190636,0,0.0,0.0,0.0,4.623010104116422,0.7779999999999999,3.103448275862069,0.0,25,1.134,0.13154,0.13145,295489.01,38842.72,86317.15,-104318.85,0.45279,0.0,278450.14870820683,829053.5798665304,127769.82899332652
POL-2021186,Regional Bank,Midwest,2024,617285,0,0.0,0.0,0.0,5.4053764388414445,0.82675,2.3529411764705883,0.0,25,0.551,0.14688,0.14678,4509968.46,661968.14,1471040.31,853755.31,2.38308,0.0,4515853.601452002,10328021.718320055,1987441.3959160028
POL-2021187,Broker-Dealer,West,2021,4190845,0,0.0,0.0,0.0,7.266757512679961,0.6799999999999999,4.324324324324324,0.0,25,0.381,0.10929,0.10922,2726753.6,297814.99,661811.09,-3529033.91,0.15792,0.0,2697413.623112722,6021569.727423003,962889.5763711501
POL-2021188,Insurance Carrier,Midwest,2024,3110793,0,0.0,0.0,0.0,8.020927718981577,0.83425,4.7368421052631575,0.6931471805599453,5,0.163,0.17888,0.17876,3344950.18,597927.72,1328728.27,-1782064.73,0.42713,0.0,4002877.14615879,5000000.0,1578728.27
POL-2021189,Investment Bank,Northeast,2024,7408625,0,0.0,0.0,0.0,8.499497542880547,0.81675,3.5294117647058822,0.6931471805599453,5,0.105,0.13753,0.13743,1449417.33,199199.41,442665.35,-6965959.65,0.05975,0.0,1568594.507017219,3280542.0226846677,606692.4511342334
POL-2021190,Hedge Fund,Northeast,2022,1944448,1,1.0,656611.0,336707.0,5.976350909297934,0.749,7.142857142857142,0.6931471805599453,50,1.264,0.18112,0.181,997385.95,180523.6,401163.55,-1543284.45,0.20631,0.33769,1445678.4527891513,2675411.416909348,534934.1208454674
POL-2021191,Custodian Bank,Southwest,2022,52224153,0,0.0,0.0,0.0,9.842686040075465,0.745,9.333333333333334,0.6931471805599453,25,1.02,0.14971,0.14961,366200.48,54786.19,121747.1,-52102405.9,0.00233,0.0,369110.91886188235,810593.9931296587,162276.79965648294
POL-2021192,Fintech-Lending,National,2024,212830,0,0.0,0.0,0.0,5.154446996128335,0.8112499999999999,12.941176470588236,0.0,5,0.067,0.17135,0.17123,686350.06,117524.62,261165.82,48335.82,1.22711,0.0,840313.2832392785,1620602.6938768602,342195.954693843
POL-2021193,Fintech-Lending,Southwest,2020,697284,0,0.0,0.0,0.0,5.105339229565553,0.722,14.878048780487806,0.0,25,1.126,0.18763,0.1875,856319.98,160562.24,356804.98,-340479.02,0.51171,0.0,1130245.3106084636,2137279.4047732353,463668.9502386617
POL-2021194,Community Bank,National,2021,135110,0,0.0,0.0,0.0,4.254193263163997,0.5567500000000001,4.615384615384615,0.0,15,0.274,0.19708,0.19695,1474182.48,290336.57,645192.38,510082.38,4.77531,0.0,2191042.3786104885,3606678.775738701,825526.3187869351
POL-2021195,Custodian Bank,Southwest,2022,19828592,0,0.0,0.0,0.0,8.233104654474587,0.71625,2.5714285714285716,0.6931471805599453,100,4.505,0.09194,0.09188,202793.16,18632.25,41405.01,-19787186.99,0.00209,0.0,150213.44373105073,498555.11048706464,66332.76552435324
POL-2021196,Asset Manager,National,2022,737331,0,0.0,0.0,0.0,6.61136876590021,0.7404999999999999,8.40909090909091,0.0,5,0.22,0.18437,0.18424,2143019.95,394829.17,877398.16,140067.16,1.18997,0.0,2844958.278792188,5000000.0,1127398.1600000001
POL-2021197,Fintech-Lending,Midwest,2020,498703,0,0.0,0.0,0.0,5.5254529391317835,0.603,7.931034482758621,0.0,10,0.38,0.28006,0.27987,918866.35,257164.68,571477.06,72774.06,1.14593,0.0,1479299.054376941,2655521.055210703,704253.1127605352
POL-2021198,Hedge Fund,Southeast,2023,1757665,0,0.0,0.0,0.0,5.872962503026981,0.79575,17.84313725490196,0.0,50,1.251,0.13399,0.1339,1208333.4,161797.51,359550.01,-1398114.99,0.20456,0.0,919832.3689491347,3108133.4867201746,514956.68433600874
POL-2021199,Fintech-Payments,National,2020,462044,1,1.0,107921.0,0.0,5.695414224985685,0.6220000000000001,4.642857142857142,0.0,5,0.154,0.26652,0.26633,640845.98,170678.54,379285.64,-82758.36,0.82089,0.23357,1032648.688353579,2035535.1401310517,481062.3970065526
POL-2021200,Credit Union,Midwest,2021,117165,0,0.0,0.0,0.0,4.364371699435161,0.90525,9.523809523809526,0.0,15,0.127,0.14878,0.14868,510719.43,75933.71,168741.58,51576.58,1.4402,0.0,605446.2625380496,1250995.4020314275,231291.35010157136
POL-2021201,Regional Bank,Southeast,2022,2275724,0,0.0,0.0,0.0,6.881000541673317,0.8564999999999999,11.944444444444445,0.0,25,0.391,0.1106,0.11053,3654326.12,403905.5,897567.78,-1378156.22,0.39441,0.0,3192367.332941101,8569603.25793252,1326047.942896626
POL-2021202,Regional Bank,National,2022,962086,1,2.0,306483.0,92607.0,6.845986252584505,0.59425,13.793103448275863,0.6931471805599453,5,0.083,0.31296,0.31275,375422.94,117413.56,260919.03,-701166.97,0.2712,0.31856,697109.6167239819,1530491.6169046846,337443.61084523425
POL-2021203,National Bank,National,2024,377599375,1,1.0,1865775.0,8001.0,9.76917871492241,0.661,5.714285714285714,0.6931471805599453,500,21.208,0.16738,0.16726,2217095.8,370837.16,824082.57,-376775292.43,0.00218,0.00494,2421794.7960559693,5324322.762285553,1090298.7081142776
POL-2021204,Asset Manager,Midwest,2022,1074793,0,0.0,0.0,0.0,6.155494833929685,0.59775,33.78378378378378,0.0,25,1.14,0.14989,0.14978,1361058.31,203863.12,453029.15,-621763.85,0.4215,0.0,1391477.795027525,3153747.540609088,610716.5270304545
POL-2021205,Broker-Dealer,National,2023,937814,0,0.0,0.0,0.0,6.26415987725144,0.70375,7.959183673469389,0.6931471805599453,10,0.196,0.16213,0.16202,4233437.36,685917.12,1524260.27,586446.27,1.62533,0.0,5873341.673634401,10000000.0,2024260.27
POL-2021206,Regional Bank,Midwest,2022,953553,0,0.0,0.0,0.0,6.7906595071058895,0.8455,25.58823529411765,0.0,5,0.216,0.16033,0.16022,2022993.18,324118.35,720263.0,-233290.0,0.75535,0.0,2384600.7620046614,5000000.0,970263.0
POL-2021207,Community Bank,West,2024,27852,0,0.0,0.0,0.0,4.35799005684564,0.8490000000000001,24.242424242424242,1.0986122886681098,1,0.042,0.16165,0.16154,690789.79,111589.72,247977.16,220125.16,8.90339,0.0,664836.0645566703,1000000.0,297977.16000000003
POL-2021208,Community Bank,Midwest,2022,97548,0,0.0,0.0,0.0,4.380775852772229,0.5562500000000001,8.214285714285714,0.0,10,0.052,0.26096,0.26078,202741.08,52871.27,117491.72,19943.72,1.20445,0.0,302252.9364821754,591873.328008236,147085.3864004118
POL-2021209,Asset Manager,Southeast,2023,3815129,0,0.0,0.0,0.0,8.07754028377083,0.66975,14.999999999999998,0.0,5,0.117,0.19572,0.19559,2734255.64,534792.19,1188427.1,-2626701.9,0.3115,0.0,3560601.2368296236,5000000.0,1438427.1
POL-2021210,Hedge Fund,Northeast,2024,1262446,0,0.0,0.0,0.0,5.806940566758827,0.61275,8.0,0.0,25,0.235,0.16683,0.16671,365572.3,60945.63,135434.74,-1127011.26,0.10728,0.0,429949.4551627925,825139.4527574823,176691.71263787412
POL-2021211,Fintech-Payments,Southeast,2023,1208589,0,0.0,0.0,0.0,6.392921633818608,0.731,8.863636363636365,0.0,10,0.388,0.13276,0.13267,745692.3,98932.4,219849.78,-988739.22,0.18191,0.0,842794.700442089,1715639.5928081698,305631.7596404085
POL-2021212,Regional Bank,Southeast,2021,236477,0,0.0,0.0,0.0,6.551223181983152,0.8770000000000001,8.0,0.6931471805599453,1,0.049,0.12522,0.12514,2211209.98,276708.62,614908.04,378431.04,2.60029,0.0,1000000.0,1000000.0,664908.04
POL-2021213,Asset Manager,Southwest,2022,654779,0,0.0,0.0,0.0,6.1224928095143865,0.7052499999999999,4.722222222222222,0.0,10,0.232,0.15874,0.15863,1105789.31,175410.24,389800.53,-264978.47,0.59532,0.0,1239276.9184344723,2696946.653215174,524647.8626607588
POL-2021214,Fintech-Payments,Southwest,2020,236919,1,2.0,911890.0,236639.0,5.231108616854587,0.40075,2.5925925925925926,0.6931471805599453,5,0.201,0.32483,0.32461,519103.82,168505.84,374457.41,137538.41,1.58053,3.84895,984518.9600299611,1451873.5388600759,447051.08694300376
POL-2021215,Insurance Carrier,National,2023,43839044,0,0.0,0.0,0.0,8.902918070281423,0.65875,1.8918918918918919,0.6931471805599453,100,1.936,0.21048,0.21034,5387465.27,1133182.72,2518183.81,-41320860.19,0.05744,0.0,7592230.843446248,15700415.581892682,3303204.589094634
POL-2021216,Community Bank,West,2021,14682,0,0.0,0.0,0.0,2.8735646395797834,0.5245,3.0555555555555554,0.0,5,0.106,0.23897,0.23881,716770.1,171171.24,380380.53,365698.53,25.90795,0.0,1011004.1804559488,1855460.3210495957,473153.5460524798
POL-2021217,Regional Bank,Midwest,2021,1875322,0,0.0,0.0,0.0,7.502186486602924,0.92,12.340425531914896,0.0,5,0.224,0.19005,0.18992,988501.93,187739.03,417197.85,-1458124.15,0.22247,0.0,1462991.3906849043,3041394.985077836,569267.5992538917
POL-2021218,National Bank,Southeast,2023,74721679,0,0.0,0.0,0.0,8.587483887031672,0.8115,2.5806451612903225,0.0,250,7.949,0.10314,0.10307,13503958.99,1391886.18,3093080.41,-71628598.59,0.04139,0.0,11600972.951037016,30128739.9449025,4599517.407245126
POL-2021219,Regional Bank,Southeast,2020,1096967,0,0.0,0.0,0.0,6.9700725850469984,0.8347500000000001,5.365853658536586,0.6931471805599453,5,0.206,0.14509,0.14499,1172193.26,169957.39,377683.09,-719283.91,0.3443,0.0,1468711.5182773585,2841674.3939295183,519766.809696476
POL-2021220,Asset Manager,Midwest,2023,1862711,0,0.0,0.0,0.0,7.450893192215374,0.71425,10.81081081081081,0.0,5,0.124,0.23114,0.23098,2895379.83,668781.99,1486182.2,-376528.8,0.79786,0.0,4224161.251951175,5843595.409916675,1778361.9704958338
POL-2021221,Asset Manager,Southeast,2022,471034,0,0.0,0.0,0.0,6.2408604695662575,0.783,58.888888888888886,0.0,5,0.206,0.13864,0.13855,2290688.09,317370.78,705268.39,234234.39,1.49728,0.0,2459251.727954655,5000000.0,955268.39
POL-2021222,Broker-Dealer,West,2021,3561325,0,0.0,0.0,0.0,6.192771403813017,0.6795000000000001,15.384615384615383,0.6931471805599453,100,2.116,0.16967,0.16956,2169683.73,367884.14,817520.31,-2743804.69,0.22956,0.0,2870885.895338145,5735695.840293914,1104305.1020146958
POL-2021223,Regional Bank,Midwest,2023,267736,0,0.0,0.0,0.0,6.459904454377535,0.7665,6.170212765957448,0.0,1,0.025,0.1485,0.1484,2436254.58,361548.17,803440.38,535704.38,3.00087,0.0,1000000.0,1000000.0,853440.38
POL-2021224,Regional Bank,Southwest,2022,271098,1,1.0,297270.0,183563.0,5.665388086668889,0.803,20.344827586206897,0.0,5,0.176,0.1549,0.15479,2110609.46,326707.21,726016.02,454918.02,2.67806,1.09654,2594984.071605869,5000000.0,976016.02
POL-2021225,National Bank,West,2020,68565448,0,0.0,0.0,0.0,9.545583281856246,0.62825,22.06896551724138,0.0,50,1.143,0.21173,0.21159,1200159.65,253940.14,564311.42,-68001136.58,0.00823,0.0,1868704.8592919812,3585434.6551550436,743583.1527577522
POL-2021226,Investment Bank,West,2022,32002657,0,0.0,0.0,0.0,8.662556806391146,0.7992500000000001,7.333333333333333,0.0,50,1.614,0.12641,0.12632,4088873.23,516523.58,1147830.17,-30854826.83,0.03587,0.0,4001074.163232048,9971976.529572157,1646428.9964786079
POL-2021227,Regional Bank,Midwest,2020,6734247,0,0.0,0.0,0.0,6.302802109158108,0.7855,11.5625,0.0,250,6.011,0.18788,0.18775,6559365.53,1231537.18,2736749.28,-3997497.72,0.40639,0.0,7975075.325765736,16883167.44253937,3580907.6521269684
POL-2021228,Credit Union,Northeast,2022,172016,0,0.0,0.0,0.0,4.607168188650764,0.445,9.25925925925926,0.0,15,0.23,0.28228,0.28208,127690.85,36019.36,80043.03,-91972.97,0.46532,0.0,207331.4361051502,395624.4195383969,99824.25097691984
POL-2021229,Hedge Fund,Northeast,2022,1163245,1,1.0,191814.0,85640.0,6.417059026511312,0.7272500000000001,5.0,0.6931471805599453,10,0.06,0.15867,0.15856,480038.38,76116.27,169147.26,-994097.74,0.14541,0.1649,440530.9666646687,1146047.7349551853,226449.64674775928
POL-2021230,Credit Union,Midwest,2022,241650,0,0.0,0.0,0.0,4.543294782270004,0.5549999999999999,1.1111111111111112,0.0,25,1.082,0.18632,0.1862,329080.25,61273.23,136162.74,-105487.26,0.56347,0.0,390882.02939283324,912828.6508984353,181804.17254492175
POL-2021231,Broker-Dealer,Midwest,2022,468972,0,0.0,0.0,0.0,6.441106017548975,0.712,17.75,0.0,2,0.055,0.13743,0.13733,2354309.54,323329.0,718508.9,249536.9,1.53209,0.0,2000000.0,2000000.0,818508.9
POL-2021232,Broker-Dealer,West,2020,381448,0,0.0,0.0,0.0,6.605027248325085,0.81375,18.43137254901961,0.0,1,0.025,0.13466,0.13456,2152991.76,289716.4,643814.22,262366.22,1.68782,0.0,1000000.0,1000000.0,693814.22
POL-2021233,Asset Manager,West,2023,1117482,0,0.0,0.0,0.0,6.878944197128018,0.76025,12.727272727272727,0.6931471805599453,5,0.234,0.27341,0.27323,574099.86,156859.16,348575.92,-768906.08,0.31193,0.0,1033215.3812030342,1819353.1601940629,439543.57800970314
POL-2021234,Fintech-Payments,West,2021,2216556,0,0.0,0.0,0.0,6.656726524178391,0.7280000000000001,51.42857142857142,0.6931471805599453,15,0.444,0.25337,0.2532,366466.55,92788.78,206197.28,-2010358.72,0.09303,0.0,643948.9636679804,1082909.4785502332,260342.75392751166
POL-2021235,Regional Bank,Northeast,2024,1801782,0,0.0,0.0,0.0,7.218543340148393,0.85475,31.794871794871796,0.6931471805599453,10,0.299,0.16398,0.16387,1338429.26,219323.54,487385.64,-1314396.36,0.2705,0.0,1460204.6961573425,3092529.9083065665,642012.1354153283
POL-2021236,Community Bank,West,2023,84608,0,0.0,0.0,0.0,4.302712827954156,0.6637500000000001,11.612903225806452,0.0,10,0.404,0.25434,0.25416,667202.6,169579.37,376843.05,292235.05,4.45399,0.0,1048862.369121668,1853003.6074213297,469493.2303710665
POL-2021237,Regional Bank,Southwest,2022,1524609,0,0.0,0.0,0.0,6.948417260701027,0.59625,23.21428571428571,0.0,10,0.302,0.20941,0.20927,813131.87,170163.75,378141.67,-1146467.33,0.24803,0.0,1170238.848957873,2417280.1264224094,499005.67632112047
POL-2021238,Regional Bank,Southeast,2023,5849233,0,0.0,0.0,0.0,6.0364379127507135,0.64775,11.923076923076923,0.0,500,17.309,0.14454,0.14444,984776.33,142240.16,316089.25,-5533143.75,0.05404,0.0,1062463.9163584064,2405980.608226981,436388.280411349
POL-2021239,Custodian Bank,Midwest,2024,158674056,0,0.0,0.0,0.0,9.639749845327806,0.49700000000000005,92.72727272727272,0.0,250,5.4,0.18138,0.18126,787289.08,142702.15,317115.89,-158356940.11,0.002,0.0,1062317.4686966895,2113182.5298583736,422775.0164929187
POL-2021240,Insurance Carrier,Southwest,2022,2215358,0,0.0,0.0,0.0,7.19300940635925,0.9365,14.444444444444445,0.0,10,0.443,0.10464,0.10457,1062654.79,111125.02,246944.48,-1968413.52,0.11147,0.0,1006875.1884775443,2498601.631581021,371874.5615790511
POL-2021241,Credit Union,West,2021,68504,0,0.0,0.0,0.0,4.244200317766478,0.60225,17.5,0.0,5,0.049,0.21058,0.21044,316795.58,66666.39,148147.52,79643.52,2.16261,0.0,408075.19721761,856204.7909181583,190957.7595459079
POL-2021242,Insurance Carrier,Southwest,2020,3292886,1,1.0,1219948.0,822234.0,7.588829878307813,0.7024999999999999,13.055555555555555,0.0,15,0.554,0.23088,0.23072,468873.06,108177.88,240395.29,-3052490.71,0.073,0.37048,700920.2584517988,1259789.6211669028,303384.77105834516
POL-2021243,Regional Bank,Southwest,2024,5382997,0,0.0,0.0,0.0,8.09150496761904,0.8312499999999999,10.857142857142858,0.0,10,0.058,0.17036,0.17024,4154368.59,707258.89,1571686.42,-3811310.58,0.29197,0.0,4738155.307308782,9455202.775844602,2044446.55879223
POL-2021244,Broker-Dealer,Southeast,2020,3675895,0,0.0,0.0,0.0,7.493762583984179,0.618,19.583333333333336,0.0,15,0.551,0.1217,0.12162,1144474.73,139189.05,309308.99,-3366586.01,0.08415,0.0,1004151.8142134515,2553015.959700508,436959.7879850254
POL-2021245,Community Bank,Northeast,2023,85157,0,0.0,0.0,0.0,4.450852825603734,0.73775,14.999999999999998,1.0986122886681098,5,0.053,0.10118,0.10111,173982.04,17590.88,39090.85,-46066.15,0.45904,0.0,107205.99487406292,372758.5874737207,57728.77937368603
POL-2021246,Insurance Carrier,West,2023,2421346,1,2.0,424168.0,267197.0,8.31549307739568,0.51375,5.5,0.0,2,0.088,0.27244,0.27225,1016948.84,276866.15,615258.11,-1806087.89,0.2541,0.17518,1643547.018886148,2120390.8546768078,721277.6527338404
POL-2021247,Fintech-Lending,Northeast,2021,857851,0,0.0,0.0,0.0,5.610935924289849,0.674,12.413793103448276,0.0,15,0.576,0.33173,0.3315,667026.92,221119.23,491376.06,-366474.94,0.5728,0.0,1331306.8783697437,2064415.0115347195,594596.810576736
POL-2021248,Asset Manager,West,2023,1367828,0,0.0,0.0,0.0,6.312279125595638,0.58225,7.142857142857142,0.0,25,0.889,0.14284,0.14275,1362504.24,194493.48,432207.74,-935620.26,0.31598,0.0,1326866.1916874552,3539104.293699805,609162.9546849902
POL-2021249,Custodian Bank,Southwest,2020,14601014,0,0.0,0.0,0.0,8.638348312972704,0.6467499999999999,22.89473684210526,0.0,25,0.772,0.11808,0.118,202831.51,23934.58,53187.95,-14547826.05,0.00364,0.0,178611.3988327902,480907.0882631151,77233.30441315575
POL-2021250,Asset Manager,West,2023,424159,0,0.0,0.0,0.0,6.484635235635252,0.8315,25.25,0.0,2,0.025,0.14618,0.14608,1800316.01,262998.63,584441.4,160282.4,1.37788,0.0,2000000.0,2000000.0,684441.4
POL-2021251,Broker-Dealer,National,2021,1822686,0,0.0,0.0,0.0,6.87388820947056,0.7030000000000001,4.473684210526315,0.0,10,0.085,0.12814,0.12805,3914441.96,501260.04,1113911.2,-708774.8,0.61114,0.0,4262297.398561122,9524133.641971534,1590117.8820985768
POL-2021252,Insurance Carrier,Southwest,2022,4351301,0,0.0,0.0,0.0,7.8821262219328165,0.64125,9.0,0.6931471805599453,15,0.689,0.21064,0.21049,1364323.29,287182.07,638182.38,-3713118.62,0.14666,0.0,1851944.411748016,3431431.0201722737,809753.9310086137
POL-2021253,Fintech-Payments,West,2021,168948,1,1.0,38123.0,25611.0,5.839478190110101,0.7547499999999999,8.275862068965518,0.6931471805599453,1,0.025,0.27204,0.27186,1651667.27,449015.63,997812.52,828864.52,5.90603,0.22565,1000000.0,2000000.0,1097812.52
POL-2021254,Insurance Carrier,National,2024,7299878,1,2.0,460997.0,0.0,8.395070754160756,0.5077499999999999,130.0,0.0,10,0.102,0.33733,0.3371,1467738.28,494767.49,1099483.31,-6200394.69,0.15062,0.06315,2876412.4045244507,5361190.072820897,1367542.813641045
POL-2021255,Regional Bank,Northeast,2024,375466,0,0.0,0.0,0.0,5.84586057324919,0.8775000000000001,5.405405405405405,0.6931471805599453,5,0.202,0.12017,0.12009,255787.1,30717.06,68260.13,-307205.87,0.1818,0.0,264265.2124064772,519955.5081058475,94257.90540529237
POL-2021256,Regional Bank,Southwest,2022,1886118,0,0.0,0.0,0.0,6.852453963197048,0.44725000000000004,11.923076923076923,0.6931471805599453,15,0.748,0.34206,0.34183,132543.62,45306.78,100681.72,-1785436.28,0.05338,0.0,231651.9710953697,445796.46761105064,122971.54338055254
POL-2021257,Hedge Fund,West,2024,304441,1,1.0,529742.0,271531.0,5.4785534168509695,0.6817500000000001,6.875,0.0,5,0.141,0.19641,0.19628,437178.08,85808.35,190685.23,-113755.77,0.62635,1.74005,623771.6703742532,1236451.0379936404,252507.78189968204
POL-2021258,Regional Bank,Southeast,2020,240408,0,0.0,0.0,0.0,5.420977379283924,0.5607500000000001,7.4074074074074066,0.6931471805599453,5,0.133,0.19136,0.19123,1877455.77,359022.93,797828.72,557420.72,3.31864,0.0,2955234.4539500806,5000000.0,1047828.72
POL-2021259,Broker-Dealer,West,2022,2364288,0,0.0,0.0,0.0,7.301350214519814,0.8025000000000001,11.0,0.0,10,0.356,0.12302,0.12294,803800.01,98815.64,219590.32,-2144697.68,0.09288,0.0,716539.7523947224,1934196.7812345906,316300.15906172956
POL-2021260,Regional Bank,Northeast,2020,210843,0,0.0,0.0,0.0,6.42422051545205,0.90325,1.8181818181818183,0.0,1,0.026,0.12785,0.12776,3002698.52,383622.63,852494.73,641651.73,4.04327,0.0,1000000.0,1000000.0,902494.73
POL-2021261,Fintech-Payments,National,2021,1668615,0,0.0,0.0,0.0,5.66815529701305,0.60775,23.333333333333336,0.6931471805599453,50,1.732,0.30446,0.30425,1049101.69,319189.38,709309.74,-959305.26,0.42509,0.0,2164698.613542059,3326008.2001483743,875610.1500074187
POL-2021262,Community Bank,Southeast,2022,52064,0,0.0,0.0,0.0,4.483002552013883,0.7925000000000001,67.3076923076923,0.0,2,0.097,0.14923,0.14913,1575974.11,235027.89,522284.21,470220.21,10.03158,0.0,1730395.3406127614,2000000.0,622284.21
POL-2021263,Hedge Fund,National,2024,59322,0,0.0,0.0,0.0,4.769836807543325,0.8277500000000001,6.666666666666666,0.0,1,0.039,0.1692,0.16908,874121.36,147797.66,328439.25,269117.25,5.53655,0.0,1000000.0,1437056.9818162466,400292.0990908123
POL-2021264,Regional Bank,Midwest,2021,837607,1,1.0,35788.0,20365.0,6.336471686179032,0.663,10.857142857142858,0.0,10,0.429,0.23244,0.23228,1086931.73,252472.06,561049.03,-276557.97,0.66982,0.04273,1556860.915144261,3173771.582029029,719737.6091014515
POL-2021265,Regional Bank,Northeast,2023,369658,0,0.0,0.0,0.0,5.613857767128214,0.86725,7.027027027027026,0.0,10,0.258,0.13675,0.13665,960878.98,131305.48,291789.95,-77868.05,0.78935,0.0,934277.0483618351,2187243.7194735175,401152.1359736759
POL-2021266,Community Bank,Midwest,2024,114119,0,0.0,0.0,0.0,4.821087692210561,0.8432499999999999,6.486486486486486,0.0,5,0.029,0.09579,0.09572,1863080.36,178335.67,396301.49,282182.49,3.4727,0.0,1435208.7159866586,3062549.464927424,549428.9632463712
POL-2021267,Hedge Fund,Midwest,2022,422973,0,0.0,0.0,0.0,6.403077385802381,0.73575,10.384615384615385,0.6931471805599453,2,0.089,0.23779,0.23763,470404.67,111782.08,248404.63,-174568.37,0.58728,0.0,662622.6745644865,1299249.2345073381,313367.0917253669
POL-2021268,Regional Bank,Midwest,2023,362006,0,0.0,0.0,0.0,6.852348271710398,0.84275,15.945945945945946,0.0,1,0.025,0.16696,0.16684,2155509.43,359635.3,799189.55,437183.55,2.20767,0.0,1000000.0,1863742.5538532475,892376.6776926625
POL-2021269,Regional Bank,West,2021,1730120,0,0.0,0.0,0.0,6.926282583596021,0.7569999999999999,16.42857142857143,0.0,10,0.164,0.16462,0.16451,1092058.03,179655.66,399234.8,-1330885.2,0.23076,0.0,1319811.139219459,2570823.812969385,527775.9906484692
POL-2021270,Community Bank,Southeast,2021,36942,0,0.0,0.0,0.0,4.436751534363128,0.849,13.055555555555555,0.6931471805599453,2,0.025,0.16401,0.1639,236048.86,38688.88,85975.28,49033.28,2.3273,0.0,316931.75273607124,636975.3133695755,117824.04566847878
POL-2021271,Credit Union,National,2023,109901,1,1.0,286172.0,197524.0,3.7796338173824005,0.601,1.6666666666666665,0.0,25,0.218,0.19277,0.19264,197399.16,38026.48,84503.28,-25397.72,0.7689,2.60391,272797.7699859541,569358.8268818515,112971.22134409257
POL-2021272,Fintech-Lending,Midwest,2022,570927,0,0.0,0.0,0.0,6.010040932680917,0.7372500000000001,10.0,0.0,5,0.099,0.19545,0.19532,1924859.13,375960.64,835468.1,264541.1,1.46335,0.0,2652549.023966306,5000000.0,1085468.1
POL-2021273,National Bank,Midwest,2023,191659491,0,0.0,0.0,0.0,10.026302352053534,0.3715,90.8,0.0,100,0.66,0.26697,0.26679,550162.87,146778.46,326174.36,-191333316.64,0.0017,0.0,788054.3979754666,1676688.8233625898,410008.8011681295
POL-2021274,Regional Bank,Midwest,2021,1254340,0,0.0,0.0,0.0,6.614993660787057,0.7925000000000001,7.428571428571429,1.3862943611198906,15,0.417,0.11319,0.11312,2747126.69,310744.36,690543.01,-563796.99,0.55052,0.0,2021007.5238032734,5779388.769740233,979512.4484870117
POL-2021275,Hedge Fund,Southeast,2021,867042,0,0.0,0.0,0.0,6.013226038889495,0.8415,27.35294117647059,0.0,10,0.132,0.09313,0.09306,456971.36,42527.89,94506.42,-772535.58,0.109,0.0,381862.2414085952,957572.0372157804,142385.021860789
POL-2021276,Insurance Carrier,Southeast,2023,1169807,0,0.0,0.0,0.0,6.490268195646648,0.618,13.75,0.6931471805599453,15,0.671,0.24472,0.24455,1606927.54,392980.49,873289.98,-296517.02,0.74652,0.0,2567714.391584321,4533502.478878172,1099965.1039439086
POL-2021277,Regional Bank,Southwest,2020,532651,0,0.0,0.0,0.0,6.138590611998276,0.728,21.794871794871796,0.6931471805599453,5,0.19,0.14921,0.14911,679983.84,101389.96,225311.02,-307339.98,0.423,0.0,797515.8246653622,1509153.6273859865,300768.7013692993
POL-2021278,Regional Bank,West,2023,839042,0,0.0,0.0,0.0,7.11574458252467,0.773,29.615384615384613,0.0,2,0.05,0.19293,0.1928,2089979.6,402944.46,895432.14,56390.14,1.06721,0.0,2000000.0,2422330.011193384,1016548.6405596692
POL-2021279,Hedge Fund,Northeast,2022,389146,0,0.0,0.0,0.0,4.900820428089049,0.7170000000000001,5.217391304347826,0.0,25,0.246,0.16776,0.16765,1264795.5,212041.61,471203.58,82057.58,1.21087,0.0,1449437.7700025605,3667952.679451074,654601.2139725537
POL-2021280,Fintech-Payments,Midwest,2021,497280,0,0.0,0.0,0.0,5.290789100127245,0.5785,2.8125,0.0,10,0.302,0.19226,0.19213,2814820.78,540801.59,1201781.32,704501.32,2.41671,0.0,4554962.448663021,9434847.66125556,1673523.703062778
POL-2021281,Community Bank,Southwest,2024,32191,1,1.0,23670.0,0.0,4.204692619390966,0.6385000000000001,47.14285714285714,0.0,2,0.081,0.23761,0.23745,250484.76,59477.74,132172.77,99981.77,4.10589,0.7353,452374.1877928927,723328.1204925684,168339.1760246284
POL-2021282,Regional Bank,West,2024,1176077,0,0.0,0.0,0.0,6.533934176208434,0.7927500000000001,38.148148148148145,0.0,10,0.352,0.20588,0.20574,3552802.61,730938.26,1624307.23,448230.23,1.38112,0.0,5029778.9679582445,10000000.0,2124307.23
POL-2021283,Hedge Fund,West,2020,835953,0,0.0,0.0,0.0,6.183117431330821,0.6869999999999999,30.588235294117645,0.0,10,0.194,0.23218,0.23202,1088118.43,252470.22,561044.93,-274908.07,0.67114,0.0,1824285.5624239976,3229157.7083862643,722502.8154193133
POL-2021284,Broker-Dealer,National,2021,2845421,0,0.0,0.0,0.0,7.245869024732605,0.7857500000000001,7.241379310344827,0.6931471805599453,15,0.52,0.14351,0.14341,1510628.15,216635.31,481411.79,-2364009.21,0.16919,0.0,1482297.455344249,3947456.9447962325,678784.6372398116
POL-2021285,Broker-Dealer,Southwest,2022,7020304,0,0.0,0.0,0.0,7.763361387239786,0.7095,4.3589743589743595,0.0,25,0.987,0.1382,0.1381,7181236.26,991764.42,2203920.93,-4816383.07,0.31394,0.0,8460474.213279812,16743763.758536145,3041109.1179268076
POL-2021286,National Bank,West,2020,281878892,0,0.0,0.0,0.0,10.584898633706977,0.617,6.0,1.0986122886681098,100,1.199,0.16991,0.1698,7399283.3,1256383.3,2791962.9,-279086929.1,0.0099,0.0,8140691.676136996,18142067.21771912,3699066.2608859558
POL-2021287,Community Bank,Southeast,2024,266325,0,0.0,0.0,0.0,4.290459441148391,0.7725000000000001,5.517241379310345,0.6931471805599453,50,2.178,0.11913,0.11905,371663.51,44245.75,98323.89,-168001.11,0.36919,0.0,344649.5093726049,843332.4249067698,140490.51124533848
POL-2021288,Regional Bank,Northeast,2024,364522,0,0.0,0.0,0.0,6.554787739831727,0.35775,59.375,0.0,2,0.027,0.32668,0.32646,636609.68,207826.57,461836.83,97314.83,1.26697,0.0,1285755.1195369728,2000000.0,561836.8300000001
POL-2021289,Community Bank,Midwest,2021,42109,0,0.0,0.0,0.0,4.257030144499196,0.38275000000000003,30.370370370370367,0.0,2,0.029,0.26332,0.26314,158709.28,41762.45,92805.45,50696.45,2.20393,0.0,244034.42125592913,507925.75422846293,118201.73771142315
POL-2021290,Regional Bank,Southwest,2023,3477898,1,1.0,1244902.0,481017.0,6.904550148033189,0.7955,2.162162162162162,0.6931471805599453,50,0.637,0.12487,0.12479,1508622.39,188256.91,418348.69,-3059549.31,0.12029,0.35795,1498019.0883711327,2997184.7071785945,568207.9253589297
POL-2021291,Fintech-Payments,West,2024,3292080,0,0.0,0.0,0.0,5.895779296973574,0.54825,2.0,1.0986122886681098,100,3.258,0.17543,0.17531,4004490.74,702008.18,1560018.17,-1732061.83,0.47387,0.0,5721592.316505388,11708110.841981545,2145423.712099077
POL-2021292,Regional Bank,Southwest,2023,370840,0,0.0,0.0,0.0,5.902906520126191,0.30550000000000005,8.695652173913043,0.6931471805599453,5,0.058,0.36543,0.36518,190193.28,69454.59,154343.52,-216496.48,0.4162,0.0,379413.75298829033,694937.0464605697,189090.37232302848
POL-2021293,National Bank,Southwest,2022,62750094,0,0.0,0.0,0.0,9.158404766087601,0.6305000000000001,30.606060606060602,0.0,100,4.758,0.18264,0.18251,2196680.44,400926.5,890947.78,-61859146.22,0.0142,0.0,3303110.809937217,6275938.570377343,1204744.7085188671
POL-2021294,National Bank,National,2022,221477503,0,0.0,0.0,0.0,10.23650382418395,0.53925,59.0,0.6931471805599453,100,0.559,0.24798,0.24781,2390353.3,592362.3,1316360.66,-220161142.34,0.00594,0.0,3557499.574718446,7948703.548925579,1713795.837446279
POL-2021295,Credit Union,Southeast,2022,77249,0,0.0,0.0,0.0,3.529297384289471,0.76425,30.625,0.6931471805599453,25,1.234,0.16025,0.16014,331823.73,53138.63,118085.84,40836.84,1.52864,0.0,390380.4620150313,865762.3838632603,161373.95919316303
POL-2021296,Insurance Carrier,Midwest,2020,9314660,0,0.0,0.0,0.0,8.126991009973985,0.767,20.416666666666668,1.0986122886681098,25,0.221,0.13012,0.13003,6329196.61,822974.82,1828832.94,-7485827.06,0.19634,0.0,6597947.313783038,14022250.85559878,2529945.4827799387
POL-2021297,Community Bank,Midwest,2024,145942,0,0.0,0.0,0.0,4.169761201506855,0.7755,25.0,0.0,25,0.136,0.13769,0.13759,486822.51,66984.22,148853.82,2911.82,1.01995,0.0,416129.98263687297,1049872.2813109306,201347.43406554655
POL-2021298,Investment Bank,Southwest,2022,23499885,0,0.0,0.0,0.0,8.872991751442749,0.6465000000000001,6.923076923076923,0.0,25,0.631,0.14082,0.14072,514415.97,72391.11,160869.12,-23339015.88,0.00685,0.0,534701.3629687772,1147644.145404564,218251.32727022818
POL-2021299,National Bank,Midwest,2024,33195660,0,0.0,0.0,0.0,9.208829230777232,0.7375000000000002,15.714285714285714,0.0,25,1.031,0.13391,0.13382,2102185.01,281310.25,625133.88,-32570526.12,0.01883,0.0,1966116.776628636,5756916.433915441,912979.7016957721
POL-2021300,Credit Union,Southwest,2023,186004,1,1.0,28930.0,1957.0,3.883623530906448,0.78825,23.333333333333332,0.0,50,1.225,0.17073,0.17061,940924.57,160530.85,356735.21,170731.21,1.91789,0.15553,1192049.4748361479,2118833.4878335353,462676.8843916768
POL-2021301,Asset Manager,National,2022,2599667,0,0.0,0.0,0.0,7.101099199057828,0.59575,74.23076923076923,0.6931471805599453,15,0.281,0.23813,0.23796,1621379.24,385829.4,857398.66,-1742268.34,0.32981,0.0,2624715.8093673293,5506329.125270174,1132715.1162635088
POL-2021302,Fintech-Lending,Southeast,2021,1008742,0,0.0,0.0,0.0,6.138590611998276,0.7157500000000001,19.30232558139535,0.0,10,0.297,0.19094,0.19081,1529482.68,291846.25,648547.22,-360194.78,0.64293,0.0,2217297.0031684106,4048764.965326937,850985.4682663468
POL-2021303,Community Bank,National,2024,25276,0,0.0,0.0,0.0,3.949318790171843,0.6405000000000001,10.714285714285714,0.6931471805599453,2,0.025,0.26043,0.26025,502093.49,130672.11,290382.46,265106.46,11.48847,0.0,767518.0792943938,1170430.7671463417,348903.9983573171
POL-2021304,Broker-Dealer,Southeast,2024,8372826,0,0.0,0.0,0.0,6.420483408169882,0.687,19.736842105263158,0.0,250,4.974,0.1257,0.12561,8211259.77,1031416.04,2292035.65,-6080790.35,0.27375,0.0,8060207.2118412815,17876601.660248052,3185865.7330124024
POL-2021305,Hedge Fund,Southeast,2020,366728,0,0.0,0.0,0.0,5.517452896464707,0.8582500000000001,0.48780487804878053,0.6931471805599453,5,0.123,0.13433,0.13424,1374252.64,184475.95,409946.55,43218.55,1.11785,0.0,1493044.3549553624,3232849.6130079916,571589.0306503996
POL-2021306,Fintech-Payments,Southwest,2021,213109,0,0.0,0.0,0.0,5.788429948716486,0.6192500000000001,23.6,0.6931471805599453,1,0.025,0.20535,0.20521,1339111.94,274797.26,610660.57,397551.57,2.86548,0.0,1000000.0,1500747.653708118,685697.9526854058
POL-2021307,Custodian Bank,Southwest,2023,76411514,0,0.0,0.0,0.0,9.495654643398302,0.725,6.538461538461538,0.0,100,2.567,0.09701,0.09695,1019904.47,98875.02,219722.27,-76191791.73,0.00288,0.0,937420.5931672197,2019367.3674767455,320690.6383738373
POL-2021308,Community Bank,West,2021,287266,0,0.0,0.0,0.0,4.716711560720999,0.77425,3.142857142857143,0.0,25,1.018,0.14591,0.14581,889241.03,129658.79,288130.64,864.64,1.00301,0.0,925166.9055093561,1907493.9082394992,383505.335411975
POL-2021309,Asset Manager,Southwest,2020,1265331,0,0.0,0.0,0.0,6.334167333479831,0.8245,1.7647058823529413,0.0,15,0.191,0.11299,0.11291,1999732.78,225790.88,501757.51,-763573.49,0.39654,0.0,1436752.4418055122,5068714.833010715,755193.2516505357
POL-2021310,Regional Bank,West,2022,855409,0,0.0,0.0,0.0,6.759487262313034,0.66025,7.714285714285714,0.6931471805599453,5,0.165,0.21466,0.21451,1258631.06,269994.18,599987.06,-255421.94,0.7014,0.0,1869220.4004242364,3346476.077332721,767310.8638666361
POL-2021311,Asset Manager,Midwest,2021,3467654,1,1.0,210476.0,101464.0,7.064502584656662,0.646,17.22222222222222,0.0,25,0.831,0.17475,0.17463,2942228.57,513803.75,1141786.1,-2325867.9,0.32927,0.0607,4447092.182617844,8087706.6672662,1546171.43336331
POL-2021312,Fintech-Lending,Southeast,2024,403618,0,0.0,0.0,0.0,5.323985113296614,0.842,4.473684210526315,0.6931471805599453,10,0.201,0.11767,0.11759,4161212.99,489320.98,1087379.96,683761.96,2.69408,0.0,3670946.2737405705,8691734.429048898,1521966.6814524448
POL-2021313,Insurance Carrier,Southeast,2024,39881548,0,0.0,0.0,0.0,8.920001439863116,0.7490000000000001,12.61904761904762,0.0,100,2.878,0.18389,0.18376,4132277.38,759356.24,1687458.32,-38194089.68,0.04231,0.0,6057220.564124171,12885875.68923927,2331752.1044619633
POL-2021314,Investment Bank,Midwest,2023,102851572,0,0.0,0.0,0.0,8.984881642704533,0.914,21.63265306122449,0.6931471805599453,250,2.28,0.10223,0.10216,2712566.99,277126.19,615835.97,-102235736.03,0.00599,0.0,2125198.4932476175,5250663.324607267,878369.1362303633
POL-2021315,Community Bank,Southeast,2024,33013,1,1.0,169520.0,20342.0,4.623010104116422,0.5952500000000001,5.3125,0.0,1,0.044,0.1816,0.18148,393102.41,71340.14,158533.64,125520.64,4.80216,5.13495,548029.2109730548,1000217.1515788478,208544.4975789424
POL-2021316,Fintech-Payments,Southwest,2021,346793,0,0.0,0.0,0.0,5.994709277272871,0.60275,6.5625,0.0,2,0.097,0.18272,0.18259,1966546.01,359073.63,797941.4,451148.4,2.30092,0.0,2000000.0,2002244.4810924418,898053.6240546221
POL-2021317,Regional Bank,Southeast,2022,375534,0,0.0,0.0,0.0,6.340888264332522,0.7602500000000001,8.636363636363637,0.6931471805599453,2,0.055,0.17712,0.177,407352.55,72099.71,160221.59,-215312.41,0.42665,0.0,590383.516691584,1125541.4910719576,216498.6645535979
POL-2021318,Regional Bank,Southeast,2020,387738,0,0.0,0.0,0.0,5.700109069289892,0.7575,8.846153846153847,0.0,10,0.391,0.18134,0.18122,1526564.8,276640.06,614755.69,227017.69,1.58549,0.0,1859603.6720689032,4564539.259529446,842982.6529764723
POL-2021319,Insurance Carrier,Midwest,2023,8403348,0,0.0,0.0,0.0,7.517846884404756,0.68625,2.0,0.6931471805599453,50,0.997,0.16833,0.16821,3483806.92,586021.53,1302270.06,-7101077.94,0.15497,0.0,3905110.8642081586,8391263.41556825,1721833.2307784124
POL-2021320,Regional Bank,Midwest,2023,531972,0,0.0,0.0,0.0,6.722148331196653,0.6579999999999999,4.2105263157894735,0.0,2,0.029,0.19786,0.19772,2763107.32,546333.57,1214074.61,682102.61,2.28222,0.0,2000000.0,3050685.38962915,1366608.8794814576
POL-2021321,Broker-Dealer,Southwest,2024,4549291,0,0.0,0.0,0.0,6.75530315579046,0.8132500000000001,11.818181818181817,0.6931471805599453,50,1.588,0.12716,0.12708,1925542.89,244689.92,543755.37,-4005535.63,0.11953,0.0,1778498.5078923178,4541374.183112693,770824.0791556346
POL-2021322,Fintech-Payments,National,2022,1341995,1,1.0,163960.0,46000.0,6.214808078424858,0.54975,8.8,0.0,10,0.418,0.29837,0.29817,2110921.69,629407.01,1398682.25,56687.25,1.04224,0.12218,3615313.3861067966,6164582.146284934,1706911.3573142467
POL-2021323,Regional Bank,National,2023,1112539,1,1.0,503848.0,214665.0,6.441743671005939,0.5387500000000001,5.609756097560976,0.6931471805599453,10,0.098,0.28197,0.28178,816553.86,230089.81,511310.69,-601228.31,0.45959,0.45288,1597490.086828201,2314168.982481784,627019.1391240892
POL-2021324,Asset Manager,Northeast,2024,2141076,1,1.0,5713472.0,91041.0,7.117692002809065,0.72675,12.380952380952383,1.0986122886681098,10,0.175,0.23341,0.23325,1940567.31,452637.27,1005860.6,-1135215.4,0.46979,2.6685,2893048.9315865156,5750481.254996215,1293384.6627498106
POL-2021325,Regional Bank,Southwest,2020,371011,1,1.0,9537.0,5645.0,6.361302477572996,0.7155,2.1052631578947367,0.6931471805599453,2,0.045,0.18016,0.18003,546981.84,98474.39,218831.98,-152179.02,0.58983,0.02571,740711.3139827087,1670952.9163344197,302379.625816721
POL-2021326,Fintech-Lending,National,2024,1536536,0,0.0,0.0,0.0,5.129306823813755,0.6627500000000001,10.0,0.6931471805599453,100,2.061,0.24362,0.24346,1303890.76,317441.2,705424.89,-831111.11,0.4591,0.0,1809472.9344811763,3668442.5704224026,888847.0185211202
POL-2021327,Hedge Fund,National,2020,296518,1,1.0,715060.0,103410.0,6.5321887212198355,0.6030000000000001,12.727272727272727,0.0,1,0.047,0.33302,0.33279,201246.76,66973.8,148830.66,-147687.34,0.50193,2.41152,361801.85406143544,635858.0747219564,180623.56373609783
POL-2021328,Fintech-Payments,Midwest,2022,566563,0,0.0,0.0,0.0,5.925591802957274,0.6852499999999999,6.578947368421052,0.0,5,0.105,0.19726,0.19713,1228532.37,242178.83,538175.18,-28387.82,0.94989,0.0,1624881.8641987646,3373102.0205624592,706830.281028123
POL-2021329,Fintech-Payments,National,2021,7003840,0,0.0,0.0,0.0,7.421357045694879,0.6535,1.5151515151515151,0.0,25,1.25,0.17839,0.17827,2638693.18,470400.99,1045335.54,-5958504.46,0.14925,0.0,3421716.8453647248,8295138.125394679,1460092.446269734
POL-2021330,Fintech-Payments,West,2021,180192,1,1.0,783616.0,326299.0,5.794232377578273,0.63025,6.875,0.6931471805599453,1,0.025,0.22596,0.2258,1933466.72,436583.4,970185.34,789993.34,5.38418,4.34878,1000000.0,1002169.3536006452,1020293.8076800322
POL-2021331,Community Bank,Midwest,2022,36502,0,0.0,0.0,0.0,4.835487941050301,0.7155,4.871794871794872,0.0,1,0.046,0.17585,0.17573,356087.7,62573.72,139052.7,102550.7,3.80945,0.0,442089.6703851523,931209.4498218491,185613.17249109247
POL-2021332,Community Bank,Southeast,2023,310902,1,1.0,19556986.0,8449029.0,4.724729421045731,0.88675,10.24390243902439,0.0,25,0.688,0.12202,0.12194,2674758.63,326148.44,724774.32,413872.32,2.3312,62.90402,2534617.647073755,5511146.10266614,1000331.625133307
POL-2021333,Community Bank,Southwest,2024,142101,0,0.0,0.0,0.0,4.592084946439436,0.69725,6.0,0.0,10,0.113,0.12445,0.12437,653967.73,81332.27,180738.37,38637.37,1.2719,0.0,702188.0569436365,1966378.3042260665,279057.28521130333
POL-2021334,Hedge Fund,Southwest,2023,1247011,0,0.0,0.0,0.0,6.24436105657154,0.68275,28.529411764705884,0.0,15,0.55,0.16192,0.16181,590140.83,95488.94,212197.64,-1034813.36,0.17017,0.0,783243.3999808545,1492470.1789386906,286821.14894693455
POL-2021335,Fintech-Lending,Southeast,2022,5317885,1,1.0,942062.0,538834.0,5.907811162110729,0.7817500000000001,8.529411764705882,0.0,250,2.828,0.17052,0.1704,6298721.73,1073323.83,2385164.06,-2932720.94,0.44852,0.17715,9258410.744833848,16575113.91707998,3213919.755853999
POL-2021336,Community Bank,Southeast,2022,26132,0,0.0,0.0,0.0,3.9627161197436642,0.8729999999999999,6.756756756756756,0.6931471805599453,2,0.082,0.11564,0.11557,539403.16,62336.57,138525.71,112393.71,5.301,0.0,448413.55768509244,1125846.0044799827,194818.01022399912
POL-2021337,Regional Bank,Southwest,2021,596899,1,1.0,122846.0,19451.0,6.0390635259072605,0.5672499999999999,6.764705882352941,0.6931471805599453,10,0.055,0.21321,0.21306,1738899.69,370495.25,823322.79,226423.79,1.37933,0.20581,2731359.986289751,4686343.693841186,1057639.9746920594
POL-2021338,Community Bank,National,2024,69380,0,0.0,0.0,0.0,3.7999735016195233,0.71625,10.384615384615385,0.6931471805599453,10,0.051,0.27557,0.27539,631070.56,173787.48,386194.4,316814.4,5.56636,0.0,974099.7648897013,2073169.4763666247,489852.8738183313
POL-2021339,National Bank,National,2021,53505786,0,0.0,0.0,0.0,9.305950506789506,0.7812500000000001,10.0,0.0,50,0.656,0.16357,0.16346,3536595.11,578077.36,1284616.36,-52221169.64,0.02401,0.0,4152892.5526026534,7245779.197435624,1646905.3198717814
POL-2021340,Credit Union,Northeast,2024,88490,0,0.0,0.0,0.0,4.387014176184921,0.8865000000000002,9.51219512195122,0.0,10,0.353,0.15761,0.1575,402240.73,63353.01,140784.47,52294.47,1.59096,0.0,466557.1276377813,1078794.6292484456,194724.2014624223
POL-2021341,Insurance Carrier,Southwest,2024,1769988,0,0.0,0.0,0.0,7.483694258636541,0.7345,1.212121212121212,1.0986122886681098,5,0.063,0.16864,0.16852,6670332.99,1124103.35,2498007.43,728019.43,1.41131,0.0,5000000.0,6187050.789268275,2807359.969463414
POL-2021342,Regional Bank,Midwest,2021,1053419,0,0.0,0.0,0.0,6.8493843656558075,0.86475,9.375,0.0,5,0.033,0.18,0.17988,1446894.03,260265.12,578366.94,-475052.06,0.54904,0.0,1968057.184106394,3688442.0249801027,762789.0412490051
POL-2021343,Credit Union,National,2022,123021,0,0.0,0.0,0.0,3.2771447329921766,0.76,8.25,0.0,100,2.568,0.25918,0.259,793352.56,205481.65,456625.9,333604.9,3.71177,0.0,1368230.2024678458,2553435.4113845667,584297.6705692284
POL-2021344,Credit Union,West,2023,63357,0,0.0,0.0,0.0,3.7932394694381792,0.69725,27.142857142857142,0.0,10,0.3,0.19937,0.19924,433197.26,86308.63,191796.95,128439.95,3.02724,0.0,525736.6514305284,1147837.3602211943,249188.81801105972
POL-2021345,Fintech-Lending,West,2023,670302,0,0.0,0.0,0.0,5.910254491682439,0.46225,23.225806451612904,0.6931471805599453,10,0.174,0.29374,0.29354,1124326.57,330037.63,733416.95,63114.95,1.09416,0.0,1873773.7569697788,3471477.0529081966,906990.8026454098
POL-2021346,Regional Bank,West,2022,1499685,0,0.0,0.0,0.0,6.477433794875106,0.69125,6.8181818181818175,0.0,25,0.93,0.20276,0.20262,4429004.28,897396.34,1994214.08,494529.08,1.32976,0.0,6644638.643168591,11309150.994743446,2559671.6297371723
POL-2021347,Community Bank,National,2024,39141,1,1.0,365451.0,143876.0,4.497584975308154,0.67675,15.161290322580644,0.0,2,0.081,0.20111,0.20097,651063.66,130844.87,290766.38,251625.38,7.42869,9.33678,969231.8334832271,1780908.0104732793,379811.78052366397
POL-2021348,Hedge Fund,Southeast,2023,941421,0,0.0,0.0,0.0,5.808142489980444,0.8684999999999999,10.000000000000002,0.0,15,0.442,0.14057,0.14047,818719.93,115009.22,255576.04,-685844.96,0.27148,0.0,775204.5884748691,2114391.9210001035,361295.6360500052
POL-2021349,Investment Bank,National,2022,125300859,0,0.0,0.0,0.0,9.157403622592822,0.61375,4.0,0.0,250,12.268,0.18634,0.18621,4662854.73,868267.88,1929484.18,-123371374.82,0.0154,0.0,5767072.396440768,13982033.613620948,2628585.8606810477
POL-2021350,Asset Manager,Northeast,2020,9279574,0,0.0,0.0,0.0,6.772737067304049,0.56325,23.6,0.0,250,11.942,0.21182,0.21167,1077197.13,228011.51,506692.24,-8772881.76,0.0546,0.0,1642821.3942645683,3057386.7664417415,659561.5783220871
POL-2021351,Regional Bank,Northeast,2022,171255,0,0.0,0.0,0.0,6.1450436350362825,0.7705000000000001,13.913043478260867,1.0986122886681098,1,0.038,0.17596,0.17584,333783.79,58692.6,130428.0,-40827.0,0.7616,0.0,478917.79676808004,1000000.0,180428.0
POL-2021352,Asset Manager,West,2022,2151444,0,0.0,0.0,0.0,6.845454252784758,0.434,14.4,0.0,15,0.5,0.24688,0.24671,337286.95,83210.99,184913.31,-1966530.69,0.08595,0.0,538143.5514080105,1072211.8301454156,238523.90150727078
POL-2021353,Fintech-Lending,Northeast,2021,1231668,0,0.0,0.0,0.0,5.9293231505701325,0.87125,5.90909090909091,0.0,25,0.168,0.13392,0.13383,5272551.02,705601.55,1568003.44,336335.44,1.27307,0.0,5200857.881168259,10959678.480008755,2115987.364000438
POL-2021354,Credit Union,National,2020,29027,0,0.0,0.0,0.0,3.9512437185814275,0.6825,8.108108108108107,0.6931471805599453,2,0.05,0.27549,0.2753,343367.16,94528.98,210064.4,181037.4,7.23686,0.0,619936.8603979277,1015127.274343513,260820.76371717564
POL-2021355,Asset Manager,West,2024,1947766,0,0.0,0.0,0.0,6.024415647247668,0.72125,17.83783783783784,1.0986122886681098,50,2.217,0.1833,0.18317,1812501.14,332001.85,737781.9,-1209984.1,0.37878,0.0,2540095.665334368,4609526.586731089,968258.2293365545
POL-2021356,Broker-Dealer,Southwest,2020,1103290,0,0.0,0.0,0.0,6.933617938507864,0.7362500000000001,54.347826086956516,0.6931471805599453,5,0.095,0.10258,0.10251,564700.95,57886.98,128637.73,-974652.27,0.11659,0.0,409326.15070935583,961819.4582905464,176728.70291452733
POL-2021357,Regional Bank,West,2023,644123,1,1.0,6434746.0,163410.0,5.52823790214127,0.684,9.02439024390244,0.6931471805599453,25,1.209,0.29376,0.29356,1557376.65,457177.67,1015950.38,371827.38,1.57726,9.98993,2713532.1301562972,4912731.380756432,1261586.9490378215
POL-2021358,Insurance Carrier,Midwest,2024,5432919,0,0.0,0.0,0.0,8.17574459322149,0.581,16.08695652173913,0.0,10,0.309,0.19576,0.19563,1613669.96,315683.84,701519.65,-4731399.35,0.12912,0.0,2539473.9110089876,4853495.2313710665,944194.4115685534
POL-2021359,Community Bank,Northeast,2023,110894,0,0.0,0.0,0.0,4.697749367281185,0.8170000000000001,4.864864864864865,0.6931471805599453,5,0.21,0.13266,0.13257,340392.09,45126.37,100280.82,-10613.18,0.90429,0.0,365920.5621606379,880301.2349311048,144295.88174655524
POL-2021360,National Bank,Northeast,2023,106083990,0,0.0,0.0,0.0,10.320410106054641,0.8729999999999999,8.108108108108107,0.0,25,0.197,0.11571,0.11563,2332563.87,269706.0,599346.67,-105484643.33,0.00565,0.0,2321781.639524235,5181392.77134066,858416.308567033
POL-2021361,Credit Union,Northeast,2024,162659,0,0.0,0.0,0.0,5.11739483066779,0.82775,32.57142857142857,0.0,5,0.028,0.13362,0.13353,303913.17,40580.47,90178.81,-72480.19,0.5544,0.0,354935.5288766614,819068.3560432127,131132.22780216063
POL-2021362,Community Bank,National,2024,266208,0,0.0,0.0,0.0,4.763028270603671,0.894,75.60975609756098,0.0,25,0.519,0.19064,0.19051,1470452.25,280129.68,622510.41,356302.41,2.33844,0.0,1778188.9601667905,4319979.207187899,838509.370359395
POL-2021363,Insurance Carrier,Southeast,2020,1138362,0,0.0,0.0,0.0,6.77376663897882,0.7207500000000001,17.333333333333332,0.6931471805599453,10,0.306,0.14692,0.14682,1707854.65,250746.19,557213.75,-581148.25,0.48949,0.0,2084703.3969107938,3910309.1416836414,752729.2070841821
POL-2021364,Community Bank,National,2024,799832,1,1.0,151126.0,92917.0,4.987025428457122,0.81025,9.142857142857142,0.0,100,1.062,0.17329,0.17317,2081419.28,360443.14,800984.75,1152.75,1.00144,0.18895,2718984.2991454243,6011706.987148154,1101570.0993574078
POL-2021365,Fintech-Payments,Southwest,2022,533399,0,0.0,0.0,0.0,4.920710586568268,0.86475,15.277777777777777,0.0,25,0.997,0.12028,0.1202,1552849.33,186652.02,414782.27,-118616.73,0.77762,0.0,1460071.2667643593,3445138.5435411017,587039.1971770551
POL-2021366,Broker-Dealer,National,2022,1825039,0,0.0,0.0,0.0,7.008866780350549,0.596,74.0,0.0,10,0.285,0.23297,0.23281,2941647.81,684839.11,1521864.7,-303174.3,0.83388,0.0,4995541.70981901,8115382.680839841,1927633.834041992
POL-2021367,Fintech-Payments,Midwest,2023,2147889,1,1.0,158274.0,80761.0,5.8027224225111045,0.5854999999999999,11.578947368421051,0.0,50,1.989,0.2556,0.25542,3624476.87,925781.68,2057292.63,-90596.37,0.95782,0.07369,5129211.890345228,9924350.207210183,2553510.140360509
POL-2021368,Regional Bank,National,2023,506166,0,0.0,0.0,0.0,5.6832395734248715,0.5807500000000001,23.2,0.0,15,0.125,0.24285,0.24268,2825726.92,685749.98,1523888.84,1017722.84,3.01065,0.0,5123719.852169784,8435366.721806834,1945657.1760903418
POL-2021369,Regional Bank,National,2024,4568059,0,0.0,0.0,0.0,6.478970365552356,0.788,7.0,0.0,100,1.578,0.11587,0.11579,2469360.02,285921.5,635381.11,-3932677.89,0.13909,0.0,2286984.963719553,6331832.111554355,951972.7155777178
POL-2021370,Fintech-Lending,Northeast,2022,99847,0,0.0,0.0,0.0,4.767289035464526,0.93,7.551020408163266,0.6931471805599453,2,0.049,0.17047,0.17035,1252357.12,213342.48,474094.4,374247.4,4.74821,0.0,1725301.2882037936,2000000.0,574094.4
POL-2021371,Asset Manager,Southwest,2020,1114878,0,0.0,0.0,0.0,7.491199194450119,0.7215,11.35135135135135,0.0,2,0.086,0.17827,0.17815,359629.17,64068.37,142374.17,-972503.83,0.1277,0.0,417857.5380030124,877701.4491542529,186259.24245771265
POL-2021372,Regional Bank,Southwest,2023,639675,0,0.0,0.0,0.0,6.3281153392157865,0.617,22.0,0.0,5,0.102,0.16576,0.16565,632256.01,104730.22,232733.82,-406941.18,0.36383,0.0,790827.5570803618,1574696.4811416664,311468.64405708335
POL-2021373,Custodian Bank,Midwest,2021,22638675,0,0.0,0.0,0.0,8.96406892076995,0.638,16.857142857142858,0.0,25,1.121,0.14094,0.14084,565582.52,79659.38,177020.85,-22461654.15,0.00782,0.0,726895.6734639786,1729881.7507377826,263514.9375368891
POL-2021374,Community Bank,West,2020,22104,0,0.0,0.0,0.0,3.871201010907891,0.76075,10.0,1.0986122886681098,2,0.025,0.14929,0.14918,228458.67,34082.33,75738.52,53634.52,3.42646,0.0,253267.29064795494,552908.4824556893,103383.94412278448
POL-2021375,Broker-Dealer,Midwest,2023,496809,0,0.0,0.0,0.0,6.170656210893009,0.91325,12.291666666666668,0.6931471805599453,5,0.152,0.11285,0.11278,3188427.8,359579.8,799066.22,302257.22,1.6084,0.0,2364839.6613346916,5000000.0,1049066.22
POL-2021376,Community Bank,West,2020,84377,0,0.0,0.0,0.0,4.455509411433685,0.84475,7.647058823529412,1.0986122886681098,5,0.195,0.14468,0.14458,683571.14,98828.26,219618.35,135241.35,2.60282,0.0,950582.138751613,2055246.3629602508,322380.66814801254
POL-2021377,Regional Bank,West,2020,167248,0,0.0,0.0,0.0,6.040254711277414,0.9025000000000002,15.609756097560977,0.6931471805599453,1,0.036,0.17406,0.17394,1079898.58,187835.49,417412.2,250164.2,2.49577,0.0,1000000.0,1731063.4624688502,503965.3731234425
POL-2021378,Community Bank,West,2020,16261,0,0.0,0.0,0.0,3.977810745966149,0.625,15.6,0.6931471805599453,1,0.041,0.22626,0.22611,195953.66,44306.8,98459.56,82198.56,6.05495,0.0,320418.9584258354,561777.3447480883,126548.42723740441
POL-2021379,Asset Manager,National,2021,1075939,0,0.0,0.0,0.0,6.686110603791663,0.835,3.5294117647058827,0.6931471805599453,10,0.137,0.14699,0.14688,2717295.17,399128.62,886952.49,-188986.51,0.82435,0.0,2949411.3421800537,6079247.536160519,1190914.866808026
POL-2021380,Asset Manager,Southwest,2022,1156339,0,0.0,0.0,0.0,6.976441436770584,0.615,2.1875,0.6931471805599453,5,0.058,0.1682,0.16808,1511844.89,254113.45,564696.57,-591642.43,0.48835,0.0,2117473.914521017,4075469.7943299366,768470.0597164968
POL-2021381,Regional Bank,West,2022,1631600,0,0.0,0.0,0.0,7.105047546705913,0.721,18.979591836734695,0.0,10,0.264,0.17897,0.17885,806262.86,144198.16,320440.35,-1311159.65,0.1964,0.0,975372.9937684448,1837460.8043197696,412313.39021598845
POL-2021382,Broker-Dealer,Southwest,2021,2666098,0,0.0,0.0,0.0,6.177321513636175,0.6882500000000001,20.357142857142854,0.0,50,1.637,0.1199,0.11981,1674446.59,200623.47,445829.93,-2220268.07,0.16722,0.0,1312270.741483529,3912938.3067682297,641476.8453384115
POL-2021383,Broker-Dealer,West,2021,403896,0,0.0,0.0,0.0,6.462561328644976,0.268,14.0,0.0,2,0.075,0.26862,0.26843,252580.27,67800.72,150668.27,-253227.73,0.37304,0.0,409246.7593229939,653574.8250315646,183347.01125157822
POL-2021384,Fintech-Payments,Midwest,2022,1801039,0,0.0,0.0,0.0,5.71042701737487,0.7655,12.571428571428571,0.0,50,1.131,0.18579,0.18566,4321970.58,802432.93,1783184.29,-17854.71,0.99009,0.0,4992102.289911588,10336026.05188692,2299985.592594346
POL-2021385,Regional Bank,Northeast,2023,1743493,0,0.0,0.0,0.0,5.589493328254074,0.45075000000000004,17.333333333333332,0.0,100,1.711,0.27313,0.27295,186316.51,50854.31,113009.58,-1630483.42,0.06482,0.0,294006.6486599188,526686.1375400417,139343.88687700208
POL-2021386,Broker-Dealer,Southwest,2024,2428166,0,0.0,0.0,0.0,5.846438775057725,0.82675,11.38888888888889,0.6931471805599453,100,3.7,0.10655,0.10648,3489106.31,371507.99,825573.32,-1602592.68,0.34,0.0,2492121.932464148,7118819.566743138,1181514.298337157
POL-2021387,Insurance Carrier,Southeast,2024,3325410,1,1.0,31244.0,0.0,8.123913538171875,0.8630000000000001,49.21052631578947,0.0,5,0.246,0.13022,0.13013,1728118.17,224880.49,499734.43,-2825675.57,0.15028,0.0094,1771660.7138388597,3569588.7918597464,678213.8695929874
POL-2021388,Insurance Carrier,National,2023,11131156,0,0.0,0.0,0.0,7.553391476871031,0.6747500000000001,2.1052631578947367,0.0,100,3.929,0.21144,0.21129,5585527.4,1180180.44,2622623.2,-8508532.8,0.23561,0.0,8928992.151019773,16316099.824089747,3438428.1912044873
POL-2021389,Regional Bank,Southeast,2020,754413,0,0.0,0.0,0.0,7.7356518600936965,0.63175,4.848484848484848,0.6931471805599453,1,0.025,0.17749,0.17737,412823.92,73221.16,162713.69,-591699.31,0.21568,0.0,550162.6757715157,1000000.0,212713.69
POL-2021390,Regional Bank,Southwest,2024,3729707,0,0.0,0.0,0.0,6.687607236647726,0.88275,55.55555555555556,0.0,50,1.021,0.13092,0.13083,875802.4,114583.68,254630.4,-3475076.6,0.06827,0.0,750213.6792413471,2028468.0938765388,356053.80469382694
POL-2021391,Hedge Fund,West,2021,117270,0,0.0,0.0,0.0,4.917788743729904,0.8615,1.8421052631578947,0.0,2,0.1,0.19271,0.19258,317765.74,61196.14,135991.43,18721.43,1.15964,0.0,422106.2643245888,797142.0294522578,175848.53147261287
POL-2021392,Fintech-Lending,Northeast,2021,2621824,0,0.0,0.0,0.0,5.737861788309064,0.7965000000000001,4.2105263157894735,0.0,100,2.797,0.14055,0.14045,2469249.96,346816.0,770702.22,-1851121.78,0.29396,0.0,2661391.7681694133,4723747.621699134,1006889.6010849567
POL-2021393,National Bank,West,2021,132966554,0,0.0,0.0,0.0,9.927443308348359,0.8575,8.25,0.0,100,2.245,0.12817,0.12808,792214.4,101469.42,225487.59,-132741066.41,0.0017,0.0,859529.902881292,1839655.7999007409,317470.37999503704
POL-2021394,Asset Manager,Southeast,2024,5178583,0,0.0,0.0,0.0,6.273254293854925,0.8670000000000001,4.5,0.0,250,3.962,0.09894,0.09887,17589685.82,1739059.22,3864576.04,-1314006.96,0.74626,0.0,11943883.559667611,42250606.67131267,5977106.373565633
POL-2021395,Regional Bank,Midwest,2021,1178497,0,0.0,0.0,0.0,6.990992877552193,0.673,17.666666666666668,0.0,5,0.165,0.25292,0.25275,1964487.42,496525.58,1103390.19,-75106.81,0.93627,0.0,2874757.745734854,5000000.0,1353390.19
POL-2021396,Investment Bank,West,2021,4530473,0,0.0,0.0,0.0,8.033334015880062,0.77025,24.814814814814813,0.0,5,0.064,0.16235,0.16224,2694204.69,437099.44,971332.08,-3559140.92,0.2144,0.0,3102991.109000657,5000000.0,1221332.08
POL-2021397,Broker-Dealer,National,2022,18589995,0,0.0,0.0,0.0,6.738626315974166,0.8055,21.5625,0.0,500,16.644,0.12307,0.12299,4314287.98,530608.05,1179129.0,-17410866.0,0.06343,0.0,3213930.176199885,10511627.17004918,1704710.358502459
POL-2021398,Regional Bank,Southwest,2024,595178,0,0.0,0.0,0.0,5.950902935351859,0.6670000000000001,19.565217391304344,1.0986122886681098,10,0.403,0.12489,0.12481,700517.31,87428.34,194285.19,-400892.81,0.32643,0.0,755803.8197834179,1486682.2133942328,268619.30066971167
POL-2021399,Broker-Dealer,Midwest,2023,1299177,0,0.0,0.0,0.0,6.170865175474273,0.44,2.5925925925925926,0.6931471805599453,25,0.95,0.18558,0.18545,634841.84,117732.7,261628.22,-1037548.78,0.20138,0.0,880988.7028252786,1853420.5364308087,354299.2468215404
POL-2021400,Hedge Fund,Northeast,2023,256669,0,0.0,0.0,0.0,6.213407377845673,0.4085,7.1875,0.0,1,0.025,0.26487,0.26469,272742.02,72191.06,160424.59,-96244.41,0.62503,0.0,465229.8801113766,773927.0302488839,199120.9415124442
POL-2021401,Regional Bank,Northeast,2021,119365,0,0.0,0.0,0.0,5.701446414858653,0.6665000000000001,8.68421052631579,0.6931471805599453,1,0.032,0.25777,0.25759,706511.71,181992.5,404427.78,285062.78,3.38816,0.0,1000000.0,1288728.85641397,468864.2228206985
POL-2021402,Fintech-Lending,West,2020,338225,0,0.0,0.0,0.0,4.7808027546312495,0.7237499999999999,6.31578947368421,0.0,15,0.259,0.19164,0.19151,2298128.48,440104.4,978009.78,639784.78,2.8916,0.0,2775830.614563407,6083710.800724048,1282195.3200362024
POL-2021403,Fintech-Lending,Northeast,2023,424995,0,0.0,0.0,0.0,5.5801071132949795,0.7212500000000002,6.222222222222222,0.0,5,0.124,0.1405,0.1404,1672118.27,234771.72,521714.93,96719.93,1.22758,0.0,1957875.341160843,4913134.944410408,767371.6772205203
POL-2021404,Community Bank,Northeast,2020,94995,1,1.0,253625.0,55284.0,4.152613470346076,0.6100000000000001,20.384615384615383,0.0,15,0.588,0.17692,0.1768,181231.76,32042.03,71204.5,-23790.5,0.74956,2.66988,233958.7655480936,452053.8075454587,93807.19037727294
POL-2021405,National Bank,National,2024,418795906,0,0.0,0.0,0.0,10.255119300915164,0.5862499999999999,61.03448275862069,0.0,250,9.559,0.19775,0.19762,2797094.81,552758.06,1228351.25,-417567554.75,0.00293,0.0,3609416.717044092,7282172.97245949,1592459.8986229745
POL-2021406,Fintech-Lending,Southeast,2020,289291,1,1.0,99486.0,74653.0,4.875197323201151,0.5110000000000001,39.166666666666664,0.0,10,0.487,0.28103,0.28084,448593.67,125982.6,279961.34,-9329.66,0.96775,0.3439,774729.1874826917,1357869.1494420297,347854.7974721015
POL-2021407,Hedge Fund,Midwest,2021,1261070,0,0.0,0.0,0.0,6.132312855695361,0.66625,6.666666666666667,0.6931471805599453,15,0.151,0.17958,0.17946,439192.84,78818.43,175152.06,-1085917.94,0.13889,0.0,516543.12358523085,1199928.9672563889,235148.50836281944
POL-2021408,Hedge Fund,Midwest,2024,582723,0,0.0,0.0,0.0,5.305789381386738,0.5747500000000001,7.4074074074074066,0.0,15,0.423,0.17907,0.17895,211783.04,37899.03,84220.07,-498502.93,0.14453,0.0,270683.80297241657,554426.3137479535,111941.38568739768
POL-2021409,Credit Union,Northeast,2022,107118,0,0.0,0.0,0.0,5.401776074916267,0.5700000000000001,18.75,0.6931471805599453,2,0.093,0.2159,0.21576,60952.45,13150.9,29224.22,-77893.78,0.27282,0.0,99416.1235198674,173332.2440295191,37890.832201475954
POL-2021410,Broker-Dealer,National,2023,1209786,0,0.0,0.0,0.0,5.845571346927579,0.6020000000000001,9.696969696969695,0.0,25,0.592,0.19413,0.194,2405089.01,466579.48,1036843.3,-172942.7,0.85705,0.0,3329791.765598036,6042956.074915774,1338991.1037457888
POL-2021411,Credit Union,National,2024,59326,0,0.0,0.0,0.0,3.770459441106359,0.7257500000000001,3.6734693877551026,0.6931471805599453,10,0.275,0.18705,0.18692,436175.8,81530.87,181179.71,121853.71,3.05397,0.0,522842.42151561077,1087959.7221501283,235577.6961075064
POL-2021412,Asset Manager,Southeast,2023,494821,0,0.0,0.0,0.0,5.911338502628697,0.77175,14.545454545454545,0.0,10,0.332,0.12214,0.12206,1884455.05,230011.5,511136.66,16315.66,1.03297,0.0,1813503.4758493728,4648737.277818936,743573.5238909468
POL-2021413,Fintech-Lending,Southwest,2022,870733,1,1.0,11501.0,1179.0,5.093136515607999,0.6984999999999999,51.142857142857146,0.0,50,0.426,0.17642,0.1763,1075040.92,189533.16,421184.8,-449548.2,0.48371,0.01321,1325738.3387127866,2779128.4689331735,560141.2234466587
POL-2021414,Investment Bank,Midwest,2020,6144799,0,0.0,0.0,0.0,8.439793654154734,0.7575000000000001,6.744186046511628,0.0,5,0.212,0.1393,0.13921,2329725.46,324317.97,720706.6,-5424092.4,0.11729,0.0,3124414.680593844,5000000.0,970706.6
POL-2021415,Community Bank,Southwest,2024,91155,0,0.0,0.0,0.0,5.539300835990577,0.662,15.238095238095237,0.0,1,0.034,0.18081,0.18068,357005.62,64505.37,143345.27,52190.27,1.57254,0.0,487737.93740772974,848287.6658304974,185759.65329152485
POL-2021416,National Bank,National,2022,909978859,1,1.0,2670901.0,734888.0,11.247868177569421,0.6380000000000001,14.23076923076923,0.6931471805599453,250,4.046,0.16827,0.16815,2913271.08,489880.5,1088623.33,-908890235.67,0.0012,0.00294,3862194.8541598576,7292146.923521148,1453230.6761760574
POL-2021417,Asset Manager,West,2020,322142,0,0.0,0.0,0.0,6.590301048196686,0.7917500000000001,6.176470588235294,0.0,1,0.025,0.14788,0.14778,2793330.53,412793.05,917317.89,595175.89,2.84756,0.0,1000000.0,1000000.0,967317.89
POL-2021418,Asset Manager,Midwest,2021,251140,0,0.0,0.0,0.0,6.467543434544138,0.7225,10.74074074074074,0.0,1,0.041,0.18461,0.18449,1445504.69,266678.6,592619.1,341479.1,2.35972,0.0,1000000.0,1623600.80776963,673799.1403884816
POL-2021419,Regional Bank,National,2021,413464,0,0.0,0.0,0.0,6.105239561366827,0.61175,7.666666666666667,0.0,5,0.036,0.19871,0.19857,762722.36,151454.11,336564.7,-76899.3,0.81401,0.0,1024699.9556790318,2150787.1330854497,444104.0566542725
POL-2021420,Regional Bank,National,2023,474746,0,0.0,0.0,0.0,6.64911407531477,0.59175,14.285714285714285,0.0,2,0.084,0.25718,0.25701,1764743.31,453550.14,1007889.21,533143.21,2.12301,0.0,2000000.0,3355192.5200160486,1175648.8360008025
POL-2021421,Asset Manager,Southeast,2022,740921,0,0.0,0.0,0.0,6.171074096398463,0.7240000000000001,18.57142857142857,0.0,10,0.407,0.15141,0.1513,4424948.6,669513.5,1487807.78,746886.78,2.00805,0.0,4445412.730250331,9880289.503768614,1981822.2551884307
POL-2021422,Credit Union,Southeast,2024,299016,0,0.0,0.0,0.0,4.86599480426999,0.6905,21.11111111111111,0.0,25,1.192,0.15471,0.15461,711028.95,109929.32,244287.38,-54728.62,0.81697,0.0,768233.322110447,1739104.4719161484,331242.60359580745
POL-2021423,Asset Manager,Southwest,2020,1065800,0,0.0,0.0,0.0,7.476132572586133,0.615,6.551724137931035,0.0,2,0.084,0.15852,0.15841,1170597.16,185436.07,412080.15,-653719.85,0.38664,0.0,1607386.4929669825,2494382.5022524013,536799.2751126201
POL-2021424,Credit Union,Southeast,2022,64311,0,0.0,0.0,0.0,4.42484663185681,0.844,6.842105263157895,0.0,5,0.076,0.11671,0.11663,939089.48,109524.34,243387.43,179076.43,3.78454,0.0,885105.1557616031,2095480.7517981098,348161.4675899055
POL-2021425,Fintech-Payments,Midwest,2023,1043328,1,1.0,37931193.0,510255.0,5.805436128382701,0.7859999999999999,7.586206896551724,0.0,15,0.181,0.15042,0.15031,6318229.41,949711.06,2110469.03,1067141.03,2.02282,36.35596,7099333.415693119,15000000.0,2860469.03
POL-2021426,Community Bank,National,2022,113263,0,0.0,0.0,0.0,4.478472532942134,0.82975,17.058823529411764,0.0,10,0.425,0.14582,0.14572,1184433.89,172594.55,383543.45,270280.45,3.38631,0.0,1572951.9010155,3091357.2093834546,538111.3104691728
POL-2021427,Regional Bank,Southwest,2021,728694,0,0.0,0.0,0.0,6.300969264070235,0.8457500000000001,32.30769230769231,0.6931471805599453,10,0.179,0.13123,0.13114,1138135.31,149258.48,331685.52,-397008.48,0.45518,0.0,1238117.6648435588,2480889.376956602,455729.9888478301
POL-2021428,Community Bank,Midwest,2020,228573,0,0.0,0.0,0.0,4.6443908991413725,0.8712500000000002,1.5384615384615385,0.0,25,1.229,0.11388,0.1138,771555.45,87803.16,195118.14,-33454.86,0.85364,0.0,701917.6431980812,1787964.2252546882,284516.35126273445
POL-2021429,Community Bank,Midwest,2023,717471,0,0.0,0.0,0.0,4.763028270603671,0.7760000000000001,9.285714285714285,0.0,100,4.685,0.19632,0.19619,1829896.86,359003.64,797785.88,80314.88,1.11194,0.0,2426639.7249571006,4541689.9411563715,1024870.3770578186
POL-2021430,Regional Bank,Midwest,2020,2214904,1,1.0,1025299.0,163218.0,6.330077348228306,0.7652500000000001,62.49999999999999,0.0,50,2.028,0.2011,0.20097,2295731.79,461366.77,1025259.5,-1189644.5,0.46289,0.46291,3492472.4281832343,6513688.129267044,1350943.9064633523
POL-2021431,Regional Bank,West,2023,331239,1,2.0,1676725.0,884369.0,5.887769310769217,0.7615,21.379310344827587,0.0,5,0.165,0.1574,0.15729,1095186.84,172267.31,382816.25,51577.25,1.15571,5.06198,1244826.8124155304,2592828.058283397,512457.6529141698
POL-2021432,Insurance Carrier,Southwest,2020,5695699,1,1.0,145688.0,43083.0,7.933223233612244,0.51825,28.235294117647054,0.0,15,0.641,0.20993,0.20978,833739.59,174905.88,388679.73,-5307019.27,0.06824,0.02558,1247497.595425519,2699644.4914193884,523661.95457096945
POL-2021433,Regional Bank,Midwest,2021,175751,1,2.0,1989978.0,982593.0,6.049261645834199,0.7185000000000001,55.8974358974359,0.6931471805599453,1,0.025,0.19208,0.19195,922931.85,177156.79,393681.76,217930.76,2.24,11.32271,1000000.0,1069221.2965548283,447142.8248277414
POL-2021434,Asset Manager,West,2024,1232694,0,0.0,0.0,0.0,7.262418200159916,0.8957499999999999,7.021276595744682,0.0,5,0.146,0.14104,0.14094,1671777.19,235619.64,523599.2,-709094.8,0.42476,0.0,2152698.000002505,4116988.439222257,729448.6219611128
POL-2021435,Regional Bank,West,2022,547290,1,1.0,508075.0,117684.0,7.36827659283838,0.7497500000000001,10.75,1.0986122886681098,1,0.025,0.23051,0.23035,2010976.66,463226.58,1029392.4,482102.4,1.88089,0.92835,1000000.0,2000000.0,1129392.4
POL-2021436,Asset Manager,Southeast,2020,465260,1,1.0,489403.0,41239.0,6.807603397031696,0.7215,5.6,0.6931471805599453,2,0.066,0.15517,0.15506,2689677.21,417062.99,926806.64,461546.64,1.99202,1.05189,2000000.0,2000000.0,1026806.64
POL-2021437,Broker-Dealer,National,2023,2660227,0,0.0,0.0,0.0,6.857829470212411,0.7480000000000001,9.032258064516128,0.0,25,0.668,0.16419,0.16408,2935658.88,481682.29,1070405.09,-1589821.91,0.40237,0.0,2563985.8300591055,6732872.139271645,1407048.6969635824
POL-2021438,Hedge Fund,West,2021,383681,0,0.0,0.0,0.0,5.413430173648541,0.5665,34.61538461538461,0.0,10,0.43,0.25292,0.25275,615053.97,155454.05,345453.46,-38227.54,0.90037,0.0,1040325.356161012,1823042.6257381178,436605.5912869059
POL-2021439,National Bank,West,2021,186238522,0,0.0,0.0,0.0,9.99464366157797,0.4945,31.818181818181817,0.0,100,3.752,0.21442,0.21428,2058003.85,440978.96,979953.24,-185258568.76,0.00526,0.0,2448023.9016599143,4711562.015020683,1215531.3407510342
POL-2021440,Insurance Carrier,Northeast,2022,47588009,0,0.0,0.0,0.0,9.072456664612796,0.9687500000000001,3.6734693877551026,1.0986122886681098,100,3.405,0.11918,0.1191,3461298.18,412226.4,916058.68,-46671950.32,0.01925,0.0,3641934.7821964715,8322733.317435134,1332195.3458717568
POL-2021441,Credit Union,Northeast,2024,68813,0,0.0,0.0,0.0,4.850466541943434,0.6677500000000001,2.6666666666666665,0.0,2,0.025,0.15094,0.15084,198868.35,29997.45,66661.0,-2152.0,0.96873,0.0,236026.096711701,410059.62197828625,87163.98109891432
POL-2021442,Community Bank,West,2024,67765,0,0.0,0.0,0.0,4.239886867512759,0.9727500000000001,6.666666666666667,0.0,5,0.029,0.10354,0.10347,1589391.13,164456.18,365458.17,297693.17,5.39302,0.0,1391123.7943081348,3019194.1868632557,516417.87934316276
POL-2021443,Broker-Dealer,Southeast,2024,3234690,0,0.0,0.0,0.0,7.409015297878427,0.744,6.8,0.0,10,0.232,0.10133,0.10126,6898988.19,698616.28,1552480.62,-1682209.38,0.47995,0.0,4146883.611897657,10000000.0,2052480.62
POL-2021444,National Bank,Southwest,2022,36809505,0,0.0,0.0,0.0,9.058260879092977,0.7235,12.558139534883722,0.6931471805599453,50,1.852,0.15912,0.15902,1297776.46,206366.15,458591.45,-36350913.55,0.01246,0.0,1451496.9222514625,3740043.387722146,645593.6193861073
POL-2021445,Fintech-Lending,Northeast,2021,113504,0,0.0,0.0,0.0,4.954417614098027,0.6960000000000001,4.285714285714286,0.0,2,0.03,0.2357,0.23554,1224164.3,288343.05,640762.33,527258.33,5.64528,0.0,1988481.6224551792,2000176.3738644265,740771.1486932213
POL-2021446,Community Bank,Northeast,2020,95581,0,0.0,0.0,0.0,4.513054897080286,0.8290000000000001,1.1428571428571428,0.0,5,0.242,0.11894,0.11886,526942.49,62631.46,139181.02,43600.02,1.45616,0.0,490194.6668605299,1016550.2363412344,190008.5318170617
POL-2021447,Investment Bank,Northeast,2022,6924737,0,0.0,0.0,0.0,8.448378875415878,0.80925,1.6129032258064515,0.6931471805599453,5,0.229,0.15316,0.15305,1642332.69,251361.43,558580.97,-6366156.03,0.08066,0.0,1810925.474718689,4339158.947958345,775538.9173979172
POL-2021448,Credit Union,National,2021,17783,0,0.0,0.0,0.0,2.33214389523559,0.4175,38.333333333333336,0.6931471805599453,15,0.095,0.38244,0.38217,240825.89,92037.6,204527.99,186744.99,11.50132,0.0,440471.0611988689,776920.6190920897,243374.0209546045
POL-2021449,Community Bank,Midwest,2020,19524,0,0.0,0.0,0.0,3.775057150354989,0.6795,2.8205128205128207,0.6931471805599453,2,0.025,0.13364,0.13355,799715.68,106798.99,237331.09,217807.09,12.15586,0.0,997550.0105372935,1940755.910013899,334368.885500695
POL-2021450,Community Bank,Southwest,2020,44665,0,0.0,0.0,0.0,3.835141961092188,0.67275,9.375,0.0,5,0.063,0.20536,0.20522,767233.98,157451.44,349892.09,305227.09,7.8337,0.0,1238049.033646863,2321883.7345689405,465986.27672844706
POL-2021451,Hedge Fund,National,2020,4823213,0,0.0,0.0,0.0,6.37723702187041,0.772,9.655172413793103,0.0,100,2.305,0.17309,0.17297,681768.97,117927.16,262060.35,-4561152.65,0.05433,0.0,908238.3995045482,1931806.7140266788,358650.6857013339
POL-2021452,Broker-Dealer,Northeast,2021,748062,0,0.0,0.0,0.0,6.502340169624015,0.801,1.081081081081081,1.0986122886681098,5,0.147,0.09687,0.0968,3949621.21,382326.77,849615.05,101553.05,1.13575,0.0,3183522.7164482875,5000000.0,1099615.05
POL-2021453,Credit Union,Northeast,2023,170314,0,0.0,0.0,0.0,4.183575695950044,0.7572500000000001,5.666666666666667,0.0,25,0.871,0.14557,0.14547,343844.24,50018.53,111152.3,-59161.7,0.65263,0.0,294920.3528155408,769576.2587022504,149631.11293511253
POL-2021454,Fintech-Payments,National,2024,2738699,0,0.0,0.0,0.0,6.859614903654202,0.8170000000000001,21.25,0.6931471805599453,15,0.247,0.17567,0.17555,4147450.54,728084.66,1617965.9,-1120733.1,0.59078,0.0,5247820.664026339,10889965.7625196,2162464.18812598
POL-2021455,Broker-Dealer,Midwest,2023,1985778,0,0.0,0.0,0.0,7.397009912819985,0.378,54.54545454545454,0.0,5,0.247,0.23188,0.23172,485893.99,112591.1,250202.44,-1735575.56,0.126,0.0,917918.9435768945,1772579.9025061694,338831.43512530846
POL-2021456,Asset Manager,Southeast,2024,15681548,0,0.0,0.0,0.0,7.815731541252207,0.44725000000000004,12.857142857142856,0.0,100,4.403,0.29946,0.29926,7205235.95,2156230.24,4791622.75,-10889925.25,0.30556,0.0,13440041.568909498,27078905.27846667,6145568.013923334
POL-2021457,Asset Manager,National,2024,3478794,0,0.0,0.0,0.0,6.882232321751051,0.68,47.77777777777777,0.0,50,0.907,0.18464,0.18452,1504384.79,277586.98,616859.95,-2861934.05,0.17732,0.0,1873035.6183569455,4497785.631652429,841749.2315826213
POL-2021458,Fintech-Lending,National,2021,5934759,0,0.0,0.0,0.0,6.138374792422603,0.8917500000000002,11.0,0.0,250,2.88,0.22578,0.22562,3406680.66,768623.04,1708051.2,-4226707.8,0.2878,0.0,5329711.988247635,10474926.815436244,2231797.540771812
POL-2021459,Regional Bank,Northeast,2024,2099874,0,0.0,0.0,0.0,7.100934345776873,0.88475,7.173913043478262,0.0,10,0.148,0.12685,0.12676,4644461.2,588747.98,1308328.85,-791545.15,0.62305,0.0,4613080.690113849,9602023.765157994,1788430.0382578997
POL-2021460,Community Bank,West,2022,35321,0,0.0,0.0,0.0,3.756538102587751,0.66325,14.166666666666668,0.6931471805599453,5,0.026,0.19135,0.19122,925727.21,177021.05,393380.11,358059.11,11.13729,0.0,1316476.5649487127,2478069.6924143857,517283.59462071926
POL-2021461,Hedge Fund,Southwest,2023,4034376,0,0.0,0.0,0.0,5.547128664610824,0.63525,2.058823529411765,1.0986122886681098,250,3.608,0.14254,0.14244,460385.57,65578.09,145729.08,-3888646.92,0.03612,0.0,543663.4394860181,1134197.6229918755,202438.96114959376
POL-2021462,Community Bank,Northeast,2020,82382,0,0.0,0.0,0.0,4.973971309724664,0.8297500000000001,3.8461538461538463,0.0,2,0.041,0.12554,0.12546,576180.98,72284.83,160632.97,78250.97,1.94986,0.0,540143.5333738622,1194580.892418031,220362.01462090155
POL-2021463,Fintech-Payments,Northeast,2024,1685644,0,0.0,0.0,0.0,5.096201182425903,0.8845000000000002,0.9302325581395349,0.0,100,2.598,0.12731,0.12722,1589602.84,202231.1,449402.44,-1236241.56,0.26661,0.0,1711014.8902251576,4026564.186537537,650730.6493268769
POL-2021464,Community Bank,Southwest,2020,110590,0,0.0,0.0,0.0,4.454347296253507,0.6727500000000001,21.5,0.0,10,0.056,0.14867,0.14857,845046.42,125545.34,278989.64,168399.64,2.52274,0.0,1045091.2532374056,2012843.5949359229,379631.81974679616
POL-2021465,Community Bank,National,2022,64849,0,0.0,0.0,0.0,4.220977213155467,0.7020000000000001,15.26315789473684,0.0,5,0.212,0.19841,0.19828,966619.79,191656.73,425903.85,361054.85,6.56762,0.0,1053591.74809528,2516766.6128790965,551742.1806439548
POL-2021466,Regional Bank,Southwest,2022,2150215,0,0.0,0.0,0.0,7.520938915401698,0.7645000000000001,5.0,0.6931471805599453,5,0.219,0.16175,0.16164,1307329.64,211310.24,469578.3,-1680636.7,0.21839,0.0,1579801.792677946,3251472.1543114115,632151.9077155706
POL-2021467,Hedge Fund,Southwest,2022,4055272,0,0.0,0.0,0.0,5.139321635057579,0.6795000000000001,11.0,0.0,500,9.752,0.23288,0.23272,531487.78,123687.52,274861.15,-3780410.85,0.06778,0.0,781619.1676272412,1334252.6523877967,341573.7826193899
POL-2021468,Regional Bank,West,2020,895640,0,0.0,0.0,0.0,6.282640508814019,0.85075,12.682926829268293,0.6931471805599453,15,0.18,0.18607,0.18594,1123076.08,208828.12,464062.49,-431577.51,0.51814,0.0,1557087.9474584435,2731538.0150418007,600639.39075209
POL-2021469,Insurance Carrier,National,2023,2465469,0,0.0,0.0,0.0,7.642140367558327,0.68475,12.941176470588236,0.0,5,0.244,0.26122,0.26104,847413.84,221211.32,491580.72,-1973888.28,0.19939,0.0,1405167.3174488216,2691248.1589277233,626143.1279463861
POL-2021470,Regional Bank,Midwest,2024,929787,0,0.0,0.0,0.0,6.403905268952571,0.78775,17.647058823529413,0.6931471805599453,10,0.476,0.19297,0.19284,1548117.32,298541.33,663425.18,-266361.82,0.71352,0.0,2551283.4258511374,4678939.380462636,897372.1490231319
POL-2021471,Broker-Dealer,Southwest,2020,366272,0,0.0,0.0,0.0,6.404236230398585,0.634,3.888888888888889,0.6931471805599453,2,0.043,0.13716,0.13706,1802163.49,247010.82,548912.92,182640.92,1.49865,0.0,2000000.0,2000000.0,648912.92
POL-2021472,Broker-Dealer,Southwest,2023,554281,0,0.0,0.0,0.0,6.674561391814426,0.7342500000000001,7.560975609756098,0.0,2,0.07,0.08409,0.08403,637841.54,53596.81,119104.03,-435176.97,0.21488,0.0,380024.8408681274,1390784.3793729846,188643.24896864925
POL-2021473,Fintech-Payments,Midwest,2021,472020,0,0.0,0.0,0.0,5.897428555181388,0.95975,11.458333333333334,0.0,5,0.203,0.19664,0.19651,2388248.95,469304.9,1042899.77,570879.77,2.20944,0.0,3456362.9605424004,5000000.0,1292899.77
POL-2021474,Asset Manager,Midwest,2020,415370,0,0.0,0.0,0.0,6.425193120489006,0.7260000000000001,15.172413793103448,0.0,2,0.066,0.20968,0.20953,2172633.01,455242.31,1011649.57,596279.57,2.43554,0.0,2000000.0,3090614.4996685158,1166180.2949834256
POL-2021475,Insurance Carrier,West,2024,44547838,0,0.0,0.0,0.0,8.781678282263815,0.8985,3.25,0.0,100,1.891,0.13615,0.13606,2880034.08,391856.2,870791.56,-43677046.44,0.01955,0.0,2990368.2090068418,6726881.517307492,1207135.6358653747
POL-2021476,Fintech-Lending,Southeast,2022,271986,0,0.0,0.0,0.0,4.76473475565943,0.967,9.803921568627452,0.0,10,0.224,0.16218,0.16207,2400562.13,389055.44,864567.64,592581.64,3.17872,0.0,2817948.3016991047,4940935.557367666,1111614.4178683832
POL-2021477,Community Bank,West,2021,548585,0,0.0,0.0,0.0,3.7232808808312687,0.7745,10.2,0.0,500,21.54,0.32855,0.32833,624993.65,205203.48,456007.73,-92577.27,0.83124,0.0,1388489.846798233,2256402.4226589142,568827.8511329457
POL-2021478,Community Bank,Southeast,2023,47327,1,1.0,201809.0,84180.0,5.008633291425583,0.7732500000000001,3.214285714285714,0.0,1,0.025,0.12415,0.12407,448181.74,55604.62,123565.81,76238.81,2.61089,4.26414,513448.355476957,979141.0167038981,172522.8608351949
POL-2021479,National Bank,West,2024,139614993,0,0.0,0.0,0.0,10.01044778795971,0.5357500000000001,9.642857142857142,0.0,100,1.983,0.24615,0.24598,3110036.46,765018.72,1700041.6,-137914951.4,0.01218,0.0,4747103.989793478,9607139.029770445,2180398.5514885224
POL-2021480,Credit Union,Southwest,2023,71484,1,1.0,40348.0,16456.0,3.9415818076696905,0.7085,10.909090909090908,0.0,15,0.539,0.18649,0.18636,90794.66,16920.51,37601.12,-33882.88,0.52601,0.56443,123565.20208460698,278760.1209956466,51539.12604978233
POL-2021481,Broker-Dealer,Northeast,2024,1537138,1,1.0,941589.0,2002.0,6.61029219467525,0.62975,11.470588235294118,0.6931471805599453,15,0.079,0.1462,0.1461,900559.41,131573.11,292384.69,-1244753.31,0.19021,0.61256,1027888.8500507736,2033107.7654067883,394040.0782703394
POL-2021482,Hedge Fund,Midwest,2021,145187,0,0.0,0.0,0.0,4.812997033190408,0.8504999999999999,20.58823529411765,0.0,5,0.204,0.13116,0.13107,508660.45,66672.49,148161.1,2974.1,1.02048,0.0,568271.7814502718,1424455.185551219,219383.85927756096
POL-2021483,Fintech-Lending,Southwest,2023,682811,0,0.0,0.0,0.0,5.557214087568064,0.6772499999999999,28.0,0.0,15,0.539,0.20612,0.20598,1536273.18,316438.88,703197.52,20386.52,1.02986,0.0,2170925.718683859,4569685.674540162,931681.8037270082
POL-2021484,Insurance Carrier,National,2021,8110690,0,0.0,0.0,0.0,7.149053040876389,0.8025,7.647058823529412,0.0,100,1.114,0.15494,0.15483,1275114.58,197430.44,438734.32,-7671955.68,0.05409,0.0,1657396.6226703615,3316777.4349980257,604573.1917499013
POL-2021485,Asset Manager,National,2020,445890,1,1.0,94206.0,62912.0,7.177935076297776,0.7180000000000001,13.18181818181818,0.0,1,0.025,0.2289,0.22874,1004669.35,229806.74,510681.65,64791.65,1.14531,0.21128,1000000.0,1518406.3637590585,586601.968187953
POL-2021486,Community Bank,Midwest,2022,164411,1,1.0,604593.0,66384.0,4.251348311031766,0.7092500000000002,5.121951219512195,0.0,25,0.531,0.14535,0.14525,2444969.99,355128.33,789174.07,624763.07,4.80001,3.67733,2306099.0729526235,5251111.360792714,1051729.6380396357
POL-2021487,Fintech-Lending,West,2023,506532,0,0.0,0.0,0.0,5.982423802455833,0.44175,26.551724137931036,0.6931471805599453,5,0.156,0.32351,0.32328,1081325.63,349575.51,776834.46,270302.46,1.53363,0.0,2164999.305628196,3577448.399983676,955706.8799991838
POL-2021488,Broker-Dealer,West,2024,589525,0,0.0,0.0,0.0,6.032126528826872,0.87275,5.853658536585367,0.6931471805599453,5,0.179,0.11814,0.11806,3708062.68,437772.09,972826.87,383301.87,1.65019,0.0,2777428.327584987,5000000.0,1222826.87
POL-2021489,Broker-Dealer,Midwest,2022,857866,0,0.0,0.0,0.0,6.065411792060065,0.76375,5.333333333333333,0.0,10,0.093,0.10837,0.1083,1558327.15,168766.07,375035.72,-482830.28,0.43717,0.0,1183683.9137630826,3015492.2654974908,525810.3332748745
POL-2021490,Community Bank,West,2022,80567,0,0.0,0.0,0.0,4.3528552573736015,0.71025,6.571428571428571,0.0,5,0.239,0.13594,0.13584,231709.95,31476.08,69946.85,-10620.15,0.86818,0.0,210603.58644825817,490434.7658501098,94468.5882925055
POL-2021491,Regional Bank,Southeast,2022,1139486,0,0.0,0.0,0.0,6.5036891917876805,0.9467500000000001,22.745098039215687,0.0,15,0.736,0.10927,0.10919,3117331.73,340382.67,756405.93,-383080.07,0.66381,0.0,3319648.844769796,7791314.867101943,1145971.6733550972
POL-2021492,Insurance Carrier,National,2022,56307643,0,0.0,0.0,0.0,9.110486886973256,0.8875000000000001,4.255319148936171,0.0,100,0.617,0.12054,0.12046,4778536.75,575617.9,1279150.89,-55028492.11,0.02272,0.0,5492931.610625786,12518065.211683992,1905054.1505841995
POL-2021493,Insurance Carrier,West,2024,3139801,1,1.0,131973.0,18953.0,8.186659287941504,0.609,11.071428571428571,0.0,5,0.114,0.19441,0.19428,881927.63,171337.0,380748.9,-2759052.1,0.12127,0.04203,1191879.8083199223,2193535.118352134,490425.6559176067
POL-2021494,Fintech-Payments,Southwest,2023,137328,0,0.0,0.0,0.0,5.057518879995106,0.6407499999999999,14.0,1.0986122886681098,2,0.047,0.24002,0.23985,1351753.74,324224.69,720499.31,583171.31,5.24656,0.0,1996724.119435878,2556415.9754785034,848320.1087739252
POL-2021495,Fintech-Payments,Southwest,2024,775093,0,0.0,0.0,0.0,6.879972897969686,0.739,9.0,0.6931471805599453,2,0.078,0.29272,0.29252,682427.01,199623.48,443607.72,-331485.28,0.57233,0.0,1125902.3098902693,2000000.0,543607.72
POL-2021496,National Bank,Northeast,2020,100410050,0,0.0,0.0,0.0,10.451360375237629,0.7825000000000001,12.222222222222221,0.0,25,0.58,0.14826,0.14815,1774597.79,262914.01,584253.35,-99825796.65,0.00582,0.0,1709653.9122099492,3876380.2789610005,778072.36394805
POL-2021497,Fintech-Payments,Northeast,2023,9009748,0,0.0,0.0,0.0,7.25883459656371,0.64825,3.793103448275862,0.0,50,0.931,0.11892,0.11884,1425182.91,169362.45,376361.0,-8633387.0,0.04177,0.0,1422951.991843019,4069767.936759044,579849.3968379522
POL-2021498,Insurance Carrier,West,2022,542742,1,1.0,739648.0,146632.0,6.907455233973135,0.8930000000000001,12.380952380952383,0.6931471805599453,2,0.041,0.14748,0.14738,1186014.49,174797.84,388439.64,-154302.36,0.7157,1.3628,1521428.2592030035,2000000.0,488439.64
POL-2021499,Hedge Fund,West,2022,1052199,0,0.0,0.0,0.0,5.823045895483019,0.6375,15.428571428571429,0.0,25,0.844,0.22035,0.2202,312117.57,68728.96,152731.01,-899467.99,0.14515,0.0,472810.995288092,916758.5393729254,198568.93696864627
