policy_id,insured_id,sub_sector,primary_regulator,region,policy_year,cloud_provider_primary,core_banking_vendor,premium_usd,n_claims,had_claim,total_loss,bi_loss,log_revenue,exposure_size_score,cyber_control_score,control_gap_score,vendor_control_pressure,vendor_pressure_band,regulatory_findings_pressure,high_sev_rate,critical_operations_score,payment_trading_flag,coverage_structure_score,limit_to_revenue,retention_ratio,prior_incident_score,repeat_offender,hybrid_cloud_flag,core_banking_vendor_missing,exposure_years,loss_ratio,bi_share_of_loss,limit_mm,retention_mm
POL-2020000,INS-10000,Broker-Dealer,SEC,National,2020,Hybrid,Unknown,691695,0.0,0,0.0,0.0,6.860244296311086,0.1150437358032848,0.8722500000000001,0.12774999999999992,10.789473684210526,Moderate,0.0,0.0,1,0,-0.6595694776587759,0.0020995171110644553,0.038,0.0,0,1,1,0.999315537303217,0.0,0.0,2,0.076
POL-2020001,INS-10001,Regional Bank,FINRA,National,2021,Hybrid,In-House,1044220,1.0,1,27180.0,10139.0,6.596190266067024,0.21235007535863162,0.7325,0.26749999999999996,7.419354838709677,Low,0.0,0.0,1,0,-0.1217138011359663,0.013674278681799537,0.024399999999999998,0.0,0,1,0,0.999315537303217,0.026028997720786807,0.3730316409124356,10,0.244
POL-2020002,INS-10002,Community Bank,SEC,Southeast,2020,GCP,Fiserv,45292,0.0,0,0.0,0.0,4.041295341132285,-1.1294771419069105,0.9702500000000002,0.029749999999999832,4.0,Low,0.0,0.0,1,0,-0.40946737934311983,0.08944543828264759,0.0324,0.0,0,0,0,0.999315537303217,0.0,0.0,5,0.162
POL-2020003,INS-10003,National Bank,FDIC,Northeast,2022,AWS,Temenos,419848548,1.0,1,3621732.0,2025802.0,10.397045952153281,2.382212122198301,0.6499999999999999,0.3500000000000001,13.0,Moderate,3.8123094930796992,0.75,1,0,0.5640550833998335,0.007630861646373662,0.019028,0.0,0,0,0,0.999315537303217,0.008626282065884387,0.5593461912698123,250,4.757
POL-2020004,INS-10004,Broker-Dealer,SEC,Midwest,2022,AWS,Unknown,1280636,0.0,0,0.0,0.0,6.286742696181391,-0.11842408018145056,0.46399999999999997,0.536,17.333333333333332,High,0.0,0.0,1,0,0.09595234152759441,0.027964205816554812,0.017666666666666667,0.0,0,0,1,0.999315537303217,0.0,0.0,15,0.265
POL-2020005,INS-10005,National Bank,FRB,Southeast,2023,GCP,In-House,103618007,0.0,0,0.0,0.0,9.616052116333794,2.0422512792606065,0.607,0.393,23.703703703703702,Extreme,1.7230483663419307,0.0,1,0,0.4000886352350985,0.006665466882627793,0.01899,0.0,0,0,0,0.999315537303217,0.0,0.0,100,1.899
POL-2020006,INS-10006,Regional Bank,NCUA,Southwest,2021,Hybrid,Jack Henry,353381,1.0,1,1123789.0,116934.0,6.429719478039138,0.31498361572487105,0.8517499999999999,0.1482500000000001,2.7777777777777777,Low,0.0,0.0,1,0,-0.4481765092564619,0.0032310177705977385,0.0285,0.6931471805599453,0,1,0,0.999315537303217,3.1801058913750313,0.10405334097415084,2,0.057
POL-2020007,INS-10007,Fintech-Payments,CFPB,Southwest,2020,GCP,Unknown,226527,0.0,0,0.0,0.0,5.834810737062605,-0.3630519149019205,0.6407499999999999,0.35925000000000007,19.428571428571427,High,0.0,0.0,1,0,-0.44370271473075207,0.002932551319648094,0.025,0.0,0,0,1,0.999315537303217,0.0,0.0,1,0.025
POL-2020008,INS-10008,Hedge Fund,NCUA,Southeast,2022,Azure,Unknown,600702,0.0,0,0.0,0.0,5.6061696457892,-0.47961163442118737,0.7955,0.20450000000000002,11.0,Moderate,0.0,0.0,1,0,-0.11726342285381236,0.03688675765400221,0.0242,0.6931471805599453,0,0,1,0.999315537303217,0.0,0.0,10,0.242
POL-2020009,INS-10009,Insurance Carrier,NCUA,Northeast,2023,AWS,Unknown,45979230,0.0,0,0.0,0.0,9.190861892138539,1.5771992529790044,0.72275,0.27725,6.274509803921569,Low,0.0,0.0,0,0,0.22364386478168496,0.005098867031745546,0.02136,0.0,0,0,1,0.999315537303217,0.0,0.0,50,1.068
POL-2020010,INS-10010,Community Bank,NCUA,West,2023,Hybrid,Jack Henry,62766,0.0,0,0.0,0.0,4.248495242049359,-0.901744931008064,0.499,0.501,24.4,Extreme,0.6931471805599453,0.0,1,0,0.05337196200089431,0.07246376811594203,0.011600000000000001,0.0,0,1,0,0.999315537303217,0.0,0.0,5,0.058
POL-2020011,INS-10011,Insurance Carrier,FDIC,Midwest,2024,On-Prem,Unknown,9828117,0.0,0,0.0,0.0,8.411388132519262,1.1971008500377982,0.8555,0.14449999999999996,37.94117647058824,Extreme,0.0,0.0,0,0,0.28731860766021566,0.00333555703802535,0.009066666666666667,0.0,0,0,1,0.999315537303217,0.0,0.0,15,0.136
POL-2020012,INS-10012,Insurance Carrier,FDIC,National,2022,GCP,Unknown,934284,0.0,0,0.0,0.0,7.507964463882813,0.6477392033207507,0.9082500000000001,0.09174999999999989,5.333333333333333,Low,0.6931471805599453,0.0,0,0,-0.8598365003557052,0.0010979961570134504,0.047,0.0,0,0,1,0.999315537303217,0.0,0.0,2,0.094
POL-2020013,INS-10013,Community Bank,OCC,West,2022,On-Prem,Jack Henry,472877,1.0,1,3559508.0,1638723.0,4.516338972281476,-0.7368155180168889,0.6200000000000001,0.3799999999999999,20.0,High,0.0,0.0,1,0,0.3718287331434208,1.1049723756906078,0.020259999999999997,0.0,0,0,0,0.999315537303217,7.5273443199817285,0.46037907486090773,100,2.026
POL-2020014,INS-10014,Fintech-Lending,SEC,Northeast,2022,AWS,Unknown,482388,0.0,0,0.0,0.0,6.478202375344883,0.05241464076283516,0.639,0.361,4.864864864864865,Low,0.0,0.0,0,0,-0.5816878577210813,0.0030778701138811943,0.0345,0.0,0,0,1,0.999315537303217,0.0,0.0,2,0.069
POL-2020015,INS-10015,Custodian Bank,FRB,West,2024,Hybrid,Other,25749272,0.0,0,0.0,0.0,8.716699572964293,1.5024029081169645,0.7615,0.23850000000000005,11.25,Moderate,1.3265743385667426,0.0,1,0,0.32199722481728804,0.008192692118630182,0.01694,0.0,0,1,0,0.999315537303217,0.0,0.0,50,0.847
POL-2020016,INS-10016,Asset Manager,CFPB,West,2021,On-Prem,Unknown,1883463,0.0,0,0.0,0.0,7.383119514469969,0.4667817304333361,0.7254999999999999,0.2745000000000001,15.26315789473684,High,0.0,0.0,2,0,-0.7432457505046686,0.0031102264244837028,0.0474,0.0,0,0,1,0.999315537303217,0.0,0.0,5,0.237
POL-2020017,INS-10017,Community Bank,OCC,Northeast,2024,AWS,In-House,130069,0.0,0,0.0,0.0,4.489759334476764,-0.9202086950510772,0.5670000000000001,0.43299999999999994,16.956521739130434,High,0.0,0.0,1,0,-0.6268317361604433,0.11350737797956868,0.047099999999999996,0.6931471805599453,0,0,0,0.999315537303217,0.0,0.0,10,0.471
POL-2020018,INS-10018,Fintech-Lending,CFPB,Southeast,2020,Hybrid,Unknown,187317,0.0,0,0.0,0.0,4.789988622980633,-0.810138713543811,0.742,0.258,11.904761904761907,Moderate,0.0,0.0,0,0,-0.09349052131018712,0.041911148365465216,0.0182,0.6931471805599453,0,1,1,0.999315537303217,0.0,0.0,5,0.091
POL-2020019,INS-10019,Hedge Fund,State,Northeast,2023,On-Prem,Unknown,334556,0.0,0,0.0,0.0,5.297817241506355,-0.7005840020492275,0.90725,0.09275,1.627906976744186,Low,0.0,0.0,1,0,-0.26857628444704773,0.05027652086475616,0.031,0.0,0,0,1,0.999315537303217,0.0,0.0,10,0.31
POL-2020020,INS-10020,Fintech-Lending,State,Northeast,2020,On-Prem,Unknown,1760339,1.0,1,11190.0,1093.0,4.935193098929397,-0.9286659689230504,0.71875,0.28125,63.714285714285715,Extreme,0.0,0.0,0,0,0.2524395960834116,1.8102824040550327,0.033032,0.0,0,0,1,0.999315537303217,0.006356730152544481,0.09767649687220732,250,8.258
POL-2020021,INS-10021,Regional Bank,State,Southeast,2021,On-Prem,Jack Henry,461743,0.0,0,0.0,0.0,5.976604684200958,0.02323621693012305,0.6385000000000001,0.36149999999999993,6.296296296296296,Low,0.0,0.0,1,0,0.17353217561905188,0.012719409819384379,0.0062,0.6931471805599453,0,0,0,0.999315537303217,0.0,0.0,5,0.031
POL-2020022,INS-10022,Asset Manager,OCC,Southeast,2024,Azure,Unknown,2091437,0.0,0,0.0,0.0,7.023491777464733,0.45314775971233506,0.61925,0.38075000000000003,20.0,High,0.0,0.0,1,0,-0.23485911077918487,0.01337255950788981,0.03253333333333333,0.0,0,0,1,0.999315537303217,0.0,0.0,15,0.488
POL-2020023,INS-10023,Fintech-Lending,CFPB,Midwest,2020,On-Prem,Unknown,64877,0.0,0,0.0,0.0,4.751000634199631,-1.2371362160493906,0.626,0.374,4.583333333333334,Low,1.2817143367794614,0.0,0,0,-0.6217178460169114,0.008718395815170008,0.033,0.0,0,0,1,0.999315537303217,0.0,0.0,1,0.033
POL-2020024,INS-10024,Insurance Carrier,FINRA,Midwest,2024,Azure,Unknown,7379924,0.0,0,0.0,0.0,8.336558211551488,1.0190000769476935,0.63825,0.36175,10.625,Moderate,0.0,0.0,0,0,-0.27747704101135573,0.0023965298248136697,0.0314,1.0986122886681098,1,0,1,0.999315537303217,0.0,0.0,10,0.314
POL-2020025,INS-10025,Hedge Fund,FRB,West,2022,AWS,Unknown,1005581,0.0,0,0.0,0.0,6.111689044414351,-0.36816250784130017,0.6375000000000001,0.36249999999999993,9.51219512195122,Moderate,0.0,0.0,1,0,-0.010454344082116818,0.02221728504776716,0.0194,0.6931471805599453,0,0,1,0.999315537303217,0.0,0.0,10,0.194
POL-2020026,INS-10026,Regional Bank,FINRA,West,2021,AWS,Finastra,5142654,0.0,0,0.0,0.0,6.635290172335217,0.35001265289942957,0.9365,0.0635,4.468085106382979,Low,0.0,0.0,1,0,-0.04027629578403813,0.13149243918474687,0.03878,0.6931471805599453,0,0,0,0.999315537303217,0.0,0.0,100,3.878
POL-2020027,INS-10027,Hedge Fund,CFPB,Southwest,2024,Azure,Unknown,173485,0.0,0,0.0,0.0,5.496758305221874,-0.5077120801482785,0.76275,0.23724999999999996,26.538461538461537,Extreme,0.0,0.0,1,0,-0.7485770433018557,0.008233841086867023,0.042,0.0,0,0,1,0.999315537303217,0.0,0.0,2,0.084
POL-2020028,INS-10028,Community Bank,FDIC,Northeast,2020,Azure,Finastra,413549,0.0,0,0.0,0.0,5.608738925969307,-0.08613299125912956,0.9055000000000001,0.09449999999999992,2.8571428571428577,Low,0.0,0.0,1,0,-0.4443662265921302,0.03679175864606328,0.038900000000000004,0.0,0,0,0,0.999315537303217,0.0,0.0,10,0.389
POL-2020029,INS-10029,Community Bank,NCUA,West,2020,GCP,In-House,55535,0.0,0,0.0,0.0,4.275276264727001,-0.887383960879652,0.543,0.45699999999999996,49.0,Extreme,2.3272416587300166,0.25,1,0,0.09787574482243415,0.0705218617771509,0.009600000000000001,1.3862943611198906,1,0,0,0.999315537303217,0.0,0.0,5,0.048
POL-2020030,INS-10030,Broker-Dealer,SEC,Southeast,2020,GCP,Unknown,571877,0.0,0,0.0,0.0,5.719983853994209,-0.5084873888958681,0.89525,0.10475000000000001,6.136363636363637,Low,0.6931471805599453,0.0,0,0,-0.46884330714397704,0.032905561039815734,0.04,0.0,0,0,1,0.999315537303217,0.0,0.0,10,0.4
POL-2020031,INS-10031,Hedge Fund,CFPB,National,2022,GCP,Unknown,430268,0.0,0,0.0,0.0,6.22098770538623,-0.22331737010724861,0.81425,0.18574999999999997,12.162162162162161,Moderate,0.7875884839112379,0.0,1,0,-0.21453164944337763,0.003982477100756671,0.018,0.0,0,0,1,0.999315537303217,0.0,0.0,2,0.036
POL-2020032,INS-10032,Credit Union,NCUA,Midwest,2020,AWS,FIS,65773,1.0,1,470635.0,202962.0,4.3054155323020415,-1.1090435330213209,0.771,0.22899999999999998,22.1875,Extreme,2.19496607177316,0.25,1,0,-0.2537041394677304,0.06839945280437756,0.0254,0.0,0,0,0,0.999315537303217,7.155443723108267,0.43125139439268223,5,0.127
POL-2020033,INS-10033,Custodian Bank,FRB,West,2021,AWS,FIS,5622277,0.0,0,0.0,0.0,8.051054085272654,1.1214304474705117,0.718,0.28200000000000003,1.8918918918918919,Low,0.0,0.0,1,0,-0.6646599515587522,0.0031886738305538726,0.048799999999999996,1.0986122886681098,1,0,0,0.999315537303217,0.0,0.0,10,0.488
POL-2020034,INS-10034,Credit Union,NCUA,West,2024,On-Prem,Fiserv,31040,0.0,0,0.0,0.0,3.4965075614664802,-1.6508924465156696,0.755,0.245,9.6875,Moderate,0.0,0.0,1,0,-0.7343449939403607,0.15625,0.047,0.0,0,0,0,0.999315537303217,0.0,0.0,5,0.235
POL-2020035,INS-10035,Credit Union,NCUA,National,2020,GCP,FIS,274154,0.0,0,0.0,0.0,5.007965065540377,-0.778343766752256,0.6279999999999999,0.3720000000000001,10.689655172413794,Moderate,0.0,0.0,1,0,-0.48853067286196206,0.1009421265141319,0.04393333333333334,0.0,0,0,0,0.999315537303217,0.0,0.0,15,0.659
POL-2020036,INS-10036,Investment Bank,OCC,Southeast,2024,AWS,Temenos,70953772,0.0,0,0.0,0.0,8.982184278838428,1.5604819259740499,0.7709999999999999,0.2290000000000001,11.363636363636365,Moderate,0.0,0.0,0,0,0.038717918724195055,0.012564392511622063,0.035230000000000004,0.0,0,0,0,0.999315537303217,0.0,0.0,100,3.523
POL-2020037,INS-10037,Fintech-Payments,State,Midwest,2023,Azure,Unknown,1038035,0.0,0,0.0,0.0,6.002157176646725,-0.3124505649148412,0.86075,0.13924999999999998,8.604651162790699,Moderate,0.0,0.0,1,0,-0.025691331517947724,0.03719315645921151,0.023133333333333332,0.0,0,0,1,0.999315537303217,0.0,0.0,15,0.347
POL-2020038,INS-10038,Fintech-Lending,CFPB,Midwest,2023,GCP,Unknown,276588,0.0,0,0.0,0.0,4.314817884980432,-1.118293256006805,0.57775,0.42225,16.11111111111111,High,0.0,0.0,0,0,0.11679921079247274,0.33875338753387535,0.02068,0.0,0,0,1,0.999315537303217,0.0,0.0,25,0.517
POL-2020039,INS-10039,Community Bank,FDIC,Midwest,2021,Hybrid,Jack Henry,71494,0.0,0,0.0,0.0,4.3294166844015844,-0.9530940259904158,0.67875,0.32125000000000004,14.0625,High,1.6635532333438687,0.5,1,0,-0.129093547567419,0.06675567423230974,0.0198,0.0,0,1,0,0.999315537303217,0.0,0.0,5,0.099
POL-2020040,INS-10040,Asset Manager,SEC,West,2020,On-Prem,Unknown,823709,1.0,1,405495.0,0.0,7.369915730766847,0.40544476359475384,0.47475000000000006,0.52525,24.999999999999996,Extreme,0.0,0.0,2,0,-0.09214624668414317,0.0012606366214938543,0.0125,0.0,0,0,1,0.999315537303217,0.4922794336349366,0.0,2,0.025
POL-2020041,INS-10041,Investment Bank,FRB,Southwest,2024,Hybrid,FIS,47546400,0.0,0,0.0,0.0,8.917243666822904,1.7742943138915,0.66825,0.33175,7.894736842105263,Low,0.0,0.0,1,0,0.5057978478702475,0.0067037608098143055,0.00868,0.0,0,1,0,0.999315537303217,0.0,0.0,50,0.434
POL-2020042,INS-10042,Insurance Carrier,CFPB,National,2021,AWS,Unknown,79408735,0.0,0,0.0,0.0,9.483606532693603,1.6767460512731434,0.8450000000000001,0.15499999999999992,15.294117647058824,High,0.0,0.0,0,0,0.34201119865298907,0.007609481413841647,0.0216,0.0,0,0,1,0.999315537303217,0.0,0.0,100,2.16
POL-2020043,INS-10043,Community Bank,FRB,Southeast,2023,On-Prem,Temenos,70241,0.0,0,0.0,0.0,3.883623530906448,-1.2628566513880088,0.7,0.30000000000000004,4.634146341463415,Low,0.6931471805599453,0.0,1,0,-0.00047252125240865306,0.31512605042016806,0.022000000000000002,0.6931471805599453,0,0,0,0.999315537303217,0.0,0.0,15,0.33
POL-2020044,INS-10044,Broker-Dealer,FINRA,Southwest,2022,Hybrid,Unknown,2566583,0.0,0,0.0,0.0,6.608944848742513,-0.020845401143082535,0.90525,0.09475,4.8,Low,1.0986122886681098,0.0,1,0,-0.12174106513098076,0.03375185635209936,0.031400000000000004,0.6931471805599453,0,1,1,0.999315537303217,0.0,0.0,25,0.785
POL-2020045,INS-10045,Asset Manager,FRB,Midwest,2021,Hybrid,Unknown,1713211,1.0,1,210858.0,63685.0,6.5807778239227135,-0.018247004565659142,0.6665,0.3335,7.096774193548387,Low,0.0,0.0,2,0,0.312615855207248,0.03471740036106096,0.01188,1.3862943611198906,1,1,1,0.999315537303217,0.12307765943599475,0.3020279050356164,25,0.297
POL-2020046,INS-10046,Regional Bank,FINRA,Southeast,2021,AWS,FIS,218936,0.0,0,0.0,0.0,5.907811162110729,0.0073285067478123245,0.8610000000000001,0.1389999999999999,4.166666666666667,Low,0.0,0.0,1,0,-0.8598365003557052,0.005451076587626056,0.047,0.0,0,0,0,0.999315537303217,0.0,0.0,2,0.094
POL-2020047,INS-10047,Fintech-Lending,SEC,Southeast,2020,On-Prem,Unknown,238228,0.0,0,0.0,0.0,3.7376696182833684,-1.6044706209942767,0.8115,0.1885,5.7142857142857135,Low,0.0,0.0,0,0,0.29885525775008737,1.2195121951219512,0.01798,0.6931471805599453,0,0,1,0.999315537303217,0.0,0.0,50,0.899
POL-2020048,INS-10048,Broker-Dealer,SEC,National,2020,Hybrid,Unknown,1288112,0.0,0,0.0,0.0,7.018222732008108,0.2910925407046368,0.83825,0.16174999999999995,68.23529411764706,Extreme,1.4729377586898837,0.0,0,0,-0.21365073492834466,0.004481089801039613,0.0236,0.0,0,1,1,0.999315537303217,0.0,0.0,5,0.118
POL-2020049,INS-10049,Credit Union,NCUA,National,2020,Hybrid,Finastra,130984,0.0,0,0.0,0.0,4.180522258463153,-1.3814200367723461,0.7405000000000002,0.25949999999999984,8.78048780487805,Moderate,1.1901633127237856,0.0,1,0,-0.33090884439221796,0.3881987577639751,0.0408,0.0,0,1,0,0.999315537303217,0.0,0.0,25,1.02
POL-2020050,INS-10050,Credit Union,NCUA,West,2024,Azure,Temenos,49456,0.0,0,0.0,0.0,4.079230924412053,-1.4164011581879512,0.8150000000000001,0.18499999999999994,23.25,Extreme,0.0,0.0,1,0,-0.17804770867111272,0.08605851979345955,0.022,0.6931471805599453,0,0,0,0.999315537303217,0.0,0.0,5,0.11
POL-2020051,INS-10051,Community Bank,NCUA,National,2021,GCP,Fiserv,54355,1.0,1,37128.0,15439.0,3.0726933146901194,-1.7363129909978638,0.59025,0.40974999999999995,35.65217391304348,Extreme,0.7797905781299385,0.0,1,0,0.32596699005371,1.2135922330097086,0.011279999999999998,0.6931471805599453,0,0,0,0.999315537303217,0.6830650354153252,0.41583171730230556,25,0.282
POL-2020052,INS-10052,Community Bank,FRB,Southeast,2022,Azure,Temenos,15587,0.0,0,0.0,0.0,3.879499813722586,-1.0320407899800876,0.88925,0.11075000000000002,11.25,Moderate,0.0,0.0,1,0,-0.8664886515353803,0.02109704641350211,0.044,0.6931471805599453,0,0,0,0.999315537303217,0.0,0.0,1,0.044
POL-2020053,INS-10053,Investment Bank,FRB,West,2024,AWS,In-House,1613262,1.0,1,2146685.0,446431.0,8.055379929354201,1.1571571359438317,0.45475,0.54525,42.285714285714285,Extreme,0.0,0.0,1,0,-0.44370271473075207,0.000317490554655999,0.025,0.0,0,0,0,0.999315537303217,1.3306487105008362,0.20796297547148276,1,0.025
POL-2020054,INS-10054,National Bank,FDIC,National,2020,Hybrid,In-House,1422889470,0.0,0,0.0,0.0,11.48964046123352,3.1092682111832612,0.7057499999999999,0.2942500000000001,16.857142857142858,High,0.6931471805599453,0.0,1,0,0.17865232416529853,0.0025589217317963427,0.036348,0.6931471805599453,0,1,0,0.999315537303217,0.0,0.0,250,9.087
POL-2020055,INS-10055,Asset Manager,CFPB,Southwest,2022,Azure,Unknown,311047,0.0,0,0.0,0.0,6.857303735486039,0.3582706115213907,0.6887500000000001,0.3112499999999999,3.58974358974359,Low,0.0,0.0,2,0,-0.44370271473075207,0.0010528532322594231,0.025,0.6931471805599453,0,0,1,0.999315537303217,0.0,0.0,1,0.025
POL-2020056,INS-10056,Custodian Bank,OCC,National,2024,Azure,Temenos,15675741,0.0,0,0.0,0.0,8.708177121288845,1.4507966565063757,0.57875,0.42125,4.583333333333334,Low,2.907660524008264,0.6666666666666666,1,0,0.3250769143972792,0.004131411951348493,0.011319999999999998,0.6931471805599453,0,0,0,0.999315537303217,0.0,0.0,25,0.283
POL-2020057,INS-10057,Community Bank,State,Midwest,2022,On-Prem,Other,96478,0.0,0,0.0,0.0,4.669083511731744,-0.7835874824858746,0.77225,0.22775,10.357142857142856,Moderate,0.0,0.0,1,0,-0.7966502898905163,0.04734848484848485,0.0498,0.0,0,0,0,0.999315537303217,0.0,0.0,5,0.249
POL-2020058,INS-10058,Regional Bank,FDIC,National,2024,AWS,FIS,291724,1.0,1,541634.0,143759.0,6.1235887000350235,0.27340097522425205,0.484,0.516,4.333333333333333,Low,1.725936479594264,0.5,1,0,-0.09214624668414317,0.0043907793633369925,0.0125,1.0986122886681098,1,0,0,0.999315537303217,1.8566658896765436,0.2654172374703213,2,0.025
POL-2020059,INS-10059,Regional Bank,FDIC,West,2021,On-Prem,Fiserv,652023,0.0,0,0.0,0.0,6.228708222800973,0.16495080245875557,0.6865000000000001,0.3134999999999999,2.8205128205128207,Low,1.1961141292874042,0.0,1,0,-0.09946190972519653,0.019758940920766646,0.0234,0.0,0,0,0,0.999315537303217,0.0,0.0,10,0.234
POL-2020060,INS-10060,Community Bank,FRB,Midwest,2024,Hybrid,FIS,21785,0.0,0,0.0,0.0,3.696351468952637,-1.3025879182297457,0.79475,0.20525000000000004,9.666666666666666,Moderate,0.0,0.0,1,0,-0.10327219238952809,0.050890585241730284,0.013,0.0,0,1,0,0.999315537303217,0.0,0.0,2,0.026
POL-2020061,INS-10061,Broker-Dealer,SEC,Midwest,2023,Hybrid,Unknown,830257,0.0,0,0.0,0.0,7.25749623831794,0.27816861920129227,0.65175,0.34824999999999995,5.357142857142857,Low,0.0,0.0,1,0,-0.8264586632395503,0.0014107356986668548,0.0455,0.0,0,1,1,0.999315537303217,0.0,0.0,2,0.091
POL-2020062,INS-10062,Hedge Fund,CFPB,National,2020,GCP,Unknown,815679,0.0,0,0.0,0.0,6.3875524934035495,0.017039252887859884,0.6645,0.3355,2.8571428571428568,Low,0.0,0.0,1,0,-0.06678825161726323,0.008426019548365353,0.017,0.6931471805599453,0,0,1,0.999315537303217,0.0,0.0,5,0.085
POL-2020063,INS-10063,Asset Manager,NCUA,Southwest,2023,Azure,Unknown,3841150,0.0,0,0.0,0.0,7.036588150825105,0.2597324961513283,0.649,0.351,59.677419354838705,Extreme,1.2139665789782612,0.0,2,0,0.16178360665974467,0.04399472063352398,0.02414,0.0,0,0,1,0.999315537303217,0.0,0.0,50,1.207
POL-2020064,INS-10064,Community Bank,SEC,Midwest,2024,Azure,Other,58357,0.0,0,0.0,0.0,4.04305126783455,-1.1881020704129492,0.8212499999999999,0.17875000000000008,2.162162162162162,Low,0.0,0.0,1,0,0.18243293218335985,0.08928571428571429,0.0058000000000000005,0.0,0,0,0,0.999315537303217,0.0,0.0,5,0.029
POL-2020065,INS-10065,Fintech-Lending,CFPB,Midwest,2021,AWS,Unknown,562539,0.0,0,0.0,0.0,5.515040350059324,-0.546667724501312,0.8337500000000001,0.1662499999999999,8.787878787878787,Moderate,0.7875884839112379,0.0,0,0,-0.29082817585781773,0.04042037186742118,0.032,0.6931471805599453,0,0,1,0.999315537303217,0.0,0.0,10,0.32
POL-2020066,INS-10066,Asset Manager,SEC,West,2022,Azure,Unknown,412439,0.0,0,0.0,0.0,5.938327448694853,-0.31240027100347095,0.7217500000000001,0.2782499999999999,2.8205128205128207,Low,2.4123462509996623,0.2,2,0,-0.19139884351757472,0.013217023526301877,0.022600000000000002,0.0,0,0,1,0.999315537303217,0.0,0.0,5,0.113
POL-2020067,INS-10067,Asset Manager,NCUA,Northeast,2021,AWS,Unknown,1356547,1.0,1,4463169.0,3093442.0,6.452364362104247,-0.1063802952009546,0.7102499999999999,0.28975000000000006,37.89473684210526,Extreme,0.7875884839112379,0.0,2,0,-0.11914927544318143,0.023689197725837018,0.02733333333333333,0.6931471805599453,0,0,1,0.999315537303217,3.290095367134349,0.693104383903007,15,0.41
POL-2020068,INS-10068,Community Bank,CFPB,Southwest,2024,Hybrid,In-House,80270,0.0,0,0.0,0.0,4.12552017969055,-1.169365152591866,0.6652499999999999,0.3347500000000001,19.166666666666668,High,0.0,0.0,1,0,-0.28192741929350984,0.16420361247947454,0.0316,0.6931471805599453,0,1,0,0.999315537303217,0.0,0.0,10,0.316
POL-2020069,INS-10069,Community Bank,CFPB,Northeast,2022,Hybrid,In-House,196424,1.0,1,31953.0,25242.0,4.724729421045731,-0.6691385515978742,0.49949999999999994,0.5005000000000001,12.702702702702702,Moderate,0.0,0.0,1,0,0.12710498950267232,0.1342882721575649,0.016266666666666665,1.0986122886681098,1,1,0,0.999315537303217,0.16267360404023948,0.7899727725096235,15,0.244
POL-2020070,INS-10070,Community Bank,SEC,Northeast,2023,Azure,Other,104971,0.0,0,0.0,0.0,4.237000862623624,-1.0295063740009405,0.69575,0.30425,13.75,Moderate,0.7875884839112379,0.0,1,0,-0.010454344082116818,0.14662756598240467,0.0194,0.6931471805599453,0,0,0,0.999315537303217,0.0,0.0,10,0.194
POL-2020071,INS-10071,Community Bank,OCC,West,2024,Azure,Jack Henry,54389,1.0,1,69852.0,0.0,5.122772794033106,-0.4338121482864074,0.6467499999999999,0.35325000000000006,2.058823529411765,Low,0.0,0.0,1,0,-0.7997329773030707,0.005995203836930456,0.041,1.3862943611198906,1,0,0,0.999315537303217,1.2843038114324588,0.0,1,0.041
POL-2020072,INS-10072,Regional Bank,FRB,Midwest,2020,AWS,Fiserv,1923082,0.0,0,0.0,0.0,7.089743446874854,0.6181881586943141,0.6657500000000001,0.33424999999999994,34.0,Extreme,0.0,0.0,1,0,-0.1706679622396603,0.00834306691139663,0.026600000000000002,0.0,0,0,0,0.999315537303217,0.0,0.0,10,0.266
POL-2020073,INS-10073,Regional Bank,OCC,Southeast,2020,Hybrid,Fiserv,125887,0.0,0,0.0,0.0,5.969218938160663,-0.0359993438042262,0.614,0.386,5.3125,Low,0.0,0.0,1,0,-0.44370271473075207,0.00256278831368529,0.025,1.0986122886681098,1,1,0,0.999315537303217,0.0,0.0,1,0.025
POL-2020074,INS-10074,Community Bank,FINRA,West,2024,On-Prem,Temenos,59329,1.0,1,84405.0,60193.0,3.8753590210565547,-1.2239747590437253,0.54225,0.45775,15.714285714285714,High,0.0,0.0,1,0,-0.6824614646873681,0.211864406779661,0.0496,0.0,0,0,0,0.999315537303217,1.422660081916095,0.7131449558675433,10,0.496
POL-2020075,INS-10075,Hedge Fund,FDIC,Southeast,2023,Azure,Unknown,512016,0.0,0,0.0,0.0,5.401776074916267,-0.6117479484173612,0.8604999999999999,0.13950000000000007,23.61111111111111,Extreme,0.0,0.0,0,0,0.2521179745649682,0.04528985507246377,0.0076,0.0,0,0,1,0.999315537303217,0.0,0.0,10,0.076
POL-2020076,INS-10076,Community Bank,NCUA,National,2024,On-Prem,Finastra,22068,0.0,0,0.0,0.0,4.139955073474153,-1.0626964539862962,0.8272499999999999,0.17275000000000007,2.3684210526315788,Low,1.3009400518311534,0.0,1,0,-0.5994659546061415,0.016181229773462785,0.032,0.0,0,0,0,0.999315537303217,0.0,0.0,1,0.032
POL-2020077,INS-10077,Insurance Carrier,FINRA,Southwest,2023,AWS,Unknown,34041307,0.0,0,0.0,0.0,8.709382567408541,1.2511292418001938,0.47275,0.52725,15.454545454545453,High,0.0,0.0,0,0,0.33822837711315806,0.01650573574317075,0.02177,0.0,0,0,1,0.999315537303217,0.0,0.0,100,2.177
POL-2020078,INS-10078,Credit Union,NCUA,Midwest,2021,Hybrid,Finastra,21316,0.0,0,0.0,0.0,3.758871825933971,-1.6228494259658452,0.638,0.362,20.54054054054054,High,1.2817143367794614,0.0,1,0,-0.6039397491318511,0.0477326968973747,0.0355,0.6931471805599453,0,1,0,0.999315537303217,0.0,0.0,2,0.071
POL-2020079,INS-10079,Asset Manager,NCUA,West,2022,AWS,Unknown,7427551,0.0,0,0.0,0.0,7.225918058687505,0.5331687931462366,0.51225,0.48775,7.5675675675675675,Low,0.0,0.0,2,0,-0.042278966011007446,0.07280139778683752,0.03887,0.6931471805599453,0,0,1,0.999315537303217,0.0,0.0,100,3.887
POL-2020080,INS-10080,Broker-Dealer,SEC,National,2020,GCP,Unknown,5346919,0.0,0,0.0,0.0,6.677083461247136,0.11972302947211984,0.76925,0.23075,23.191489361702132,Extreme,0.0,0.0,0,0,0.07877132326358094,0.12610340479192939,0.03343,0.0,0,0,1,0.999315537303217,0.0,0.0,100,3.343
POL-2020081,INS-10081,Community Bank,FRB,West,2024,On-Prem,Temenos,466161,0.0,0,0.0,0.0,4.72384171570559,-0.669045650955015,0.5535,0.4465,10.37037037037037,Moderate,1.6150329307046725,0.5,1,0,0.48488106994412383,0.44802867383512546,0.00962,0.0,0,0,0,0.999315537303217,0.0,0.0,50,0.481
POL-2020082,INS-10082,Investment Bank,FRB,Southwest,2022,On-Prem,Jack Henry,18548775,0.0,0,0.0,0.0,8.273260025894471,1.254317942300637,0.9317500000000002,0.06824999999999981,5.8,Low,0.0,0.0,1,0,-0.1715497266735887,0.012765848801286799,0.03912,0.6931471805599453,0,0,0,0.999315537303217,0.0,0.0,50,1.956
POL-2020083,INS-10083,Asset Manager,State,Northeast,2022,Hybrid,Unknown,214612,0.0,0,0.0,0.0,6.060524083039477,-0.23514257534958785,0.8045000000000001,0.1954999999999999,14.871794871794872,High,0.6931471805599453,0.0,1,0,-0.7263251518910857,0.004677268475210477,0.041,0.0,0,1,1,0.999315537303217,0.0,0.0,2,0.082
POL-2020084,INS-10084,Asset Manager,OCC,West,2024,Azure,Unknown,996196,0.0,0,0.0,0.0,6.737915499690239,0.01923973165240319,0.59775,0.40225,8.709677419354838,Moderate,0.0,0.0,2,0,-0.07568900818157112,0.0059326056003796875,0.0174,0.6931471805599453,0,0,1,0.999315537303217,0.0,0.0,5,0.087
POL-2020085,INS-10085,Insurance Carrier,FINRA,National,2020,Azure,Unknown,6675041,0.0,0,0.0,0.0,8.264929741528176,1.0562400242207195,0.858,0.14200000000000002,3.8461538461538463,Low,0.0,0.0,0,0,-0.462167739720746,0.002574532722310901,0.0397,0.0,0,0,1,0.999315537303217,0.0,0.0,10,0.397
POL-2020086,INS-10086,Investment Bank,FDIC,Southwest,2021,GCP,In-House,31188870,0.0,0,0.0,0.0,8.202783771036776,1.3293975960417137,0.6925,0.3075,5.625,Low,4.470213801785714,0.8,0,0,0.5106805355466251,0.027396509684666174,0.01402,0.0,0,0,0,0.999315537303217,0.0,0.0,100,1.402
POL-2020087,INS-10087,Fintech-Lending,CFPB,Southeast,2023,Hybrid,Unknown,323298,0.0,0,0.0,0.0,5.091908014224992,-0.9458615224694485,0.688,0.31200000000000006,13.333333333333332,Moderate,0.0,0.0,0,0,-0.29082817585781773,0.06184291898577613,0.032,0.6931471805599453,0,1,1,0.999315537303217,0.0,0.0,10,0.32
POL-2020088,INS-10088,Fintech-Lending,SEC,Midwest,2022,AWS,Unknown,7837937,0.0,0,0.0,0.0,6.799501693541883,0.04707793161835059,0.7755,0.22450000000000003,12.1875,Moderate,0.8109822012551361,0.0,0,0,0.008010308577332537,0.11155734047300313,0.036610000000000004,0.0,0,0,1,0.999315537303217,0.0,0.0,100,3.661
POL-2020089,INS-10089,Hedge Fund,CFPB,West,2023,On-Prem,Unknown,783707,0.0,0,0.0,0.0,5.8766147054290405,-0.4941780203366834,0.7965,0.20350000000000001,28.055555555555554,Extreme,0.0,0.0,1,0,-0.3798357415008973,0.028121484814398197,0.036,0.6931471805599453,0,0,1,0.999315537303217,0.0,0.0,10,0.36
POL-2020090,INS-10090,Community Bank,State,Northeast,2021,On-Prem,Jack Henry,86929,0.0,0,0.0,0.0,4.986342601527212,-0.590026210464612,0.6475,0.35250000000000004,8.0,Low,0.0,0.0,1,0,-0.09214624668414317,0.013755158184319119,0.0125,0.0,0,0,0,0.999315537303217,0.0,0.0,2,0.025
POL-2020091,INS-10091,National Bank,OCC,Southwest,2021,Hybrid,FIS,89847975,0.0,0,0.0,0.0,9.512709066079587,1.9828132128223848,0.7485,0.25149999999999995,2.7450980392156863,Low,0.0,0.0,1,0,-0.16154910397273403,0.00739120151371807,0.04423,0.6931471805599453,0,1,0,0.999315537303217,0.0,0.0,100,4.423
POL-2020092,INS-10092,Regional Bank,SEC,Midwest,2021,On-Prem,Finastra,731439,0.0,0,0.0,0.0,5.776103136235827,-0.12601739660954336,0.6577500000000001,0.34224999999999994,6.341463414634147,Low,0.0,0.0,1,0,-0.2151990090562143,0.07776049766718507,0.0356,0.0,0,0,0,0.999315537303217,0.0,0.0,25,0.89
POL-2020093,INS-10093,Fintech-Lending,CFPB,West,2024,AWS,Unknown,178059,0.0,0,0.0,0.0,4.432006566978902,-0.9559108593469744,0.8170000000000001,0.18299999999999994,8.0,Low,0.0,0.0,0,0,-0.41543876775812927,0.12033694344163659,0.0376,0.0,0,0,1,0.999315537303217,0.0,0.0,10,0.376
POL-2020094,INS-10094,Insurance Carrier,FDIC,Southwest,2022,Azure,Unknown,20664567,1.0,1,139925.0,4058.0,8.88527483093659,1.4460456998727655,0.61625,0.38375000000000004,7.0,Low,0.0,0.0,0,0,0.33397767096158715,0.0034607824136880863,0.010920000000000001,0.0,0,0,1,0.999315537303217,0.006771252453535562,0.029001250670001786,25,0.273
POL-2020095,INS-10095,Regional Bank,FRB,Southeast,2020,On-Prem,Finastra,555904,1.0,1,733763.0,322839.0,6.357322200621367,0.3035815071121241,0.5250000000000001,0.47499999999999987,10.909090909090908,Moderate,0.0,0.0,1,0,-0.3160094354178862,0.00868507903421921,0.028199999999999996,0.6931471805599453,0,0,0,0.999315537303217,1.3199455301634815,0.43997721335090484,5,0.141
POL-2020096,INS-10096,Community Bank,FINRA,Southwest,2020,Azure,Finastra,58732,0.0,0,0.0,0.0,4.334672938290411,-0.9220336911120497,0.6637500000000001,0.33624999999999994,2.0689655172413794,Low,0.7797905781299385,0.0,1,0,-0.03563560364218529,0.06640106241699867,0.0156,0.6931471805599453,0,0,0,0.999315537303217,0.0,0.0,5,0.078
POL-2020097,INS-10097,Asset Manager,FRB,Midwest,2020,Hybrid,Unknown,3000740,0.0,0,0.0,0.0,7.305121008833652,0.5921673301246756,0.7195,0.28049999999999997,11.5,Moderate,0.0,0.0,2,0,-0.0968973840324115,0.010088102764140157,0.026333333333333334,0.0,0,1,1,0.999315537303217,0.0,0.0,15,0.395
POL-2020098,INS-10098,Insurance Carrier,NCUA,Northeast,2023,Azure,Unknown,49156138,0.0,0,0.0,0.0,8.09052487565697,0.8758502226554935,0.9575000000000001,0.04249999999999987,2.7450980392156863,Low,0.0,0.0,0,0,0.06622162883845129,0.15326140264835703,0.047024,0.0,0,0,1,0.999315537303217,0.0,0.0,500,23.512
POL-2020099,INS-10099,Community Bank,SEC,Northeast,2022,AWS,Finastra,145822,0.0,0,0.0,0.0,4.279440045898781,-1.0709757720180584,0.45050000000000007,0.5494999999999999,13.414634146341465,Moderate,0.7953863896925372,0.0,1,0,-0.29716440672934075,0.21067415730337077,0.035333333333333335,0.6931471805599453,0,0,0,0.999315537303217,0.0,0.0,15,0.53
POL-2020100,INS-10100,Fintech-Lending,State,National,2022,Azure,Unknown,1090969,0.0,0,0.0,0.0,5.6580875153940715,-0.3994806972880837,0.5710000000000001,0.42899999999999994,13.478260869565215,Moderate,0.6931471805599453,0.0,0,0,-0.40478512387597393,0.08753501400560224,0.04412,0.0,0,0,1,0.999315537303217,0.0,0.0,25,1.103
POL-2020101,INS-10101,Insurance Carrier,SEC,Southwest,2021,AWS,Unknown,28738416,0.0,0,0.0,0.0,9.037842405330865,1.503173158866618,0.718,0.28200000000000003,4.7368421052631575,Low,1.21991739554188,0.0,0,0,-0.41320526739455,0.005942053098186485,0.049980000000000004,0.0,0,0,1,0.999315537303217,0.0,0.0,50,2.499
POL-2020102,INS-10102,Regional Bank,FINRA,Southeast,2022,Hybrid,Other,865166,0.0,0,0.0,0.0,6.664153885765531,0.5037320888640139,0.53425,0.46575,5.714285714285714,Low,0.0,0.0,1,0,-0.6097344020400491,0.006387327542156362,0.0414,0.6931471805599453,0,1,0,0.999315537303217,0.0,0.0,5,0.207
POL-2020103,INS-10103,Asset Manager,NCUA,Midwest,2022,GCP,Unknown,1221714,0.0,0,0.0,0.0,5.812935788552724,-0.6008205787030261,0.80425,0.19574999999999998,42.41379310344828,Extreme,0.0,0.0,1,0,0.2138530325609463,0.14988009592326137,0.0218,0.0,0,0,1,0.999315537303217,0.0,0.0,50,1.09
POL-2020104,INS-10104,Regional Bank,State,West,2021,AWS,Jack Henry,1239468,0.0,0,0.0,0.0,6.439190613930656,0.1640730340612926,0.7885000000000001,0.2114999999999999,2.5806451612903225,Low,0.0,0.0,1,0,-0.2037064628041072,0.024003840614498322,0.031133333333333336,0.6931471805599453,0,0,0,0.999315537303217,0.0,0.0,15,0.467
POL-2020105,INS-10105,Asset Manager,SEC,National,2023,GCP,Unknown,2208518,0.0,0,0.0,0.0,7.032359442206668,0.2316450945922852,0.8777499999999999,0.12225000000000008,4.0540540540540535,Low,0.0,0.0,2,0,0.27693439166852307,0.013254396041353715,0.009533333333333333,0.6931471805599453,0,0,1,0.999315537303217,0.0,0.0,15,0.143
POL-2020106,INS-10106,Regional Bank,FDIC,National,2024,On-Prem,Other,218049,0.0,0,0.0,0.0,5.8630628323034575,-0.11688292797116279,0.6177499999999999,0.3822500000000001,41.42857142857143,Extreme,0.0,0.0,1,0,-0.10327219238952809,0.005701254275940707,0.013,0.0,0,0,0,0.999315537303217,0.0,0.0,2,0.026
POL-2020107,INS-10107,Investment Bank,OCC,West,2021,On-Prem,Fiserv,204483838,2.0,1,1044080.0,476398.0,9.426918417448228,2.0001683071407523,0.58325,0.41674999999999995,16.818181818181817,High,2.176015256763321,0.3333333333333333,1,0,0.27380141183775064,0.020133363399156008,0.032072,0.6931471805599453,0,0,0,0.999315537303217,0.005105929203069829,0.45628495900697263,250,8.018
POL-2020108,INS-10108,Insurance Carrier,FRB,Southwest,2024,AWS,Unknown,3526639,0.0,0,0.0,0.0,7.643770359769258,0.6323861374761903,0.6737500000000001,0.32624999999999993,29.666666666666668,Extreme,0.0,0.0,0,0,-0.29123056901980215,0.0071887280743793735,0.03506666666666667,0.0,0,0,1,0.999315537303217,0.0,0.0,15,0.526
POL-2020109,INS-10109,Credit Union,NCUA,Southwest,2022,Azure,Temenos,81289,1.0,1,19594.0,0.0,4.541164856012179,-1.1502323802129657,0.5615,0.4385,11.153846153846153,Moderate,2.3272416587300166,0.25,1,0,-0.40946737934311983,0.05387931034482759,0.0324,0.0,0,0,0,0.999315537303217,0.241041223289744,0.0,5,0.162
POL-2020110,INS-10110,Insurance Carrier,FINRA,Northeast,2024,On-Prem,Unknown,30360505,0.0,0,0.0,0.0,8.645058562414134,1.1928017541513165,0.79675,0.20325000000000004,19.25925925925926,High,0.0,0.0,0,0,-0.2812642797626763,0.017602534765006162,0.04961,0.0,0,0,1,0.999315537303217,0.0,0.0,100,4.961
POL-2020111,INS-10111,Broker-Dealer,SEC,Southeast,2020,AWS,Unknown,496184,0.0,0,0.0,0.0,6.107913359751229,-0.21416884865948813,0.755,0.245,19.545454545454543,High,1.2020649458510235,0.0,1,0,-0.600833645475741,0.011150758251561107,0.040999999999999995,0.6931471805599453,0,0,1,0.999315537303217,0.0,0.0,5,0.205
POL-2020112,INS-10112,Hedge Fund,OCC,Southeast,2021,Azure,Unknown,557834,1.0,1,44331.0,26159.0,6.761109698640652,0.18398534845470527,0.6074999999999999,0.39250000000000007,5.6,Low,0.0,0.0,1,0,-0.39254678072953697,0.0023185717597959655,0.026,0.0,0,0,1,0.999315537303217,0.0794698781357895,0.5900836886151902,2,0.052
POL-2020113,INS-10113,Regional Bank,OCC,West,2020,AWS,Jack Henry,1122910,1.0,1,266234.0,164905.0,7.1052117233603616,0.6670072408867039,0.787,0.21299999999999997,9.45945945945946,Moderate,0.6931471805599453,0.0,1,0,-0.7298946156582067,0.004107450915961554,0.0468,0.6931471805599453,0,0,0,0.999315537303217,0.23709291038462565,0.6193987244303883,5,0.234
POL-2020114,INS-10114,Insurance Carrier,NCUA,Midwest,2024,Hybrid,Unknown,1390561,0.0,0,0.0,0.0,8.36152135521704,1.043078570315154,0.8335,0.16649999999999998,4.3589743589743595,Low,0.0,0.0,0,0,-0.710725411659991,0.0002337431630124819,0.037,0.0,0,1,1,0.999315537303217,0.0,0.0,1,0.037
POL-2020115,INS-10115,Community Bank,SEC,Southwest,2024,AWS,In-House,774125,0.0,0,0.0,0.0,5.64685932725658,-0.270530371235494,0.8325,0.16749999999999998,9.210526315789473,Moderate,0.7797905781299385,0.0,1,0,-0.050535012616516994,0.08852691218130312,0.0282,0.0,0,0,0,0.999315537303217,0.0,0.0,25,0.705
POL-2020116,INS-10116,Investment Bank,OCC,Midwest,2020,Azure,Finastra,14384873,1.0,1,2008535.0,584576.0,7.895994510168876,1.0895842299318288,0.7205,0.27949999999999997,26.0,Extreme,0.0,0.0,0,0,-0.10835435506700208,0.01861850679575498,0.03628,0.0,0,0,0,0.999315537303217,0.1396282747856029,0.29104596135989663,50,1.814
POL-2020117,INS-10117,Broker-Dealer,FINRA,West,2024,On-Prem,Unknown,180604,1.0,1,253276.0,0.0,5.052416828111211,-0.9048686315370261,0.6512500000000001,0.3487499999999999,12.592592592592592,Moderate,0.0,0.0,1,0,0.05337196200089431,0.032175032175032175,0.011600000000000001,0.0,0,0,1,0.999315537303217,1.4023831144382184,0.0,5,0.058
POL-2020118,INS-10118,Fintech-Lending,CFPB,Southeast,2024,On-Prem,Unknown,214441,0.0,0,0.0,0.0,5.5310151306670585,-0.5825995869050721,0.805,0.19499999999999995,9.310344827586206,Moderate,0.0,0.0,0,0,-0.136650029505683,0.007955449482895784,0.0145,0.0,0,0,1,0.999315537303217,0.0,0.0,2,0.029
POL-2020119,INS-10119,Investment Bank,FRB,National,2020,AWS,Temenos,56456221,0.0,0,0.0,0.0,8.789979876351318,1.5697694052873257,0.9567500000000001,0.0432499999999999,9.019607843137255,Moderate,0.0,0.0,0,0,0.6490873001216139,0.01522742154071051,0.0078000000000000005,0.0,0,0,0,0.999315537303217,0.0,0.0,100,0.78
POL-2020120,INS-10120,Investment Bank,FDIC,Midwest,2022,On-Prem,Other,41490853,0.0,0,0.0,0.0,8.531451063162937,1.4944815467915837,0.45499999999999996,0.545,16.451612903225804,High,0.0,0.0,1,0,0.5164660273134252,0.01972075412163761,0.01376,0.0,0,0,0,0.999315537303217,0.0,0.0,100,1.376
POL-2020121,INS-10121,Credit Union,NCUA,West,2024,Azure,Fiserv,59773,0.0,0,0.0,0.0,4.784988612563928,-1.0810123633324105,0.9947500000000001,0.005249999999999866,6.274509803921569,Low,0.0,0.0,1,0,-0.09214624668414317,0.016849199663016005,0.0125,0.0,0,0,0,0.999315537303217,0.0,0.0,2,0.025
POL-2020122,INS-10122,Regional Bank,FINRA,Southwest,2024,Hybrid,Other,890273,0.0,0,0.0,0.0,5.736894826106403,-0.13931468618757656,0.43699999999999994,0.5630000000000001,3.142857142857143,Low,0.0,0.0,1,0,0.14083125351610432,0.08087997411840828,0.0196,0.6931471805599453,0,1,0,0.999315537303217,0.0,0.0,25,0.49
POL-2020123,INS-10123,Broker-Dealer,FINRA,Midwest,2024,GCP,Unknown,4031944,0.0,0,0.0,0.0,6.199900469549918,-0.13799347274988571,0.627,0.373,8.333333333333334,Moderate,2.18196607332694,0.3333333333333333,1,0,0.4563859205043464,0.20337604230221681,0.01646,0.0,0,0,1,0.999315537303217,0.0,0.0,100,1.646
POL-2020124,INS-10124,Community Bank,FRB,National,2021,AWS,In-House,77969,0.0,0,0.0,0.0,4.382026634673881,-0.9497860916758953,0.83825,0.16174999999999995,7.714285714285714,Low,2.18196607332694,0.3333333333333333,1,0,0.048921583718740363,0.06329113924050633,0.0118,0.0,0,0,0,0.999315537303217,0.0,0.0,5,0.059
POL-2020125,INS-10125,National Bank,FDIC,West,2023,AWS,FIS,71602392,0.0,0,0.0,0.0,9.095322260391915,1.6851942433071108,0.6632500000000001,0.3367499999999999,5.897435897435898,Low,0.0,0.0,1,0,0.36114782526625117,0.011220196353436185,0.020739999999999998,0.0,0,0,0,0.999315537303217,0.0,0.0,100,2.074
POL-2020126,INS-10126,Regional Bank,FRB,West,2020,On-Prem,Temenos,2163634,0.0,0,0.0,0.0,7.048125731829413,0.5082826789454056,0.7745,0.22550000000000003,8.03921568627451,Moderate,0.6931471805599453,0.0,1,0,-0.24821024562564686,0.013046881795250934,0.033133333333333334,1.0986122886681098,1,0,0,0.999315537303217,0.0,0.0,15,0.497
POL-2020127,INS-10127,Regional Bank,NCUA,West,2023,GCP,In-House,1392170,0.0,0,0.0,0.0,6.4853983032037545,0.33488357204071434,0.6947500000000001,0.3052499999999999,10.666666666666666,Moderate,0.0,0.0,1,0,-0.2051899222314918,0.02291825821237586,0.031200000000000002,0.0,0,0,0,0.999315537303217,0.0,0.0,15,0.468
POL-2020128,INS-10128,Hedge Fund,FRB,Midwest,2020,GCP,Unknown,2313042,0.0,0,0.0,0.0,5.627261336748458,-0.5541446673437854,0.8430000000000001,0.15699999999999992,11.666666666666666,Moderate,0.6931471805599453,0.0,1,0,-0.1766803901320576,0.36114120621162876,0.04491,0.0,0,0,1,0.999315537303217,0.0,0.0,100,4.491
POL-2020129,INS-10129,Investment Bank,OCC,National,2021,On-Prem,FIS,66375065,1.0,1,237400.0,0.0,8.90308124678437,1.6546768894157848,0.6020000000000001,0.3979999999999999,15.555555555555555,High,0.7875884839112379,0.0,1,0,-0.06608848982053128,0.013598781549173194,0.03994,0.0,0,0,0,0.999315537303217,0.003576644331723065,0.0,100,3.994
POL-2020130,INS-10130,Fintech-Lending,SEC,Southwest,2024,GCP,Unknown,642364,0.0,0,0.0,0.0,6.1023348559394055,-0.2101963469263299,0.8137500000000001,0.18624999999999992,1.9444444444444444,Low,0.0,0.0,0,0,-0.5340779712434314,0.01121327651939897,0.038,0.6931471805599453,0,0,1,0.999315537303217,0.0,0.0,5,0.19
POL-2020131,INS-10131,Community Bank,CFPB,Northeast,2024,AWS,Temenos,126820,1.0,1,76875.0,4912.0,4.215086179918229,-0.9447204583552095,0.685,0.31499999999999995,14.0,Moderate,0.0,0.0,1,0,0.13007190835744165,0.22488755622188905,0.016133333333333333,0.0,0,0,0,0.999315537303217,0.6061741050307522,0.06389593495934959,15,0.242
POL-2020132,INS-10132,Asset Manager,CFPB,Northeast,2023,Hybrid,Unknown,725614,0.0,0,0.0,0.0,6.488900933754956,-0.20095965210919306,0.7125,0.2875,13.2,Moderate,0.0,0.0,2,0,-0.5830321323471253,0.007612667478684531,0.0402,0.0,0,1,1,0.999315537303217,0.0,0.0,5,0.201
POL-2020133,INS-10133,Community Bank,FRB,Southeast,2022,Azure,FIS,371622,0.0,0,0.0,0.0,4.104294893075269,-1.103202864446273,0.7295,0.27049999999999996,3.157894736842105,Low,0.0,0.0,1,0,-0.011571355864144928,1.6778523489932886,0.03749,0.6931471805599453,0,0,0,0.999315537303217,0.0,0.0,100,3.749
POL-2020134,INS-10134,Community Bank,NCUA,West,2020,Hybrid,Other,194629,1.0,1,5874.0,3171.0,5.113191882421348,-0.517089127587864,0.5880000000000001,0.4119999999999999,94.81481481481481,Extreme,0.0,0.0,1,0,-0.33310676953828056,0.060532687651331726,0.0339,0.6931471805599453,0,1,0,0.999315537303217,0.030180497253749442,0.5398365679264555,10,0.339
POL-2020135,INS-10135,Hedge Fund,CFPB,Northeast,2024,On-Prem,Unknown,7872191,0.0,0,0.0,0.0,6.255174060168853,-0.05314303109567223,0.7917500000000001,0.20824999999999994,5.9375,Low,0.6931471805599453,0.0,1,0,0.1676153860255566,0.4810467577448528,0.036844,0.0,0,0,1,0.999315537303217,0.0,0.0,250,9.211
POL-2020136,INS-10136,Community Bank,NCUA,Southwest,2020,AWS,FIS,26190,0.0,0,0.0,0.0,4.290459441148391,-0.9035676276248893,0.9692500000000001,0.030749999999999944,10.4,Moderate,1.0986122886681098,0.0,1,0,-0.44370271473075207,0.013888888888888888,0.025,0.0,0,0,0,0.999315537303217,0.0,0.0,1,0.025
POL-2020137,INS-10137,Broker-Dealer,FINRA,National,2020,AWS,Unknown,2758100,0.0,0,0.0,0.0,7.487677768827454,0.48903617878676453,0.56325,0.43674999999999997,6.31578947368421,Low,0.0,0.0,1,0,0.2832706225400461,0.005602554764972827,0.0062,0.6931471805599453,0,0,1,0.999315537303217,0.0,0.0,10,0.062
POL-2020138,INS-10138,Broker-Dealer,SEC,Midwest,2022,AWS,Unknown,1017040,1.0,1,407904.0,0.0,6.447464328590194,-0.019968361512051686,0.8655,0.13449999999999995,8.0,Low,1.4729377586898837,0.0,1,0,-0.1728931513807372,0.015870496746548165,0.0267,0.0,0,0,1,0.999315537303217,0.40106977110044834,0.0,10,0.267
POL-2020139,INS-10139,Community Bank,FRB,Midwest,2023,GCP,Jack Henry,157071,0.0,0,0.0,0.0,4.597138014290827,-0.8677658775428222,0.6315,0.36850000000000005,9.67741935483871,Moderate,1.2080157624146421,0.0,1,0,-0.3486830935258195,0.10183299389002036,0.0346,0.0,0,0,0,0.999315537303217,0.0,0.0,10,0.346
POL-2020140,INS-10140,Broker-Dealer,FINRA,National,2020,On-Prem,Unknown,610864,0.0,0,0.0,0.0,6.380630882246644,0.046395097670106945,0.6735,0.3265,1.1764705882352942,Low,1.482757343747816,0.0,1,0,-0.5785817540649713,0.008484642796538266,0.04,0.6931471805599453,0,0,1,0.999315537303217,0.0,0.0,5,0.2
POL-2020141,INS-10141,Broker-Dealer,SEC,Midwest,2024,On-Prem,Unknown,149417,0.0,0,0.0,0.0,5.627261336748458,-0.5797445150404551,0.65575,0.34424999999999994,3.939393939393939,Low,1.3862943611198906,0.0,0,0,-0.7329773030707609,0.003611412062116288,0.038,0.0,0,0,1,0.999315537303217,0.0,0.0,1,0.038
POL-2020142,INS-10142,Regional Bank,FRB,National,2024,Hybrid,In-House,1107029,1.0,1,98761.0,15629.0,6.0112671744041615,-0.03947338963619587,0.6912499999999999,0.3087500000000001,7.647058823529412,Low,0.0,0.0,1,0,-0.3860935350909274,0.06142506142506143,0.043280000000000006,0.0,0,1,0,0.999315537303217,0.08921265838564302,0.15825072650135175,25,1.082
POL-2020143,INS-10143,Asset Manager,FINRA,Southwest,2020,Azure,Unknown,690935,1.0,1,2129273.0,1427414.0,7.059016072822721,0.2792939966780607,0.77675,0.22324999999999995,5.185185185185185,Low,0.0,0.0,2,0,-0.39254678072953697,0.001720726146433795,0.026,0.0,0,0,1,0.999315537303217,3.0817269352399284,0.6703762270033011,2,0.052
POL-2020144,INS-10144,Regional Bank,OCC,National,2020,Hybrid,Jack Henry,1405136,1.0,1,2750618.0,588869.0,6.812235077124725,0.397191489414388,0.7817500000000001,0.21824999999999994,4.6875,Low,0.0,0.0,1,0,-0.4488166048742842,0.01101442890186144,0.0391,0.6931471805599453,0,1,0,0.999315537303217,1.9575457464615524,0.2140860708393532,10,0.391
POL-2020145,INS-10145,Community Bank,State,Midwest,2024,Azure,In-House,50465,0.0,0,0.0,0.0,3.927896354584436,-1.2369473787334955,0.62975,0.37024999999999997,6.4,Low,0.0,0.0,1,0,-0.4584215404468137,0.10040160642570281,0.0346,0.6931471805599453,0,0,0,0.999315537303217,0.0,0.0,5,0.173
POL-2020146,INS-10146,Insurance Carrier,FINRA,Midwest,2023,Hybrid,Unknown,68411950,0.0,0,0.0,0.0,8.70723487122533,1.278006211718608,0.59025,0.40974999999999995,23.21428571428571,Extreme,0.0,0.0,0,0,0.7180381719623612,0.04135307253328922,0.012108,0.6931471805599453,0,1,1,0.999315537303217,0.0,0.0,250,3.027
POL-2020147,INS-10147,Community Bank,FRB,Southeast,2023,Hybrid,Other,44479,0.0,0,0.0,0.0,4.056988775678332,-1.0565748780428361,0.6875000000000001,0.3124999999999999,5.652173913043478,Low,1.1961141292874042,0.0,1,0,-0.41391775762527394,0.08802816901408451,0.032600000000000004,0.6931471805599453,0,1,0,0.999315537303217,0.0,0.0,5,0.163
POL-2020148,INS-10148,Broker-Dealer,SEC,Southeast,2022,GCP,Unknown,2438198,0.0,0,0.0,0.0,6.819251880390734,0.17198897992270598,0.906,0.09399999999999997,53.46938775510205,Extreme,0.0,0.0,1,0,-0.3431516489782652,0.01640599365634912,0.0374,0.0,0,0,1,0.999315537303217,0.0,0.0,15,0.561
POL-2020149,INS-10149,Fintech-Lending,CFPB,Northeast,2020,On-Prem,Unknown,536162,0.0,0,0.0,0.0,5.571393286610456,-0.4241541359670276,0.7305,0.26949999999999996,10.714285714285714,Moderate,0.0,0.0,0,0,-0.15064125996996724,0.03819709702062643,0.0257,0.0,0,0,1,0.999315537303217,0.0,0.0,10,0.257
POL-2020150,INS-10150,Community Bank,FDIC,National,2020,GCP,In-House,21897,0.0,0,0.0,0.0,4.119037174812473,-0.9349527536103913,0.795,0.20499999999999996,6.944444444444445,Low,0.0,0.0,1,0,-0.6439697374276814,0.01652892561983471,0.034,0.0,0,0,0,0.999315537303217,0.0,0.0,1,0.034
POL-2020151,INS-10151,Community Bank,NCUA,Southwest,2023,AWS,Finastra,28478,0.0,0,0.0,0.0,3.8958936234982624,-1.2332614109204165,0.44175,0.55825,23.75,Extreme,0.0,0.0,1,0,-0.10327219238952809,0.04149377593360996,0.013,0.0,0,0,0,0.999315537303217,0.0,0.0,2,0.026
POL-2020152,INS-10152,Community Bank,State,Northeast,2021,GCP,Other,126040,0.0,0,0.0,0.0,4.436751534363128,-0.7960911930094813,0.68775,0.31225,15.833333333333334,High,0.0,0.0,1,0,-0.5623012510692107,0.11976047904191617,0.0442,0.0,0,0,0,0.999315537303217,0.0,0.0,10,0.442
POL-2020153,INS-10153,Community Bank,NCUA,West,2024,AWS,Finastra,42851,0.0,0,0.0,0.0,4.4520190064939165,-0.7265776238568004,0.8170000000000001,0.18299999999999994,9.67741935483871,Moderate,0.0,0.0,1,0,-0.4704284006672317,0.02358490566037736,0.0295,0.6931471805599453,0,0,0,0.999315537303217,0.0,0.0,2,0.059
POL-2020154,INS-10154,Insurance Carrier,FINRA,West,2022,On-Prem,Unknown,5231194,0.0,0,0.0,0.0,8.31230695637286,1.0880802237951162,0.63125,0.36875,11.666666666666666,Moderate,0.0,0.0,0,0,-0.4955455768369009,0.0024553735850909716,0.0412,0.0,0,0,1,0.999315537303217,0.0,0.0,10,0.412
POL-2020155,INS-10155,Asset Manager,OCC,Southwest,2022,AWS,Unknown,3856393,0.0,0,0.0,0.0,7.8994502853041695,0.5963646917162971,0.6147500000000001,0.38524999999999987,25.925925925925924,Extreme,0.6931471805599453,0.0,2,0,-0.2886029867167407,0.0037108505269407748,0.0319,0.0,0,0,1,0.999315537303217,0.0,0.0,10,0.319
POL-2020156,INS-10156,Community Bank,FINRA,National,2020,AWS,In-House,17931,0.0,0,0.0,0.0,3.929862923556477,-1.1910509347590337,0.79375,0.20625000000000004,14.11764705882353,High,0.8343759185990343,0.0,1,0,-0.8219848687138407,0.02004008016032064,0.042,0.0,0,0,0,0.999315537303217,0.0,0.0,1,0.042
POL-2020157,INS-10157,Community Bank,FRB,National,2020,On-Prem,Temenos,194222,1.0,1,144888.0,34900.0,5.239628370199357,-0.44502117448565776,0.74875,0.25125,30.0,Extreme,0.0,0.0,1,0,-0.40056662277881194,0.026652452025586356,0.032,0.0,0,0,0,0.999315537303217,0.7459917002193366,0.24087571089393187,5,0.16
POL-2020158,INS-10158,Regional Bank,FINRA,Northeast,2023,GCP,Jack Henry,366217,0.0,0,0.0,0.0,6.297477576244487,0.007043388829620079,0.66425,0.33575,10.96774193548387,Moderate,2.56705347033239,0.2,1,0,-0.5816878577210813,0.003688675765400221,0.0345,0.0,0,0,0,0.999315537303217,0.0,0.0,2,0.069
POL-2020159,INS-10159,Hedge Fund,SEC,Northeast,2022,GCP,Unknown,733120,0.0,0,0.0,0.0,5.627980761239919,-0.691219128363918,0.55375,0.44625000000000004,12.499999999999998,Moderate,0.0,0.0,1,0,0.18199298831590477,0.05413208228076506,0.0138,0.0,0,0,1,0.999315537303217,0.0,0.0,15,0.207
POL-2020160,INS-10160,Investment Bank,FRB,Southwest,2023,On-Prem,In-House,87617571,0.0,0,0.0,0.0,8.834904829069698,1.5957381692430446,0.7297500000000001,0.2702499999999999,5.813953488372094,Low,0.0,0.0,0,0,0.47869682794812,0.036395929479247045,0.022864000000000002,0.6931471805599453,0,0,0,0.999315537303217,0.0,0.0,250,5.716
POL-2020161,INS-10161,Community Bank,FRB,West,2020,GCP,Jack Henry,17053,0.0,0,0.0,0.0,3.9435216724875173,-1.2179627588681856,0.84375,0.15625,17.941176470588236,High,0.0,0.0,1,0,-0.44370271473075207,0.019762845849802372,0.025,0.0,0,0,0,0.999315537303217,0.0,0.0,1,0.025
POL-2020162,INS-10162,Community Bank,NCUA,Midwest,2023,AWS,Temenos,178676,0.0,0,0.0,0.0,5.322033893165353,-0.3024000175704747,0.669,0.33099999999999996,4.705882352941177,Low,0.0,0.0,1,0,0.08452460997597225,0.02453385672227674,0.010199999999999999,0.0,0,0,0,0.999315537303217,0.0,0.0,5,0.051
POL-2020163,INS-10163,Broker-Dealer,SEC,National,2023,On-Prem,Unknown,9488861,0.0,0,0.0,0.0,6.663643421231731,0.13616494181958325,0.7072499999999999,0.29275000000000007,10.833333333333334,Moderate,0.8031842954738366,0.0,1,0,0.19663185242520054,0.31952965235173825,0.03554,0.0,0,0,1,0.999315537303217,0.0,0.0,250,8.885
POL-2020164,INS-10164,Broker-Dealer,FINRA,Northeast,2020,Azure,Unknown,639334,0.0,0,0.0,0.0,5.877735781779639,-0.38268951630029807,0.7272500000000001,0.27274999999999994,117.5,Extreme,0.0,0.0,1,0,0.29884694652758503,0.028089887640449437,0.0055,0.6931471805599453,0,0,1,0.999315537303217,0.0,0.0,10,0.055
POL-2020165,INS-10165,National Bank,FRB,Midwest,2024,AWS,Temenos,357632456,0.0,0,0.0,0.0,10.186110599671963,2.3919984510848433,0.81525,0.18474999999999997,19.72972972972973,High,0.0,0.0,1,0,0.4456750210945375,0.00942290368661684,0.024347999999999998,0.6931471805599453,0,0,0,0.999315537303217,0.0,0.0,250,6.087
POL-2020166,INS-10166,National Bank,FRB,West,2022,Hybrid,Temenos,161402239,0.0,0,0.0,0.0,10.379613029972525,2.3475631879202106,0.6785000000000001,0.3214999999999999,4.838709677419355,Low,0.0,0.0,1,0,0.21607822170202323,0.0015530120669037598,0.0217,0.0,0,1,0,0.999315537303217,0.0,0.0,50,1.085
POL-2020167,INS-10167,Insurance Carrier,FINRA,Northeast,2021,Azure,Unknown,62856051,1.0,1,119244.0,3361.0,8.845374006147898,1.3964831679683967,0.5567500000000001,0.4432499999999999,30.769230769230766,Extreme,0.0,0.0,0,0,0.5351276245658325,0.03601682706160318,0.020328,0.0,0,0,1,0.999315537303217,0.0018970965897937178,0.028185904531884205,250,5.082
POL-2020168,INS-10168,Credit Union,NCUA,Midwest,2023,GCP,In-House,146004,0.0,0,0.0,0.0,4.523960130562548,-1.2142459284341207,0.8045000000000001,0.1954999999999999,7.096774193548387,Low,0.7797905781299385,0.0,1,0,-0.5879224544967342,0.1644736842105263,0.0484,0.0,0,0,0,0.999315537303217,0.0,0.0,15,0.726
POL-2020169,INS-10169,Community Bank,FRB,Midwest,2022,Azure,Finastra,369218,0.0,0,0.0,0.0,5.313698468586339,-0.3470253777340198,0.70825,0.29174999999999995,17.727272727272727,High,0.0,0.0,1,0,-0.5122660237001166,0.07422068283028205,0.045000000000000005,0.0,0,0,0,0.999315537303217,0.0,0.0,15,0.675
POL-2020170,INS-10170,Regional Bank,CFPB,Southwest,2023,Hybrid,Other,1037944,0.0,0,0.0,0.0,6.536836514626557,0.41164445102188285,0.5249999999999999,0.4750000000000001,26.666666666666668,Extreme,0.6931471805599453,0.0,1,0,-0.5244730356709018,0.014511681903932665,0.042499999999999996,0.0,0,1,0,0.999315537303217,0.0,0.0,10,0.425
POL-2020171,INS-10171,Regional Bank,State,Southwest,2023,Hybrid,Other,1517274,0.0,0,0.0,0.0,6.899319800161035,0.49275766097084667,0.5894999999999999,0.4105000000000001,4.482758620689656,Low,1.2945314801472563,0.0,1,0,-0.3175304455507416,0.010094891984655763,0.0332,0.0,0,1,0,0.999315537303217,0.0,0.0,10,0.332
POL-2020172,INS-10172,Broker-Dealer,SEC,West,2023,Hybrid,Unknown,1395522,0.0,0,0.0,0.0,6.499185355920494,-0.08661442769620226,0.6872499999999999,0.3127500000000001,11.428571428571429,Moderate,0.0,0.0,0,0,-0.6557591949944442,0.01506931886678722,0.0484,0.0,0,1,1,0.999315537303217,0.0,0.0,10,0.484
POL-2020173,INS-10173,Investment Bank,OCC,National,2020,GCP,Fiserv,3632653,0.0,0,0.0,0.0,8.402657377822958,1.3808017635429677,0.48850000000000005,0.5115,4.285714285714286,Low,0.0,0.0,1,0,-0.9043402831772451,0.00044864173714080624,0.049,0.0,0,0,0,0.999315537303217,0.0,0.0,2,0.098
POL-2020174,INS-10174,Community Bank,SEC,Southeast,2020,GCP,In-House,363044,0.0,0,0.0,0.0,5.180096735160606,-0.2486307507901521,0.78425,0.21575,8.387096774193548,Moderate,2.1046054579998943,0.3333333333333333,1,0,-0.48853067286196206,0.08488964346349746,0.04393333333333334,0.6931471805599453,0,0,0,0.999315537303217,0.0,0.0,15,0.659
POL-2020175,INS-10175,Broker-Dealer,FINRA,West,2024,AWS,Unknown,519689,0.0,0,0.0,0.0,6.472037127702952,-0.0859140872634956,0.80225,0.19774999999999998,1.0344827586206897,Low,1.7328679513998633,0.5,0,0,-0.5483100206049264,0.0030969340353050484,0.033,0.0,0,0,1,0.999315537303217,0.0,0.0,2,0.066
POL-2020176,INS-10176,Regional Bank,State,West,2024,AWS,In-House,273431,1.0,1,8249.0,4775.0,6.003887067106539,-0.09244563057410676,0.6645000000000001,0.3354999999999999,17.36842105263158,High,0.0,0.0,1,0,-0.136650029505683,0.0049504950495049506,0.0145,0.0,0,0,0,0.999315537303217,0.030168488576642737,0.5788580433991999,2,0.029
POL-2020177,INS-10177,Community Bank,State,Midwest,2022,AWS,Temenos,311273,1.0,1,3711.0,726.0,4.787491742782046,-0.5723773074486376,0.6725,0.3275,33.333333333333336,Extreme,0.0,0.0,1,0,-0.19383719330187515,0.21008403361344538,0.03464,0.0,0,0,0,0.999315537303217,0.011922010582350541,0.19563459983831852,25,0.866
POL-2020178,INS-10178,Investment Bank,FRB,Midwest,2023,GCP,In-House,5103557,0.0,0,0.0,0.0,7.6292955340433,0.812622569617086,0.6975000000000001,0.3024999999999999,5.434782608695652,Low,0.6931471805599453,0.0,0,0,-0.4999959551190549,0.004862394242925216,0.0414,0.6931471805599453,0,0,0,0.999315537303217,0.0,0.0,10,0.414
POL-2020179,INS-10179,National Bank,FRB,Southwest,2024,Azure,Fiserv,58206958,0.0,0,0.0,0.0,9.905385749819208,2.159169752699016,0.87325,0.12675000000000003,4.615384615384616,Low,0.6931471805599453,0.0,1,0,0.17020375017832057,0.0012476917702250836,0.01828,0.6931471805599453,0,0,0,0.999315537303217,0.0,0.0,25,0.457
POL-2020180,INS-10180,National Bank,FRB,West,2024,GCP,In-House,79108590,1.0,1,5409089.0,1617135.0,9.160036062066435,1.8833545507752032,0.7682500000000001,0.2317499999999999,4.782608695652173,Low,0.0,0.0,1,0,0.588339636570212,0.01051701653274999,0.01053,0.6931471805599453,0,0,0,0.999315537303217,0.06837549499997408,0.29896623997127797,100,1.053
POL-2020181,INS-10181,Custodian Bank,FRB,West,2023,Azure,Temenos,26448807,0.0,0,0.0,0.0,9.333168437817246,1.920488051156621,0.693,0.30700000000000005,13.333333333333334,Moderate,0.0,0.0,1,0,-0.054985390898670994,0.002211234841985158,0.028399999999999998,0.6931471805599453,0,0,0,0.999315537303217,0.0,0.0,25,0.71
POL-2020182,INS-10182,Regional Bank,NCUA,Midwest,2023,AWS,Finastra,1145514,0.0,0,0.0,0.0,6.451259999761194,0.28529138472985344,0.79,0.20999999999999996,6.153846153846153,Low,0.0,0.0,1,0,0.33033893105437084,0.023715415019762844,0.0071333333333333335,0.0,0,0,0,0.999315537303217,0.0,0.0,15,0.107
POL-2020183,INS-10183,Fintech-Lending,State,West,2022,Hybrid,Unknown,153044,0.0,0,0.0,0.0,5.518656990529513,-0.5603546398049886,0.8635,0.13649999999999995,7.560975609756098,Low,0.0,0.0,0,0,-0.44370271473075207,0.004027386226339105,0.025,0.0,0,1,1,0.999315537303217,0.0,0.0,1,0.025
POL-2020184,INS-10184,Regional Bank,FDIC,National,2024,AWS,Finastra,1890059,0.0,0,0.0,0.0,7.0297073897328834,0.7245260629531683,0.8962500000000001,0.1037499999999999,3.181818181818182,Low,1.2945314801472563,0.0,1,0,-0.6579843841355213,0.008859750155045627,0.0485,0.0,0,0,0,0.999315537303217,0.0,0.0,10,0.485
POL-2020185,INS-10185,National Bank,FDIC,West,2022,Hybrid,Temenos,95549065,0.0,0,0.0,0.0,9.903852485939833,2.2075519295123893,0.908,0.09199999999999997,2.173913043478261,Low,0.0,0.0,1,0,0.15421796358008288,0.002499212747984385,0.02448,0.6931471805599453,0,1,0,0.999315537303217,0.0,0.0,50,1.224
POL-2020186,INS-10186,Insurance Carrier,FRB,Midwest,2023,Hybrid,Unknown,1338195,0.0,0,0.0,0.0,7.837080689126748,0.9310402130182666,0.8425000000000001,0.15749999999999986,2.25,Low,0.0,0.0,0,0,-0.8042067718287804,0.0007899518129394107,0.0445,0.0,0,1,1,0.999315537303217,0.0,0.0,2,0.089
POL-2020187,INS-10187,Broker-Dealer,FINRA,Midwest,2022,On-Prem,Unknown,3742595,0.0,0,0.0,0.0,7.490529402060711,0.45079821221975425,0.85475,0.14525,6.176470588235294,Low,0.0,0.0,1,0,0.1097058695360407,0.00558659217877095,0.014000000000000002,0.0,0,0,1,0.999315537303217,0.0,0.0,10,0.14
POL-2020188,INS-10188,Broker-Dealer,SEC,Midwest,2023,Hybrid,Unknown,789293,0.0,0,0.0,0.0,5.649678215663,-0.5813355898985303,0.661,0.33899999999999997,1.212121212121212,Low,0.6931471805599453,0.0,1,0,0.44612720367186753,0.0882768361581921,0.00588,0.6931471805599453,0,1,1,0.999315537303217,0.0,0.0,25,0.147
POL-2020189,INS-10189,Hedge Fund,State,National,2021,Azure,Unknown,433909,0.0,0,0.0,0.0,5.054333149361975,-0.7245771372366042,0.7729999999999999,0.2270000000000001,5.744680851063831,Low,0.0,0.0,1,0,-0.3965561883641129,0.09633911368015415,0.039799999999999995,0.0,0,0,1,0.999315537303217,0.0,0.0,15,0.597
POL-2020190,INS-10190,Regional Bank,State,National,2020,On-Prem,Fiserv,593022,1.0,1,61992.0,4929.0,6.549936824341326,0.36181953705130027,0.6415,0.35850000000000004,21.538461538461537,High,0.0,0.0,1,0,-0.649787806579435,0.007161271841879117,0.0432,0.0,0,0,0,0.999315537303217,0.10453575078158989,0.07951025938830816,5,0.216
POL-2020191,INS-10191,Asset Manager,CFPB,Southwest,2020,Hybrid,Unknown,1494630,1.0,1,113588.0,52932.0,6.73542365621753,0.06455906071491012,0.6185,0.38149999999999995,11.851851851851851,Moderate,0.0,0.0,1,0,-0.43769065916889915,0.011894849530153443,0.0386,0.0,0,1,1,0.999315537303217,0.0759974040397958,0.465999929570025,10,0.386
POL-2020192,INS-10192,Asset Manager,SEC,Southeast,2024,Azure,Unknown,557378,0.0,0,0.0,0.0,6.439030831234781,0.10535154348998271,0.753,0.247,5.0,Low,1.2817143367794614,0.0,2,0,-0.37831473136804195,0.008002560819462228,0.031,0.0,0,0,1,0.999315537303217,0.0,0.0,5,0.155
POL-2020193,INS-10193,Credit Union,NCUA,National,2022,GCP,Temenos,54125,0.0,0,0.0,0.0,4.859036909945142,-1.001617007805389,0.8609999999999999,0.13900000000000012,3.7142857142857144,Low,0.0,0.0,1,0,-0.637317586248006,0.01563721657544957,0.037,0.6931471805599453,0,0,0,0.999315537303217,0.0,0.0,2,0.074
POL-2020194,INS-10194,Credit Union,NCUA,West,2022,On-Prem,Temenos,155602,0.0,0,0.0,0.0,4.772378104971998,-1.0294943933629945,0.6675,0.3325,2.7777777777777777,Low,0.0,0.0,1,0,-0.15064125996996724,0.08532423208191126,0.0257,0.6931471805599453,0,0,0,0.999315537303217,0.0,0.0,10,0.257
POL-2020195,INS-10195,Fintech-Payments,State,Midwest,2022,On-Prem,Unknown,1406988,0.0,0,0.0,0.0,5.0072963928307415,-0.8983566225848857,0.6492500000000001,0.3507499999999999,11.212121212121211,Moderate,1.0986122886681098,0.0,1,0,0.2739204109360331,0.6734006734006734,0.02466,0.0,0,0,1,0.999315537303217,0.0,0.0,100,2.466
POL-2020196,INS-10196,Community Bank,FRB,Northeast,2024,Hybrid,Finastra,423006,0.0,0,0.0,0.0,5.436774109695053,-0.29986339224420067,0.80275,0.19725000000000004,11.818181818181817,Moderate,1.1901633127237856,0.0,1,0,0.13007190835744165,0.06558810668998688,0.016133333333333333,0.0,0,1,0,0.999315537303217,0.0,0.0,15,0.242
POL-2020197,INS-10197,Credit Union,NCUA,Southwest,2021,On-Prem,Jack Henry,12267,0.0,0,0.0,0.0,3.5380565643793527,-1.5848173138558552,0.5582499999999999,0.4417500000000001,9.35483870967742,Moderate,0.0,0.0,1,0,-0.44370271473075207,0.029940119760479042,0.025,0.0,0,0,0,0.999315537303217,0.0,0.0,1,0.025
POL-2020198,INS-10198,Regional Bank,NCUA,Southwest,2024,Azure,In-House,1637026,2.0,1,23852875.0,14861515.0,6.8970986987936085,0.5263468375201789,0.9145,0.08550000000000002,2.6190476190476195,Low,1.0986122886681098,0.0,1,0,-0.6161081836170428,0.015176042088223391,0.049666666666666665,0.0,0,0,0,0.999315537303217,14.570858984524376,0.6230492131451659,15,0.745
POL-2020199,INS-10199,Community Bank,OCC,Southeast,2020,Azure,Temenos,30014,0.0,0,0.0,0.0,3.2108436531709366,-1.523847128209466,0.6707500000000001,0.32924999999999993,2.307692307692308,Low,1.7328679513998633,0.5,1,0,-0.34645790438474244,0.42016806722689076,0.034499999999999996,0.0,0,0,0,0.999315537303217,0.0,0.0,10,0.345
POL-2020200,INS-10200,Fintech-Lending,CFPB,Northeast,2023,AWS,Unknown,6476293,0.0,0,0.0,0.0,6.544487219573761,-0.1400775034800382,0.7270000000000001,0.2729999999999999,14.878048780487806,High,0.0,0.0,0,0,0.194036120771369,0.14400921658986177,0.02825,0.0,0,0,1,0.999315537303217,0.0,0.0,100,2.825
POL-2020201,INS-10201,Credit Union,NCUA,West,2022,On-Prem,Finastra,238263,1.0,1,5469.0,255.0,3.4210000089583352,-1.7643315443704992,0.6995000000000001,0.3004999999999999,5.454545454545455,Low,0.0,0.0,1,0,0.284304304583634,8.445945945945946,0.0316,0.6931471805599453,0,0,0,0.999315537303217,0.022953626874504224,0.04662643993417444,250,7.9
POL-2020202,INS-10202,Asset Manager,FRB,National,2022,GCP,Unknown,231880,0.0,0,0.0,0.0,6.155706990502031,-0.4110926909733646,0.7270000000000001,0.2729999999999999,24.782608695652172,Extreme,0.0,0.0,2,0,-0.3480429979079972,0.004251700680272109,0.024,0.0,0,0,1,0.999315537303217,0.0,0.0,2,0.048
POL-2020203,INS-10203,Community Bank,FRB,West,2022,On-Prem,Other,312316,0.0,0,0.0,0.0,4.765586907393996,-0.7732851747725605,0.84025,0.15974999999999995,3.7837837837837838,Low,1.725936479594264,0.5,1,0,-0.27750430500636997,0.21477663230240548,0.0384,1.3862943611198906,1,0,0,0.999315537303217,0.0,0.0,25,0.96
POL-2020204,INS-10204,Regional Bank,OCC,Northeast,2020,On-Prem,Jack Henry,1998633,0.0,0,0.0,0.0,7.326136612356848,0.6283922083481076,0.6604999999999999,0.33950000000000014,5.0,Low,0.0,0.0,1,0,-0.35090828266689633,0.006585446163977609,0.034699999999999995,0.0,0,0,0,0.999315537303217,0.0,0.0,10,0.347
POL-2020205,INS-10205,Credit Union,NCUA,Midwest,2022,GCP,In-House,38833,0.0,0,0.0,0.0,3.342861804649192,-1.8008732775759093,0.89075,0.10924999999999996,38.80952380952382,Extreme,0.0,0.0,1,0,-0.4043128220527443,0.3663003663003663,0.0371,0.6931471805599453,0,0,0,0.999315537303217,0.0,0.0,10,0.371
POL-2020206,INS-10206,Regional Bank,SEC,National,2022,GCP,FIS,2043301,0.0,0,0.0,0.0,6.850232092738471,0.4861019329930267,0.8305000000000001,0.16949999999999987,2.75,Low,0.0,0.0,1,0,0.10336963866451776,0.015904994168168804,0.017333333333333333,0.0,0,0,0,0.999315537303217,0.0,0.0,15,0.26
POL-2020207,INS-10207,Credit Union,NCUA,West,2023,On-Prem,Jack Henry,103990,0.0,0,0.0,0.0,4.269697449699962,-1.1597232406556426,0.67475,0.32525000000000004,6.0,Low,0.0,0.0,1,0,-0.003439440107177949,0.2127659574468085,0.022133333333333335,0.6931471805599453,0,0,0,0.999315537303217,0.0,0.0,15,0.332
POL-2020208,INS-10208,Insurance Carrier,NCUA,West,2021,GCP,Unknown,22348500,0.0,0,0.0,0.0,9.150685904407894,1.5244877363275784,0.7712500000000001,0.2287499999999999,2.0833333333333335,Low,1.2020649458510235,0.0,0,0,-0.3976645186245276,0.002653955986793915,0.0438,0.6931471805599453,0,0,1,0.999315537303217,0.0,0.0,25,1.095
POL-2020209,INS-10209,Regional Bank,FRB,Southeast,2024,Hybrid,Jack Henry,1631932,0.0,0,0.0,0.0,6.860768487757801,0.4282923790596356,0.58525,0.41474999999999995,16.666666666666664,High,1.2881229084633585,0.0,1,0,-0.2619007170238168,0.010492078480747036,0.030699999999999998,0.0,0,1,0,0.999315537303217,0.0,0.0,10,0.307
POL-2020210,INS-10210,Insurance Carrier,OCC,Southwest,2023,Azure,Unknown,2412020,0.0,0,0.0,0.0,7.681929298184456,0.7321440732475047,0.7665000000000001,0.23349999999999993,50.357142857142854,Extreme,1.99409357350585,0.0,0,0,0.13347877107966605,0.0023064858381769532,0.008,0.0,0,0,1,0.999315537303217,0.0,0.0,5,0.04
POL-2020211,INS-10211,Regional Bank,OCC,Southwest,2023,AWS,Jack Henry,1219294,0.0,0,0.0,0.0,7.120848494442845,0.7745833385037971,0.79225,0.20775,7.878787878787878,Low,0.0,0.0,1,0,-3.2577384953491606e-05,0.0040436716538617065,0.014000000000000002,0.0,0,0,0,0.999315537303217,0.0,0.0,5,0.07
POL-2020212,INS-10212,Regional Bank,OCC,Northeast,2022,AWS,Temenos,906006,0.0,0,0.0,0.0,6.313185661783185,0.11010812401350607,0.6807500000000001,0.3192499999999999,6.5,Low,0.0,0.0,1,0,-0.42878990260459116,0.01815541031227306,0.0382,0.0,0,0,0,0.999315537303217,0.0,0.0,10,0.382
POL-2020213,INS-10213,Regional Bank,State,Southwest,2023,Hybrid,FIS,621554,0.0,0,0.0,0.0,6.575354741730978,0.28970720786395415,0.7085000000000001,0.29149999999999987,6.666666666666667,Low,0.0,0.0,1,0,-0.40501700106096594,0.006981290142418319,0.0322,0.0,0,1,0,0.999315537303217,0.0,0.0,5,0.161
POL-2020214,INS-10214,Regional Bank,OCC,Northeast,2024,AWS,Other,625037,0.0,0,0.0,0.0,6.937411163889648,0.4296154146516382,0.5865,0.4135,15.277777777777777,High,0.0,0.0,1,0,-0.637317586248006,0.0019434457292780102,0.037,0.0,0,0,0,0.999315537303217,0.0,0.0,2,0.074
POL-2020215,INS-10215,Insurance Carrier,NCUA,Midwest,2023,Azure,Unknown,19977665,1.0,1,144388.0,84270.0,8.687610843707368,1.3207769912976464,0.56375,0.43625,8.333333333333334,Moderate,0.0,0.0,0,0,0.17914008196014525,0.008434547908232119,0.02336,0.6931471805599453,0,0,1,0.999315537303217,0.007227471278550321,0.5836357592043661,50,1.168
POL-2020216,INS-10216,Insurance Carrier,OCC,Southeast,2020,Azure,Unknown,4214287,0.0,0,0.0,0.0,7.5409401183694,0.5552154405417401,0.77425,0.22575,7.1875,Low,0.0,0.0,0,0,-0.3713373780985736,0.007967704238818655,0.03866666666666666,0.0,0,0,1,0.999315537303217,0.0,0.0,15,0.58
POL-2020217,INS-10217,Asset Manager,NCUA,Southeast,2020,AWS,Unknown,606477,1.0,1,614863.0,267315.0,7.2813856635702825,0.24526662001727384,0.663,0.33699999999999997,8.4375,Moderate,0.0,0.0,2,0,-0.44370271473075207,0.0006887052341597796,0.025,0.6931471805599453,0,0,1,0.999315537303217,1.013827399884909,0.43475538453281465,1,0.025
POL-2020218,INS-10218,Community Bank,CFPB,Southeast,2024,Azure,Jack Henry,77802,0.0,0,0.0,0.0,3.9396381724611196,-1.1585103943572783,0.5872499999999999,0.41275000000000006,11.764705882352942,Moderate,1.313757195198948,0.0,1,0,-0.6424080601479822,0.19841269841269843,0.047799999999999995,0.0,0,0,0,0.999315537303217,0.0,0.0,10,0.478
POL-2020219,INS-10219,Investment Bank,FDIC,West,2022,AWS,Temenos,132813564,0.0,0,0.0,0.0,9.635581963247922,2.071327119498877,0.62075,0.37925,5.490196078431373,Low,0.0,0.0,1,0,0.12616785196852087,0.006536545827722798,0.0313,0.0,0,0,0,0.999315537303217,0.0,0.0,100,3.13
POL-2020220,INS-10220,Broker-Dealer,SEC,Southeast,2024,Hybrid,Unknown,576586,0.0,0,0.0,0.0,6.113018242660559,-0.20517258903925864,0.648,0.352,48.51851851851851,Extreme,1.7328679513998633,0.5,1,0,-0.2448033829034225,0.011093854004881295,0.025,0.0,0,1,1,0.999315537303217,0.0,0.0,5,0.125
POL-2020221,INS-10221,Community Bank,State,West,2021,Azure,Finastra,98715,0.0,0,0.0,0.0,4.365643155423357,-0.9794545903271162,0.7915,0.20850000000000002,38.888888888888886,Extreme,3.7984465494685,0.75,1,0,-0.34645790438474244,0.1287001287001287,0.034499999999999996,0.0,0,0,0,0.999315537303217,0.0,0.0,10,0.345
POL-2020222,INS-10222,Community Bank,FINRA,Northeast,2020,On-Prem,Jack Henry,87227,0.0,0,0.0,0.0,4.558078578454241,-0.8926514696378307,0.6025,0.39749999999999996,7.391304347826086,Low,0.0,0.0,1,0,-0.3160094354178862,0.05296610169491525,0.028199999999999996,0.0,0,0,0,0.999315537303217,0.0,0.0,5,0.141
POL-2020223,INS-10223,Fintech-Lending,State,Southwest,2021,Azure,Unknown,257240,0.0,0,0.0,0.0,4.549657476057832,-1.1750985706479147,0.5605,0.4395,5.517241379310345,Low,0.0,0.0,0,0,-0.1770041931111831,0.16025641025641027,0.029933333333333333,0.0,0,0,1,0.999315537303217,0.0,0.0,15,0.449
POL-2020224,INS-10224,Credit Union,NCUA,Northeast,2020,On-Prem,In-House,1019044,0.0,0,0.0,0.0,5.218732887205194,-0.738099037566217,0.38475,0.6152500000000001,5.0,Low,0.7875884839112379,0.0,1,0,0.5318198323868564,0.5443658138268918,0.01307,0.0,0,0,0,0.999315537303217,0.0,0.0,100,1.307
POL-2020225,INS-10225,Insurance Carrier,SEC,Southwest,2023,On-Prem,Unknown,4291648,0.0,0,0.0,0.0,8.314268847283424,0.9431144921872946,0.8335,0.16649999999999998,7.352941176470589,Low,0.0,0.0,0,0,-0.3204598137000403,0.0012252799764746246,0.028399999999999998,0.0,0,0,1,0.999315537303217,0.0,0.0,5,0.142
POL-2020226,INS-10226,Community Bank,NCUA,Midwest,2024,GCP,Fiserv,37535,0.0,0,0.0,0.0,4.626931677769604,-0.8568651818434763,0.8809999999999999,0.1190000000000001,1.8421052631578947,Low,0.0,0.0,1,0,-0.5327102803738318,0.009881422924901186,0.029,0.0,0,0,0,0.999315537303217,0.0,0.0,1,0.029
POL-2020227,INS-10227,Fintech-Lending,SEC,West,2021,On-Prem,Unknown,1518228,1.0,1,7790785.0,1376966.0,6.689972333910023,0.06144892536757338,0.662,0.33799999999999997,36.36363636363636,Extreme,0.6931471805599453,0.0,0,0,-0.028255857210732815,0.012448649321548613,0.020200000000000003,0.0,0,0,1,0.999315537303217,5.1314986945307295,0.17674290844889187,10,0.202
POL-2020228,INS-10228,Community Bank,CFPB,Midwest,2024,On-Prem,Other,133295,0.0,0,0.0,0.0,4.516338972281476,-0.6462818667255287,0.31975,0.68025,9.285714285714285,Moderate,0.0,0.0,1,0,-0.31975563469181867,0.11049723756906077,0.0333,0.6931471805599453,0,0,0,0.999315537303217,0.0,0.0,10,0.333
POL-2020229,INS-10229,Asset Manager,FRB,Southwest,2021,Azure,Unknown,801761,0.0,0,0.0,0.0,6.685361446558473,0.03110070596417579,0.6772500000000001,0.32274999999999987,21.707317073170735,High,0.0,0.0,2,0,-0.6853908328366668,0.00625312656328164,0.0448,0.6931471805599453,0,0,1,0.999315537303217,0.0,0.0,5,0.224
POL-2020230,INS-10230,Broker-Dealer,SEC,National,2020,AWS,Unknown,1734055,0.0,0,0.0,0.0,6.199291394310299,-0.1679076620893141,0.80425,0.19574999999999998,4.193548387096774,Low,0.0,0.0,0,0,0.09009694109954886,0.05087505087505088,0.02188,0.0,0,0,1,0.999315537303217,0.0,0.0,25,0.547
POL-2020231,INS-10231,Fintech-Lending,State,West,2021,On-Prem,Unknown,247819,0.0,0,0.0,0.0,5.898252165385803,-0.29984157070679684,0.7177500000000001,0.2822499999999999,7.17948717948718,Low,1.5416748540954117,0.0,0,0,-0.637317586248006,0.00550357732526142,0.037,0.0,0,0,1,0.999315537303217,0.0,0.0,2,0.074
POL-2020232,INS-10232,Broker-Dealer,SEC,Southwest,2024,AWS,Unknown,1863950,0.0,0,0.0,0.0,6.836581459527612,0.33979167391263837,0.6665000000000001,0.3334999999999999,3.3333333333333335,Low,0.0,0.0,1,0,-0.47329368542613104,0.010749220681500592,0.0402,0.0,0,0,1,0.999315537303217,0.0,0.0,10,0.402
POL-2020233,INS-10233,Asset Manager,State,Southeast,2022,AWS,Unknown,2996887,1.0,1,7552926.0,164711.0,6.975040025787734,0.35246188249432575,0.5337500000000001,0.46624999999999994,43.333333333333336,Extreme,2.014122529224868,0.3333333333333333,1,0,-0.4439484527589292,0.02339509638779712,0.045880000000000004,0.0,0,0,1,0.999315537303217,2.5202571868742467,0.02180757497160703,25,1.147
POL-2020234,INS-10234,Community Bank,SEC,Southwest,2024,GCP,FIS,316805,0.0,0,0.0,0.0,4.91705694713669,-0.6383748583712672,0.6667500000000001,0.33324999999999994,3.9534883720930236,Low,0.0,0.0,1,0,0.2503105592570922,0.18436578171091447,0.01468,0.0,0,0,0,0.999315537303217,0.0,0.0,25,0.367
POL-2020235,INS-10235,Community Bank,FDIC,National,2021,AWS,Other,132721,0.0,0,0.0,0.0,4.11414718951828,-1.0537909640071936,0.672,0.32799999999999996,27.083333333333336,Extreme,0.0,0.0,1,0,-0.22766006824624546,0.4152823920265781,0.03616,0.0,0,0,0,0.999315537303217,0.0,0.0,25,0.904
POL-2020236,INS-10236,Hedge Fund,FDIC,Southwest,2020,GCP,Unknown,1344275,0.0,0,0.0,0.0,6.179188153190932,-0.07954994812220902,0.5705,0.4295,4.0,Low,0.8109822012551361,0.0,1,0,-0.43809305233088347,0.031146179401993355,0.041666666666666664,0.0,0,0,1,0.999315537303217,0.0,0.0,15,0.625
POL-2020237,INS-10237,Regional Bank,NCUA,Midwest,2024,AWS,FIS,564776,1.0,1,4934438.0,473488.0,6.745706827027738,0.47374439416783787,0.7939999999999999,0.20600000000000007,8.965517241379311,Moderate,1.5959713832392743,0.0,1,0,-0.24790948655953257,0.0023546032493524842,0.0195,0.0,0,0,0,0.999315537303217,8.736982449679164,0.0959558109758396,2,0.039
POL-2020238,INS-10238,Hedge Fund,FINRA,National,2020,On-Prem,Unknown,718307,0.0,0,0.0,0.0,6.1454723595873295,-0.19552891682452786,0.71175,0.28825,12.272727272727273,Moderate,0.0,0.0,1,0,-0.6586885631437429,0.010738831615120275,0.0436,0.0,0,0,1,0.999315537303217,0.0,0.0,5,0.218
POL-2020239,INS-10239,Hedge Fund,CFPB,National,2024,Azure,Unknown,967376,0.0,0,0.0,0.0,5.402226829938548,-0.4959076790215749,0.74125,0.25875000000000004,2.558139534883721,Low,0.6931471805599453,0.0,1,0,0.3553750619334429,0.22634676324128564,0.01544,0.0,0,0,1,0.999315537303217,0.0,0.0,50,0.772
POL-2020240,INS-10240,Regional Bank,OCC,Midwest,2022,Hybrid,Finastra,2516935,0.0,0,0.0,0.0,7.662091627854505,0.9862297527261208,0.68525,0.31475,19.48717948717949,High,0.6931471805599453,0.0,1,0,-0.38276510965019594,0.002352719744024092,0.0312,0.6931471805599453,0,1,0,0.999315537303217,0.0,0.0,5,0.156
POL-2020241,INS-10241,Fintech-Payments,CFPB,Southwest,2020,Azure,Unknown,1982627,0.0,0,0.0,0.0,6.057018177847421,-0.34009807570712036,0.7887500000000001,0.21124999999999994,7.254901960784315,Low,0.0,0.0,1,0,-0.5311758670891471,0.058671673316122976,0.049800000000000004,0.6931471805599453,0,0,1,0.999315537303217,0.0,0.0,25,1.245
POL-2020242,INS-10242,Investment Bank,FDIC,Southeast,2024,AWS,In-House,2297330,0.0,0,0.0,0.0,8.305162661105596,1.4262989895185825,0.8065000000000001,0.1934999999999999,11.379310344827587,Moderate,1.9921502834515057,0.3333333333333333,1,0,-0.688473520249221,0.0002472982664391523,0.036,0.0,0,0,0,0.999315537303217,0.0,0.0,1,0.036
POL-2020243,INS-10243,Insurance Carrier,FDIC,Northeast,2021,GCP,Unknown,27501021,0.0,0,0.0,0.0,9.151121012316212,1.46925967726938,0.5865,0.4135,17.916666666666668,High,1.5647797601140765,0.0,0,0,0.44612720367186753,0.0026528013582342953,0.00588,0.0,0,0,1,0.999315537303217,0.0,0.0,25,0.147
POL-2020244,INS-10244,Regional Bank,FDIC,West,2020,AWS,Temenos,4607553,0.0,0,0.0,0.0,8.287025025165063,1.3184827853720928,0.679,0.32099999999999995,5.0,Low,1.6150329307046725,0.5,1,0,-0.07568900818157112,0.0012591286829513977,0.0174,0.0,0,0,0,0.999315537303217,0.0,0.0,5,0.087
POL-2020245,INS-10245,Regional Bank,SEC,Southwest,2024,AWS,Temenos,664063,0.0,0,0.0,0.0,6.36199308533525,0.09509967846757039,0.7952499999999999,0.2047500000000001,15.882352941176471,High,0.0,0.0,1,0,-0.6631389414258969,0.008644536652835409,0.0438,0.6931471805599453,0,0,0,0.999315537303217,0.0,0.0,5,0.219
POL-2020246,INS-10246,Custodian Bank,OCC,Southeast,2021,GCP,Jack Henry,63244521,0.0,0,0.0,0.0,8.554103545436334,1.3764699856802534,0.67925,0.32075,24.705882352941174,Extreme,0.0,0.0,1,0,-0.10047540169139935,0.04819741661846925,0.048892000000000005,0.0,0,0,0,0.999315537303217,0.0,0.0,250,12.223
POL-2020247,INS-10247,Community Bank,FDIC,Midwest,2022,Azure,Jack Henry,101522,1.0,1,55628.0,13457.0,4.225372824628505,-0.9585541026905213,0.727,0.273,11.25,Moderate,2.4693368307448047,0.25,1,0,-0.6646599515587522,0.14836795252225518,0.048799999999999996,0.0,0,0,0,0.999315537303217,0.5479403479048877,0.24191054864456749,10,0.488
POL-2020248,INS-10248,Broker-Dealer,FINRA,West,2023,On-Prem,Unknown,463768,0.0,0,0.0,0.0,6.106800145787886,-0.34063761086476313,0.65925,0.34075,6.875,Low,0.0,0.0,1,0,-0.4762230535754296,0.011163206072784104,0.0354,0.0,0,0,1,0.999315537303217,0.0,0.0,5,0.177
POL-2020249,INS-10249,Community Bank,FINRA,Southwest,2024,Azure,Jack Henry,64757,0.0,0,0.0,0.0,4.273884476054178,-1.0230241568918934,0.27025,0.72975,26.25,Extreme,0.0,0.0,1,0,-0.38276510965019594,0.07062146892655367,0.0312,0.6931471805599453,0,0,0,0.999315537303217,0.0,0.0,5,0.156
POL-2020250,INS-10250,Community Bank,State,Midwest,2023,On-Prem,Other,33060,0.0,0,0.0,0.0,4.130354999745133,-1.1087273224744671,0.6335,0.36650000000000005,1.6666666666666667,Low,0.0,0.0,1,0,-0.648443531953391,0.032679738562091505,0.0375,0.0,0,0,0,0.999315537303217,0.0,0.0,2,0.075
POL-2020251,INS-10251,Community Bank,OCC,National,2024,Azure,Temenos,306592,0.0,0,0.0,0.0,4.864452783918174,-0.4611250806391709,0.9420000000000001,0.05799999999999994,6.595744680851065,Low,0.0,0.0,1,0,-0.02739304554931632,0.19440124416796267,0.027160000000000004,0.0,0,0,0,0.999315537303217,0.0,0.0,25,0.679
POL-2020252,INS-10252,Insurance Carrier,SEC,Southeast,2023,GCP,Unknown,1564935,0.0,0,0.0,0.0,7.8950262395733395,0.8183111385591711,0.7115,0.2885,3.4285714285714284,Low,0.0,0.0,0,0,-0.5038062377833865,0.0007454620000745462,0.031,0.0,0,0,1,0.999315537303217,0.0,0.0,2,0.062
POL-2020253,INS-10253,Fintech-Payments,CFPB,West,2020,Hybrid,Unknown,513831,0.0,0,0.0,0.0,5.305789381386738,-0.7821523139092371,0.38725000000000004,0.6127499999999999,6.666666666666666,Low,0.0,0.0,1,0,0.12750738266465667,0.04987531172069826,0.0132,0.0,0,1,1,0.999315537303217,0.0,0.0,10,0.132
POL-2020254,INS-10254,Investment Bank,FDIC,Northeast,2020,Azure,FIS,28556780,0.0,0,0.0,0.0,8.47024832363969,1.3929543212364452,0.864,0.136,12.63157894736842,Moderate,1.482757343747816,0.0,1,0,0.41233990394501385,0.01048283959158857,0.01288,0.6931471805599453,0,0,0,0.999315537303217,0.0,0.0,50,0.644
POL-2020255,INS-10255,Broker-Dealer,FINRA,Midwest,2020,On-Prem,Unknown,3461965,0.0,0,0.0,0.0,7.299256680072915,0.3432423388681838,0.93575,0.06425000000000003,4.255319148936171,Low,0.0,0.0,0,0,0.28435168880544637,0.01014747666080368,0.009200000000000002,0.0,0,0,1,0.999315537303217,0.0,0.0,15,0.138
POL-2020256,INS-10256,Community Bank,FINRA,Southwest,2024,On-Prem,Jack Henry,141516,0.0,0,0.0,0.0,4.241326752570746,-1.1550962556470956,0.6415,0.35850000000000004,7.857142857142857,Low,0.0,0.0,1,0,-0.22002451650533839,0.21897810218978103,0.03186666666666667,0.0,0,0,0,0.999315537303217,0.0,0.0,15,0.478
POL-2020257,INS-10257,Insurance Carrier,SEC,Southwest,2021,AWS,Unknown,2498911,0.0,0,0.0,0.0,7.393632257384163,0.4522395593424746,0.5635,0.4365,20.52631578947368,High,0.0,0.0,0,0,-0.19959542107366113,0.006155361319709467,0.0279,0.0,0,0,1,0.999315537303217,0.0,0.0,10,0.279
POL-2020258,INS-10258,Regional Bank,NCUA,Midwest,2022,AWS,Temenos,1301072,0.0,0,0.0,0.0,6.270610288537476,0.08374177046377207,0.708,0.29200000000000004,11.944444444444445,Moderate,0.0,0.0,1,0,-0.1431028808853198,0.04736642667677151,0.03236,0.0,0,0,0,0.999315537303217,0.0,0.0,25,0.809
POL-2020259,INS-10259,Community Bank,OCC,Midwest,2022,AWS,In-House,100630,0.0,0,0.0,0.0,4.09933210373314,-1.052423640678962,0.8642500000000001,0.13574999999999993,38.1578947368421,Extreme,1.559581156259877,0.0,1,0,-0.5523194282395023,0.25295109612141653,0.046799999999999994,0.0,0,0,0,0.999315537303217,0.0,0.0,15,0.702
POL-2020260,INS-10260,Custodian Bank,FDIC,Southwest,2021,Azure,Temenos,54464495,0.0,0,0.0,0.0,8.981405080870163,1.8407314377838018,0.7475,0.25249999999999995,9.347826086956523,Moderate,0.7875884839112379,0.0,1,0,0.3934130678118675,0.012574187707474097,0.01929,0.0,0,0,0,0.999315537303217,0.0,0.0,100,1.929
POL-2020261,INS-10261,Community Bank,FINRA,Southwest,2023,On-Prem,Finastra,87365,0.0,0,0.0,0.0,4.005513348515485,-1.1403433324828114,0.5505,0.4495,9.565217391304346,Moderate,0.7953863896925372,0.0,1,0,-0.06574473605733361,0.2782931354359926,0.02493333333333333,0.6931471805599453,0,0,0,0.999315537303217,0.0,0.0,15,0.374
POL-2020262,INS-10262,Community Bank,FRB,Midwest,2020,Azure,Jack Henry,72876,0.0,0,0.0,0.0,3.3945083935113587,-1.4274977778448548,0.86275,0.13724999999999998,12.307692307692308,Moderate,0.0,0.0,1,0,-0.0060312297949771665,0.8680555555555556,0.0262,0.0,0,0,0,0.999315537303217,0.0,0.0,25,0.655
POL-2020263,INS-10263,Fintech-Lending,SEC,Southwest,2024,Hybrid,Unknown,646287,1.0,1,324322.0,1321.0,5.741720313996593,-0.45799390082955393,0.779,0.22099999999999997,28.27586206896552,Extreme,0.0,0.0,0,0,-0.10168709886627342,0.032195750160978746,0.0235,0.0,0,1,1,0.999315537303217,0.5018234932777543,0.004073112523973088,10,0.235
POL-2020264,INS-10264,Asset Manager,FDIC,Midwest,2021,AWS,Unknown,2824331,1.0,1,8607489.0,4892589.0,6.934786618033168,0.357646390183014,0.85925,0.14075000000000004,8.157894736842104,Moderate,0.0,0.0,2,0,0.17732435542976693,0.024356975837879966,0.01796,0.6931471805599453,0,0,1,0.999315537303217,3.0476204807439355,0.5684107176901417,25,0.449
POL-2020265,INS-10265,National Bank,FDIC,Southwest,2021,Azure,Temenos,102801236,1.0,1,8181302.0,4055018.0,10.023419388976704,2.2574056075141056,0.7312500000000001,0.26874999999999993,17.083333333333336,High,1.3862943611198906,0.0,1,0,0.18759580069623782,0.002217550582328783,0.02298,0.6931471805599453,0,0,0,0.999315537303217,0.0795836929431471,0.49564458077699614,50,1.149
POL-2020266,INS-10266,Credit Union,NCUA,Southeast,2021,GCP,Fiserv,73252,0.0,0,0.0,0.0,4.215086179918229,-1.2474106700638479,0.66775,0.33225000000000005,5.277777777777778,Low,0.7797905781299385,0.0,1,0,-0.42878990260459116,0.14992503748125938,0.0382,1.0986122886681098,1,0,0,0.999315537303217,0.0,0.0,10,0.382
POL-2020267,INS-10267,Fintech-Lending,CFPB,West,2020,Hybrid,Unknown,134091,0.0,0,0.0,0.0,5.269403356383394,-0.7978057093005378,0.77425,0.22575,12.702702702702702,Moderate,0.0,0.0,0,0,-0.2701613779703025,0.010346611484738748,0.0205,0.0,0,1,1,0.999315537303217,0.0,0.0,2,0.041
POL-2020268,INS-10268,Asset Manager,OCC,Southeast,2023,GCP,Unknown,129568,1.0,1,1308264.0,229097.0,5.870708345972182,-0.348356997656849,0.7605000000000001,0.23949999999999994,8.0,Low,0.0,0.0,2,0,-0.465954606141522,0.002828854314002829,0.026,0.6931471805599453,0,0,1,0.999315537303217,10.097122746357126,0.17511526725492715,1,0.026
POL-2020269,INS-10269,Community Bank,NCUA,West,2023,AWS,Finastra,366697,0.0,0,0.0,0.0,5.076423034634259,-0.543025314554078,0.8350000000000001,0.16499999999999992,12.162162162162161,Moderate,0.0,0.0,1,0,-0.3593912653980033,0.157035175879397,0.04208,0.0,0,0,0,0.999315537303217,0.0,0.0,25,1.052
POL-2020270,INS-10270,Hedge Fund,NCUA,Southwest,2022,AWS,Unknown,259411,2.0,1,285644.0,44851.0,4.278054044290903,-1.2332847433467526,0.6719999999999999,0.32800000000000007,42.25806451612903,Extreme,1.725936479594264,0.5,1,0,0.30460517429937084,0.3516174402250352,0.01224,0.6931471805599453,0,0,1,0.999315537303217,1.1011252414122763,0.15701712621304842,25,0.306
POL-2020271,INS-10271,Community Bank,FDIC,Southwest,2020,AWS,Other,60028,2.0,1,605603.0,7045.0,4.23410650459726,-0.9932370765095797,0.8095,0.1905,15.333333333333334,High,3.2023790862657515,0.4,1,0,-0.35161246167511806,0.07352941176470588,0.0298,0.0,0,0,0,0.999315537303217,10.088675284867062,0.011633033521960757,5,0.149
POL-2020272,INS-10272,Fintech-Payments,SEC,National,2024,On-Prem,Unknown,4530113,0.0,0,0.0,0.0,6.654925417297567,0.11535247739508292,0.81325,0.18674999999999997,14.0,Moderate,0.0,0.0,1,0,0.5173688314038479,0.06446621970087674,0.008159999999999999,0.0,0,0,1,0.999315537303217,0.0,0.0,50,0.408
POL-2020273,INS-10273,Community Bank,SEC,West,2021,Azure,Finastra,82454,0.0,0,0.0,0.0,4.370712874773608,-1.0511383414210063,0.5887500000000001,0.4112499999999999,13.928571428571427,Moderate,0.0,0.0,1,0,-0.5340779712434314,0.06402048655569782,0.038,0.6931471805599453,0,0,0,0.999315537303217,0.0,0.0,5,0.19
POL-2020274,INS-10274,Community Bank,FRB,Southwest,2022,GCP,FIS,329266,0.0,0,0.0,0.0,4.822697998516666,-0.599700763451605,0.652,0.348,7.5,Low,1.6791490449064674,0.0,1,0,0.3188463848022636,0.20275750202757503,0.0116,0.0,0,0,0,0.999315537303217,0.0,0.0,25,0.29
POL-2020275,INS-10275,Fintech-Lending,State,National,2021,On-Prem,Unknown,87867,0.0,0,0.0,0.0,4.2017030805426,-1.3844451233021484,0.8045000000000001,0.1954999999999999,28.94736842105263,Extreme,0.7797905781299385,0.0,0,0,-0.37386435308588806,0.07598784194528875,0.0308,0.0,0,0,1,0.999315537303217,0.0,0.0,5,0.154
POL-2020276,INS-10276,Community Bank,FDIC,Southwest,2023,GCP,Finastra,14769,0.0,0,0.0,0.0,3.9454577815143836,-1.0642947214866154,0.73525,0.26475000000000004,24.210526315789473,Extreme,0.0,0.0,1,0,-1.0,0.01972386587771203,0.05,0.0,0,0,0,0.999315537303217,0.0,0.0,1,0.05
POL-2020277,INS-10277,Asset Manager,FDIC,Southwest,2023,GCP,Unknown,195434,1.0,1,21607.0,1993.0,6.101439400316553,-0.3397372574268695,0.37600000000000006,0.6239999999999999,9.565217391304346,Moderate,1.7190050077886643,0.5,2,0,-0.44370271473075207,0.002244668911335578,0.025,0.0,0,0,1,0.999315537303217,0.11055906341782903,0.09223862637108345,1,0.025
POL-2020278,INS-10278,National Bank,FRB,West,2023,Azure,Finastra,175659299,1.0,1,262036.0,189189.0,10.110139867841276,2.2932395191613004,0.8099999999999999,0.19000000000000006,7.741935483870967,Low,0.0,0.0,1,0,-0.216288756843228,0.004066677240027491,0.046689999999999995,0.6931471805599453,0,0,0,0.999315537303217,0.001491728599008015,0.721996214260636,100,4.669
POL-2020279,INS-10279,Community Bank,NCUA,Northeast,2020,Azure,FIS,126841,0.0,0,0.0,0.0,4.380775852772229,-0.8821264470138251,0.90525,0.09475,5.365853658536586,Low,0.0,0.0,1,0,-0.08833596401981153,0.12674271229404308,0.0229,0.0,0,0,0,0.999315537303217,0.0,0.0,10,0.229
POL-2020280,INS-10280,Credit Union,NCUA,Midwest,2021,GCP,Fiserv,61256,1.0,1,33984.0,4193.0,3.0301337002713233,-1.9161131609030504,0.6567500000000001,0.34324999999999994,23.636363636363633,Extreme,0.0,0.0,1,0,-0.21916877429263637,2.5380710659898478,0.041260000000000005,0.0,0,0,0,0.999315537303217,0.5547864698968265,0.1233815913370998,50,2.063
POL-2020281,INS-10281,Regional Bank,FINRA,Southwest,2021,AWS,In-House,795683,0.0,0,0.0,0.0,6.226734278220032,0.2205160005347736,0.7070000000000002,0.2929999999999998,1.7391304347826084,Low,0.0,0.0,1,0,0.14753408493434958,0.019798059790140564,0.0123,0.6931471805599453,0,0,0,0.999315537303217,0.0,0.0,10,0.123
POL-2020282,INS-10282,Asset Manager,NCUA,National,2021,GCP,Unknown,430448,0.0,0,0.0,0.0,5.748437115196633,-0.4092679394153118,0.6272500000000001,0.3727499999999999,19.23076923076923,High,0.6931471805599453,0.0,2,0,-0.3887364980652054,0.03197953309881676,0.0364,0.0,0,0,1,0.999315537303217,0.0,0.0,10,0.364
POL-2020283,INS-10283,Investment Bank,FDIC,Northeast,2021,GCP,Jack Henry,40740718,0.0,0,0.0,0.0,9.193641722353131,1.8264480373521905,0.6987500000000001,0.3012499999999999,11.707317073170733,Moderate,0.0,0.0,0,0,-0.2080784038047679,0.002542355645046474,0.03528,0.6931471805599453,0,0,0,0.999315537303217,0.0,0.0,25,0.882
POL-2020284,INS-10284,Fintech-Payments,SEC,West,2021,AWS,Unknown,550121,1.0,1,4148.0,898.0,6.324179734851483,-0.057639018177578806,0.7905000000000001,0.2094999999999999,78.84615384615384,Extreme,0.0,0.0,1,0,-0.5038062377833865,0.003591309032142216,0.031,0.6931471805599453,0,0,1,0.999315537303217,0.007540159346761894,0.21648987463837993,2,0.062
POL-2020285,INS-10285,National Bank,FDIC,National,2021,Azure,Temenos,289932991,0.0,0,0.0,0.0,10.014639763898263,2.3159178729865575,0.80075,0.19925000000000004,15.135135135135135,High,2.3468808288458813,0.25,1,0,0.05181654312390993,0.01118553218525031,0.042048,0.6931471805599453,0,0,0,0.999315537303217,0.0,0.0,250,10.512
POL-2020286,INS-10286,Insurance Carrier,CFPB,Southeast,2024,Azure,Unknown,86679161,0.0,0,0.0,0.0,9.033125752550372,1.4379113094754308,0.70775,0.29225,8.571428571428571,Moderate,0.6931471805599453,0.0,0,0,0.30005864370245916,0.029850746268656716,0.030892,0.0,0,0,1,0.999315537303217,0.0,0.0,250,7.723
POL-2020287,INS-10287,Hedge Fund,OCC,National,2024,GCP,Unknown,857319,0.0,0,0.0,0.0,6.401917196727186,-0.06357587742200957,0.6695,0.3305,18.484848484848484,High,1.3862943611198906,0.0,0,0,0.15573066249043593,0.008305647840531562,0.007000000000000001,0.0,0,0,1,0.999315537303217,0.0,0.0,5,0.035
POL-2020288,INS-10288,Community Bank,FINRA,Southwest,2023,AWS,Temenos,28652,0.0,0,0.0,0.0,4.407938016458383,-0.9374383014847938,0.724,0.276,14.50980392156863,High,0.0,0.0,1,0,-0.44370271473075207,0.012330456226880395,0.025,0.0,0,0,0,0.999315537303217,0.0,0.0,1,0.025
POL-2020289,INS-10289,Regional Bank,State,Midwest,2020,Azure,Finastra,475836,0.0,0,0.0,0.0,6.568779912142806,0.26085155905435037,0.60025,0.39975000000000005,13.428571428571429,Moderate,0.6931471805599453,0.0,1,0,-0.2701613779703025,0.0028109627547434997,0.0205,0.6931471805599453,0,0,0,0.999315537303217,0.0,0.0,2,0.041
POL-2020290,INS-10290,Fintech-Payments,State,Northeast,2020,AWS,Unknown,232091,0.0,0,0.0,0.0,6.181878273799273,-0.21465650218641338,0.6015,0.39849999999999997,16.666666666666664,High,0.7875884839112379,0.0,1,0,-0.44370271473075207,0.002070822116380203,0.025,0.0,0,0,1,0.999315537303217,0.0,0.0,1,0.025
POL-2020291,INS-10291,Community Bank,FDIC,National,2024,Hybrid,Finastra,178407,0.0,0,0.0,0.0,4.757891273005756,-0.5827249101289743,0.8375,0.16249999999999998,4.615384615384616,Low,1.0986122886681098,0.0,1,0,0.03513050500482334,0.12987012987012986,0.020399999999999998,0.0,0,1,0,0.999315537303217,0.0,0.0,15,0.306
POL-2020292,INS-10292,Community Bank,CFPB,Southwest,2024,AWS,Finastra,19633,0.0,0,0.0,0.0,3.822098297900159,-1.1022563336977618,0.918,0.08199999999999996,12.926829268292684,Moderate,0.6931471805599453,0.0,1,0,-0.1811538123272228,0.04474272930648769,0.0165,0.0,0,0,0,0.999315537303217,0.0,0.0,2,0.033
POL-2020293,INS-10293,Credit Union,NCUA,Southwest,2021,On-Prem,FIS,16417,0.0,0,0.0,0.0,4.07753744390572,-1.4427097774050655,0.80075,0.19925000000000004,8.88888888888889,Moderate,0.0,0.0,1,0,-0.44370271473075207,0.017241379310344827,0.025,0.0,0,0,0,0.999315537303217,0.0,0.0,1,0.025
POL-2020294,INS-10294,Broker-Dealer,SEC,Midwest,2021,Hybrid,Unknown,4262567,0.0,0,0.0,0.0,7.567552479860528,0.44277462685278096,0.7132500000000002,0.28674999999999984,3.488372093023256,Low,1.2080157624146421,0.0,1,0,-0.30458170386626404,0.007758353160235853,0.035666666666666666,0.6931471805599453,0,1,1,0.999315537303217,0.0,0.0,15,0.535
POL-2020295,INS-10295,Community Bank,SEC,National,2022,AWS,FIS,243350,0.0,0,0.0,0.0,4.804840381116659,-0.5703185608058593,0.7895,0.21050000000000002,56.45161290322581,Extreme,0.0,0.0,1,0,0.27879298026287774,0.2064409578860446,0.0134,0.0,0,0,0,0.999315537303217,0.0,0.0,25,0.335
POL-2020296,INS-10296,Asset Manager,NCUA,Midwest,2022,AWS,Unknown,6465223,0.0,0,0.0,0.0,8.329247850751992,0.916433125856616,0.7322500000000001,0.26774999999999993,6.956521739130434,Low,2.1998185230177967,0.3333333333333333,2,0,-0.23297325818981596,0.002414117760664365,0.0294,0.0,0,0,1,0.999315537303217,0.0,0.0,10,0.294
POL-2020297,INS-10297,National Bank,OCC,National,2022,AWS,Finastra,108508395,0.0,0,0.0,0.0,10.40436889543065,2.5604975845439637,0.73675,0.26325,10.526315789473683,Moderate,0.6931471805599453,0.0,1,0,-0.3451500548951107,0.0007575183698204682,0.041440000000000005,0.0,0,0,0,0.999315537303217,0.0,0.0,25,1.036
POL-2020298,INS-10298,Community Bank,FRB,Northeast,2023,On-Prem,Finastra,1340333,0.0,0,0.0,0.0,5.43197375136071,-0.3513965859681798,0.7855000000000001,0.2144999999999999,7.435897435897436,Low,0.7875884839112379,0.0,1,0,-0.0560751386856847,0.43936731107205623,0.03949,0.0,0,0,0,0.999315537303217,0.0,0.0,100,3.949
POL-2020299,INS-10299,Credit Union,NCUA,Midwest,2022,Hybrid,FIS,20479,1.0,1,319153.0,44826.0,4.191168746857641,-1.377365603228087,0.7712500000000001,0.2287499999999999,6.521739130434782,Low,0.6931471805599453,0.0,1,0,-0.9777481085892301,0.015360983102918589,0.049,0.0,0,1,0,0.999315537303217,15.584403535328873,0.14045301156498607,1,0.049
POL-2020300,INS-10300,Community Bank,NCUA,Midwest,2024,GCP,Other,10300,0.0,0,0.0,0.0,3.370738174177447,-1.4873840181322662,0.83,0.17000000000000004,19.18918918918919,High,0.0,0.0,1,0,-0.44370271473075207,0.03558718861209964,0.025,0.0,0,0,0,0.999315537303217,0.0,0.0,1,0.025
POL-2020301,INS-10301,Regional Bank,FINRA,Southwest,2021,Hybrid,Jack Henry,1761562,0.0,0,0.0,0.0,6.5297107664499645,0.47821940510588057,0.62675,0.37324999999999997,4.11764705882353,Low,0.0,0.0,1,0,-0.11640061119239592,0.03653902367728734,0.03116,0.6931471805599453,0,1,0,0.999315537303217,0.0,0.0,25,0.779
POL-2020302,INS-10302,Fintech-Payments,CFPB,Northeast,2024,Azure,Unknown,392499,0.0,0,0.0,0.0,6.674813885187817,0.1885958090773218,0.617,0.383,6.774193548387097,Low,0.0,0.0,1,0,-0.5327102803738318,0.0012639029322548028,0.029,0.0,0,0,1,0.999315537303217,0.0,0.0,1,0.029
POL-2020303,INS-10303,Insurance Carrier,State,National,2020,GCP,Unknown,3621404,1.0,1,37263.0,21467.0,7.370041707083466,0.5165854584241888,0.85325,0.14675000000000005,28.421052631578945,Extreme,1.2881229084633585,0.0,0,0,-0.3638416436801573,0.015755971513203505,0.04228,0.0,0,0,1,0.999315537303217,0.010289655614231386,0.5760942489869307,25,1.057
POL-2020304,INS-10304,Community Bank,FDIC,Northeast,2023,Hybrid,Fiserv,96310,0.0,0,0.0,0.0,3.8815637979434374,-1.1254706005568365,0.6375,0.36250000000000004,1.4285714285714284,Low,0.0,0.0,1,0,-0.2037064628041072,0.3157894736842105,0.031133333333333336,0.0,0,1,0,0.999315537303217,0.0,0.0,15,0.467
POL-2020305,INS-10305,Asset Manager,State,West,2020,AWS,Unknown,1935133,0.0,0,0.0,0.0,7.303439375235196,0.6126203773888396,0.6755,0.3245,8.4375,Moderate,0.0,0.0,2,0,-0.07053445089119559,0.006736728644570197,0.0221,0.6931471805599453,0,0,1,0.999315537303217,0.0,0.0,10,0.221
POL-2020306,INS-10306,Community Bank,CFPB,Midwest,2022,GCP,Temenos,155833,0.0,0,0.0,0.0,5.040841136153322,-0.5529668352275653,0.7144999999999999,0.2855000000000001,12.63157894736842,Moderate,1.47784755121885,0.0,1,0,-0.35606283995727206,0.032552083333333336,0.03,0.0,0,0,0,0.999315537303217,0.0,0.0,5,0.15
POL-2020307,INS-10307,Regional Bank,FRB,Southwest,2024,On-Prem,Jack Henry,609642,0.0,0,0.0,0.0,7.112164432240096,0.7931068462070482,0.854,0.14600000000000002,10.571428571428571,Moderate,0.0,0.0,1,0,-0.11439813809491306,0.0016315875346712351,0.0135,0.0,0,0,0,0.999315537303217,0.0,0.0,2,0.027
POL-2020308,INS-10308,Fintech-Payments,State,Northeast,2023,Azure,Unknown,365893,1.0,1,177707.0,16203.0,5.652489180268651,-0.5380732694253404,0.8502500000000001,0.14974999999999994,0.8571428571428571,Low,0.6931471805599453,0.0,1,0,-0.18694846523542077,0.017605633802816902,0.0224,0.0,0,0,1,0.999315537303217,0.4856802398515413,0.0911781753110457,5,0.112
POL-2020309,INS-10309,Insurance Carrier,CFPB,Southeast,2024,AWS,Unknown,10263050,0.0,0,0.0,0.0,8.135259045834438,0.8632158768708204,0.71275,0.28725,9.5,Moderate,0.6931471805599453,0.0,0,0,-0.10126932503307234,0.007327725180994812,0.03048,0.0,0,0,1,0.999315537303217,0.0,0.0,25,0.762
POL-2020310,INS-10310,National Bank,OCC,Southwest,2020,On-Prem,Other,42345981,0.0,0,0.0,0.0,8.921057018157429,1.673096455948637,0.9442499999999999,0.05575000000000008,14.69387755102041,High,1.3073486235150507,0.0,1,0,0.22898431872026986,0.006678242286630159,0.02112,0.0,0,0,0,0.999315537303217,0.0,0.0,50,1.056
POL-2020311,INS-10311,Regional Bank,FINRA,Southeast,2020,On-Prem,Fiserv,244541,0.0,0,0.0,0.0,6.517375808292013,0.33000923799327037,0.71075,0.28925,5.952380952380953,Low,0.0,0.0,1,0,-0.7329773030707609,0.0014797277300976621,0.038,0.0,0,0,0,0.999315537303217,0.0,0.0,1,0.038
POL-2020312,INS-10312,Broker-Dealer,SEC,Northeast,2024,Azure,Unknown,2336259,0.0,0,0.0,0.0,6.025141073467366,-0.4205350760690334,0.6070000000000001,0.3929999999999999,12.142857142857142,Moderate,0.7875884839112379,0.0,1,0,-0.19558176939721994,0.121153380179307,0.04019999999999999,0.6931471805599453,0,0,1,0.999315537303217,0.0,0.0,50,2.01
POL-2020313,INS-10313,Regional Bank,OCC,Southeast,2022,On-Prem,Finastra,8316433,0.0,0,0.0,0.0,7.097217943927458,0.6653258712417621,0.82425,0.17574999999999996,10.789473684210526,Moderate,0.0,0.0,1,0,-0.09390335408399353,0.08280887711162638,0.04119,0.6931471805599453,0,0,0,0.999315537303217,0.0,0.0,100,4.119
POL-2020314,INS-10314,Regional Bank,FRB,Midwest,2023,On-Prem,Jack Henry,73282,0.0,0,0.0,0.0,4.960744524482791,-0.6007403716300318,0.7247500000000001,0.2752499999999999,28.13953488372093,Extreme,1.7703817036775105,0.0,1,0,-0.09214624668414317,0.014114326040931546,0.0125,0.0,0,0,0,0.999315537303217,0.0,0.0,2,0.025
POL-2020315,INS-10315,Broker-Dealer,FINRA,Midwest,2021,On-Prem,Unknown,472320,0.0,0,0.0,0.0,5.5254529391317835,-0.6150563451942285,0.8842500000000001,0.11574999999999991,3.076923076923077,Low,0.0,0.0,1,0,-0.2440992038952009,0.04,0.0299,0.6931471805599453,0,0,1,0.999315537303217,0.0,0.0,10,0.299
POL-2020316,INS-10316,Fintech-Lending,SEC,Northeast,2024,On-Prem,Unknown,12749118,0.0,0,0.0,0.0,6.426002902701853,-0.07978702020131141,0.60425,0.39575000000000005,145.625,Extreme,0.6931471805599453,0.0,0,0,0.8679572763684913,0.8107669855683476,0.010994,0.6931471805599453,0,0,1,0.999315537303217,0.0,0.0,500,5.497
POL-2020317,INS-10317,Hedge Fund,State,Northeast,2023,GCP,Unknown,614010,0.0,0,0.0,0.0,5.740435792304236,-0.46917087360478127,0.76225,0.23775000000000002,10.909090909090908,Moderate,0.0,0.0,1,0,0.1364081392289646,0.032237266279819474,0.0128,0.0,0,0,1,0.999315537303217,0.0,0.0,10,0.128
POL-2020318,INS-10318,Fintech-Payments,SEC,Midwest,2022,Hybrid,Unknown,9940426,0.0,0,0.0,0.0,5.991464547107982,-0.22511990188926592,0.44525000000000003,0.55475,27.857142857142854,Extreme,3.0036377824264293,0.5,1,0,0.10947930574098819,1.2531328320802004,0.045079999999999995,0.0,0,1,1,0.999315537303217,0.0,0.0,500,22.54
POL-2020319,INS-10319,Regional Bank,OCC,Southeast,2021,On-Prem,Finastra,1080441,0.0,0,0.0,0.0,5.978125982668802,-0.06861332574391354,0.5395000000000001,0.4604999999999999,7.0,Low,2.176015256763321,0.3333333333333333,1,0,-0.09058841715590277,0.06350012700025401,0.03,0.0,0,0,0,0.999315537303217,0.0,0.0,25,0.75
POL-2020320,INS-10320,Fintech-Lending,SEC,National,2021,GCP,Unknown,335079,0.0,0,0.0,0.0,5.418320158942733,-0.48827336360307294,0.6104999999999999,0.38950000000000007,6.486486486486486,Low,0.0,0.0,0,0,0.18688331046551382,0.022271714922048998,0.0056,1.0986122886681098,1,0,1,0.999315537303217,0.0,0.0,5,0.028
POL-2020321,INS-10321,Insurance Carrier,FINRA,Southwest,2024,Hybrid,Unknown,4955848,1.0,1,520873.0,27887.0,8.178694903738998,0.8831101101486537,0.8315,0.16849999999999998,6.75,Low,0.6931471805599453,0.0,0,0,0.05407614100911595,0.0028064660978895377,0.0165,0.0,0,1,1,0.999315537303217,0.10510269887212037,0.053538962472618086,10,0.165
POL-2020322,INS-10322,Regional Bank,FRB,Northeast,2021,Hybrid,Jack Henry,410836,1.0,1,67555.0,15366.0,6.922052583682961,0.46612957051517934,0.8285000000000001,0.17149999999999987,7.1875,Low,0.7797905781299385,0.0,1,0,-0.9777481085892301,0.0009867771857114663,0.049,0.0,0,1,0,0.999315537303217,0.16443300976545386,0.2274591073939753,1,0.049
POL-2020323,INS-10323,Insurance Carrier,FRB,Northeast,2022,Hybrid,Unknown,2139271,0.0,0,0.0,0.0,8.309455360251876,1.0986529871109518,0.45525000000000004,0.54475,23.928571428571427,Extreme,1.2817143367794614,0.0,0,0,-0.5038062377833865,0.0004924774075989265,0.031,0.0,0,1,1,0.999315537303217,0.0,0.0,2,0.062
POL-2020324,INS-10324,National Bank,OCC,Southeast,2023,On-Prem,In-House,59955892,0.0,0,0.0,0.0,9.052773864847754,1.789112346390006,0.6519999999999999,0.3480000000000001,6.333333333333333,Low,0.6931471805599453,0.0,1,0,-0.19915480045693512,0.011707956727391935,0.045919999999999996,0.0,0,0,0,0.999315537303217,0.0,0.0,100,4.592
POL-2020325,INS-10325,Broker-Dealer,FINRA,West,2021,Azure,Unknown,1422382,0.0,0,0.0,0.0,6.290642784698189,-0.04964034902692069,0.559,0.44099999999999995,16.956521739130434,High,0.7797905781299385,0.0,1,0,0.07518390954420912,0.027855153203342618,0.018600000000000002,0.0,0,0,1,0.999315537303217,0.0,0.0,15,0.279
POL-2020326,INS-10326,Community Bank,State,West,2021,Azure,FIS,835157,0.0,0,0.0,0.0,5.093750200806762,-0.45313377976154107,0.7052500000000002,0.29474999999999985,48.5,Extreme,0.0,0.0,1,0,0.5912323824536121,0.6172839506172839,0.0104,0.0,0,0,0,0.999315537303217,0.0,0.0,100,1.04
POL-2020327,INS-10327,Credit Union,NCUA,Southwest,2021,GCP,Fiserv,24961,0.0,0,0.0,0.0,4.021773869387265,-1.2611082631593782,0.77375,0.22624999999999995,18.333333333333332,High,0.8109822012551361,0.0,1,0,-0.6039397491318511,0.03649635036496351,0.0355,0.0,0,0,0,0.999315537303217,0.0,0.0,2,0.071
POL-2020328,INS-10328,Custodian Bank,FRB,Northeast,2021,Azure,Jack Henry,36680151,0.0,0,0.0,0.0,8.66345569839449,1.5438387558673845,0.8605000000000002,0.13949999999999985,10.232558139534884,Moderate,1.3862943611198906,0.0,1,0,0.1995990936240617,0.017281603732826407,0.027999999999999997,0.6931471805599453,0,0,0,0.999315537303217,0.0,0.0,100,2.8
POL-2020329,INS-10329,Community Bank,NCUA,National,2020,Azure,Temenos,19922,0.0,0,0.0,0.0,4.231203744939298,-1.0065448610107877,0.5475,0.4525,29.615384615384613,Extreme,0.0,0.0,1,0,-0.8887405429461503,0.014749262536873156,0.045,0.0,0,0,0,0.999315537303217,0.0,0.0,1,0.045
POL-2020330,INS-10330,National Bank,OCC,Southwest,2024,AWS,FIS,93925008,0.0,0,0.0,0.0,9.91787357569883,2.1671770786581877,0.84075,0.15925,9.761904761904763,Moderate,0.0,0.0,1,0,-0.3896182624991339,0.0024644138638066325,0.048920000000000005,0.0,0,0,0,0.999315537303217,0.0,0.0,50,2.446
POL-2020331,INS-10331,Credit Union,NCUA,Southeast,2020,AWS,In-House,267980,0.0,0,0.0,0.0,4.399375273008495,-1.236929149387479,0.817,0.18300000000000005,4.081632653061225,Low,1.0986122886681098,0.0,1,0,-0.008665881546752852,0.6218905472636815,0.0318,0.0,0,0,0,0.999315537303217,0.0,0.0,50,1.59
POL-2020332,INS-10332,Regional Bank,State,National,2024,Hybrid,Fiserv,1347419,0.0,0,0.0,0.0,6.501740019568492,0.464624644444317,0.61025,0.38975000000000004,21.379310344827587,High,0.7000786523655448,0.0,1,0,0.05589893698820858,0.022546219750488504,0.019466666666666667,1.0986122886681098,1,1,0,0.999315537303217,0.0,0.0,15,0.292
POL-2020333,INS-10333,Regional Bank,SEC,National,2021,GCP,Jack Henry,1324418,1.0,1,1923956.0,1232800.0,6.540741357248225,0.2490657941764708,0.8252500000000002,0.17474999999999985,1.25,Low,1.1961141292874042,0.0,1,0,-0.5523194282395023,0.021682567215958373,0.046799999999999994,0.0,0,0,0,0.999315537303217,1.4526803471411593,0.6407630943742996,15,0.702
POL-2020334,INS-10334,Hedge Fund,State,National,2023,Hybrid,Unknown,370044,0.0,0,0.0,0.0,5.69608626802173,-0.4980229655589559,0.9462499999999999,0.053750000000000075,7.446808510638299,Low,0.0,0.0,1,0,-0.6052840237578951,0.016852039096730706,0.0412,0.0,0,1,1,0.999315537303217,0.0,0.0,5,0.206
POL-2020335,INS-10335,Community Bank,SEC,Southwest,2022,On-Prem,Temenos,241884,0.0,0,0.0,0.0,4.509760001183433,-0.9931921122150893,0.6075,0.39249999999999996,5.357142857142857,Low,0.0,0.0,1,0,-0.527615564463424,0.27808676307007785,0.049640000000000004,0.0,0,0,0,0.999315537303217,0.0,0.0,25,1.241
POL-2020336,INS-10336,Broker-Dealer,FINRA,Northeast,2023,GCP,Unknown,1543084,1.0,1,2054050.0,473233.0,5.925591802957274,-0.44907797628664464,0.7672500000000001,0.2327499999999999,2.6666666666666665,Low,0.0,0.0,1,0,0.35359491062058135,0.13386880856760375,0.01552,0.0,0,0,1,0.999315537303217,1.3311329778547376,0.23039020471750932,50,0.776
POL-2020337,INS-10337,Fintech-Lending,SEC,Northeast,2024,AWS,Unknown,435857,0.0,0,0.0,0.0,4.930870325627393,-0.9440682964316722,0.6799999999999999,0.32000000000000006,3.888888888888889,Low,0.0,0.0,0,0,-0.4893423112368996,0.18181818181818182,0.04792,0.0,0,0,1,0.999315537303217,0.0,0.0,25,1.198
POL-2020338,INS-10338,Investment Bank,FDIC,West,2024,On-Prem,In-House,93120353,1.0,1,640377.0,208175.0,8.899485198557949,1.639827610876929,0.7607499999999999,0.23925000000000007,15.294117647058824,High,0.0,0.0,1,0,0.3308552614149648,0.03411944535429632,0.029508,1.0986122886681098,1,0,0,0.999315537303217,0.006876874704287257,0.32508194391741113,250,7.377
POL-2020339,INS-10339,Community Bank,FRB,Northeast,2023,On-Prem,Other,69995,0.0,0,0.0,0.0,3.9852734671677386,-1.1967006328235454,0.6125,0.38749999999999996,4.8,Low,0.7797905781299385,0.0,1,0,0.020698303892961123,0.1893939393939394,0.018,0.6931471805599453,0,0,0,0.999315537303217,0.0,0.0,10,0.18
POL-2020340,INS-10340,Custodian Bank,FDIC,Southwest,2021,Azure,Fiserv,3834302,0.0,0,0.0,0.0,8.267705664762426,1.2570471199567355,0.8370000000000001,0.16299999999999992,4.7368421052631575,Low,0.0,0.0,1,0,-0.34716208339296417,0.0012836970474967907,0.029599999999999998,0.0,0,0,0,0.999315537303217,0.0,0.0,5,0.148
POL-2020341,INS-10341,Credit Union,NCUA,West,2020,GCP,Jack Henry,81764,1.0,1,13796.0,0.0,4.192680462942962,-1.2855645600955476,0.7217499999999999,0.2782500000000001,11.38888888888889,Moderate,0.0,0.0,1,0,-0.6735607081230602,0.15337423312883436,0.0492,0.6931471805599453,0,0,0,0.999315537303217,0.16872951421163349,0.0,10,0.492
POL-2020342,INS-10342,Regional Bank,OCC,Southwest,2024,Azure,Fiserv,2687000,1.0,1,3353255.0,779963.0,6.967626676019528,0.4184628312503908,0.76825,0.23175,4.814814814814815,Low,2.575905378850778,0.2,1,0,-0.17069522623467442,0.023569341001225604,0.0336,0.0,0,0,0,0.999315537303217,1.2479549683662077,0.23259877343059207,25,0.84
POL-2020343,INS-10343,Credit Union,NCUA,Midwest,2020,Hybrid,Other,99714,0.0,0,0.0,0.0,3.8543938925915096,-1.3499325432432556,0.5885,0.4115,28.0,Extreme,0.0,0.0,1,0,-0.23122037087196862,0.5411255411255411,0.03632,0.0,0,1,0,0.999315537303217,0.0,0.0,25,0.908
POL-2020344,INS-10344,Community Bank,FRB,Midwest,2023,Azure,Temenos,57282,1.0,1,850970.0,124242.0,3.711130063048756,-1.3852970924557482,0.65675,0.34325000000000006,24.848484848484848,Extreme,0.7953863896925372,0.0,1,0,0.2543431637060452,0.2506265664160401,0.0075,0.0,0,0,0,0.999315537303217,14.85580112426242,0.14600044654923205,10,0.075
POL-2020345,INS-10345,Investment Bank,FDIC,Midwest,2023,AWS,Jack Henry,4571393,0.0,0,0.0,0.0,8.479200523906142,1.401545384901797,0.51175,0.48824999999999996,13.5,Moderate,0.0,0.0,1,0,-0.09214624668414317,0.0004155757802435274,0.0125,0.0,0,0,0,0.999315537303217,0.0,0.0,2,0.025
POL-2020346,INS-10346,Community Bank,FINRA,Southeast,2023,On-Prem,Jack Henry,32204,0.0,0,0.0,0.0,4.455509411433685,-0.8884657748355455,0.7042499999999999,0.29575000000000007,27.89473684210526,Extreme,2.1903450905694273,0.25,1,0,-0.44370271473075207,0.011750881316098707,0.025,1.0986122886681098,1,0,0,0.999315537303217,0.0,0.0,1,0.025
POL-2020347,INS-10347,Insurance Carrier,FINRA,Southwest,2024,On-Prem,Unknown,1639332,0.0,0,0.0,0.0,7.941651252930556,0.7967864231056138,0.5820000000000001,0.4179999999999999,11.538461538461538,Moderate,0.0,0.0,0,0,-0.3702948893187671,0.000711490572749911,0.025,0.6931471805599453,0,0,1,0.999315537303217,0.0,0.0,2,0.05
POL-2020348,INS-10348,Fintech-Payments,SEC,Southwest,2024,Azure,Unknown,209712,0.0,0,0.0,0.0,4.822697998516666,-0.8554052474738792,0.769,0.23099999999999998,22.307692307692307,Extreme,3.156996596125318,0.5,1,0,-0.6052840237578951,0.04055150040551501,0.0412,0.0,0,0,1,0.999315537303217,0.0,0.0,5,0.206
POL-2020349,INS-10349,Hedge Fund,OCC,Southwest,2021,AWS,Unknown,469557,1.0,1,118787.0,19094.0,6.532916364415733,0.01921197892363709,0.34225,0.6577500000000001,7.2,Low,0.0,0.0,1,0,-0.4704284006672317,0.002913752913752914,0.0295,0.6931471805599453,0,0,1,0.999315537303217,0.2529767419077982,0.1607414952814702,2,0.059
POL-2020350,INS-10350,Community Bank,FDIC,National,2023,Azure,FIS,25222,0.0,0,0.0,0.0,2.856470206220483,-1.8715200492163533,0.8590000000000001,0.1409999999999999,16.666666666666668,High,1.5855741755308748,0.0,1,0,-0.07019511433948761,0.9146341463414634,0.025133333333333334,0.6931471805599453,0,0,0,0.999315537303217,0.0,0.0,15,0.377
POL-2020351,INS-10351,Community Bank,FRB,Midwest,2023,AWS,In-House,185896,0.0,0,0.0,0.0,5.271973391208435,-0.4411499950622431,0.9137500000000002,0.08624999999999983,10.465116279069768,Moderate,1.3862943611198906,0.0,1,0,-0.1424446824138809,0.025799793601651185,0.020399999999999998,0.0,0,0,0,0.999315537303217,0.0,0.0,5,0.102
POL-2020352,INS-10352,Community Bank,FINRA,National,2024,GCP,Fiserv,37801,0.0,0,0.0,0.0,4.310799125385514,-0.9314416589344754,0.8080000000000002,0.19199999999999984,11.794871794871796,Moderate,0.7797905781299385,0.0,1,0,-0.10327219238952809,0.027210884353741496,0.013,0.6931471805599453,0,0,0,0.999315537303217,0.0,0.0,2,0.026
POL-2020353,INS-10353,Fintech-Lending,SEC,Northeast,2020,Azure,Unknown,216624,0.0,0,0.0,0.0,4.2456340097683265,-1.2171860251037236,0.7842500000000001,0.2157499999999999,5.882352941176471,Low,0.7875884839112379,0.0,0,0,-0.34166818955088063,0.2180232558139535,0.037333333333333336,0.0,0,0,1,0.999315537303217,0.0,0.0,15,0.56
POL-2020354,INS-10354,Community Bank,NCUA,Midwest,2022,On-Prem,Fiserv,658049,0.0,0,0.0,0.0,5.1298987149230735,-0.32372188911752603,0.8717500000000001,0.12824999999999986,2.2222222222222223,Low,1.3862943611198906,0.0,1,0,-0.3833877329041181,0.2976190476190476,0.048639999999999996,0.0,0,0,0,0.999315537303217,0.0,0.0,50,2.432
POL-2020355,INS-10355,Broker-Dealer,FINRA,West,2024,Hybrid,Unknown,3130735,0.0,0,0.0,0.0,7.546076617258303,0.4689957432537086,0.548,0.45199999999999996,29.333333333333332,Extreme,2.2295726058358913,0.3333333333333333,1,0,-0.21072136677904607,0.005284574327537917,0.028399999999999998,1.0986122886681098,1,1,1,0.999315537303217,0.0,0.0,10,0.284
POL-2020356,INS-10356,Asset Manager,SEC,National,2022,GCP,Unknown,1411606,0.0,0,0.0,0.0,7.247579035836864,0.47337290594019593,0.76825,0.23175,34.166666666666664,Extreme,0.0,0.0,2,0,0.16463141905474393,0.003562014675500463,0.0066,0.0,0,0,1,0.999315537303217,0.0,0.0,5,0.033
POL-2020357,INS-10357,Community Bank,FRB,National,2020,On-Prem,FIS,96641,1.0,1,28509.0,18591.0,3.914021008090819,-1.1964973478907124,0.5347500000000001,0.46524999999999994,12.222222222222221,Moderate,0.0,0.0,1,0,0.2710005539589844,0.30549898167006106,0.0098,0.0,0,0,0,0.999315537303217,0.2949990169803707,0.6521098600441966,15,0.147
POL-2020358,INS-10358,Investment Bank,FRB,Southeast,2023,Hybrid,In-House,61088394,0.0,0,0.0,0.0,9.314970621054266,1.7939230669410768,0.749,0.251,81.30434782608695,Extreme,2.1998185230177967,0.3333333333333333,1,0,0.3251124896147959,0.004503693028283192,0.0168,0.0,0,1,0,0.999315537303217,0.0,0.0,50,0.84
POL-2020359,INS-10359,Credit Union,NCUA,National,2022,Azure,Finastra,211828,0.0,0,0.0,0.0,4.401829261970061,-1.1514225881961564,0.97975,0.02024999999999999,23.137254901960787,Extreme,0.0,0.0,1,0,-0.5018033704269307,0.3101736972704715,0.048479999999999995,0.6931471805599453,0,0,0,0.999315537303217,0.0,0.0,25,1.212
POL-2020360,INS-10360,Insurance Carrier,FDIC,Southeast,2024,GCP,Unknown,17328879,0.0,0,0.0,0.0,8.369458551381651,1.0822970095707718,0.6315,0.36850000000000005,23.79310344827586,Extreme,0.0,0.0,0,0,0.5311650040785253,0.011594740625652203,0.00754,0.0,0,0,1,0.999315537303217,0.0,0.0,50,0.377
POL-2020361,INS-10361,Investment Bank,OCC,National,2022,Hybrid,Finastra,65433023,0.0,0,0.0,0.0,8.54593612694845,1.4842713892391466,0.611,0.389,9.72972972972973,Moderate,1.5907727793850743,0.0,1,0,0.2721992756561753,0.048592753848546104,0.032144,0.6931471805599453,0,1,0,0.999315537303217,0.0,0.0,250,8.036
POL-2020362,INS-10362,Fintech-Lending,SEC,Midwest,2024,On-Prem,Unknown,632753,1.0,1,58490.0,1118.0,5.511410582008745,-0.5555056881616453,0.6460000000000001,0.35399999999999987,13.57142857142857,Moderate,0.0,0.0,0,0,0.2457817436934452,0.060851926977687626,0.010933333333333333,0.0,0,0,1,0.999315537303217,0.09243733336704844,0.019114378526243803,15,0.164
POL-2020363,INS-10363,Regional Bank,NCUA,Southeast,2021,Azure,Jack Henry,8846692,0.0,0,0.0,0.0,6.788633848074274,0.3503420644167403,0.9230000000000002,0.07699999999999985,5.217391304347826,Low,1.6899098080558053,0.0,1,0,0.8357951813081557,0.281944287808729,0.006816,0.0,0,0,0,0.999315537303217,0.0,0.0,250,1.704
POL-2020364,INS-10364,Broker-Dealer,FINRA,Southeast,2021,Hybrid,Unknown,357960,0.0,0,0.0,0.0,6.527372951241436,-0.11790013224560093,0.8252499999999999,0.17475000000000007,19.11764705882353,High,0.0,0.0,1,0,-0.8219848687138407,0.001464986815118664,0.042,1.0986122886681098,1,1,1,0.999315537303217,0.0,0.0,1,0.042
POL-2020365,INS-10365,Fintech-Payments,CFPB,Southwest,2020,On-Prem,Unknown,776707,0.0,0,0.0,0.0,6.296188085414615,-0.10023999409101081,0.5597500000000001,0.4402499999999999,19.62962962962963,High,0.7797905781299385,0.0,1,0,-0.07568900818157112,0.009233610341643583,0.0174,0.0,0,0,1,0.999315537303217,0.0,0.0,5,0.087
POL-2020366,INS-10366,Regional Bank,FRB,West,2021,AWS,Fiserv,9022570,0.0,0,0.0,0.0,7.177706077403603,0.5976036966818575,0.8255000000000001,0.17449999999999988,16.07843137254902,High,0.0,0.0,1,0,0.27636811899121777,0.07640003056001222,0.024550000000000002,0.0,0,0,0,0.999315537303217,0.0,0.0,100,2.455
POL-2020367,INS-10367,Community Bank,SEC,Southeast,2022,AWS,FIS,33165,0.0,0,0.0,0.0,4.276666119016055,-0.9931898505080966,0.82725,0.17274999999999996,4.761904761904763,Low,1.559581156259877,0.0,1,0,-0.403672726434922,0.028169014084507043,0.0265,0.6931471805599453,0,0,0,0.999315537303217,0.0,0.0,2,0.053
POL-2020368,INS-10368,Insurance Carrier,FRB,Midwest,2024,On-Prem,Unknown,2925224,0.0,0,0.0,0.0,7.913594167497892,0.6806964650775101,0.7832500000000001,0.2167499999999999,11.212121212121211,Moderate,0.0,0.0,0,0,-0.4940245667040455,0.001829357529635592,0.036199999999999996,0.0,0,0,1,0.999315537303217,0.0,0.0,5,0.181
POL-2020369,INS-10369,Credit Union,NCUA,Southeast,2023,AWS,Fiserv,43858,0.0,0,0.0,0.0,4.498697941477575,-1.1214276514049302,0.764,0.236,5.483870967741935,Low,0.0,0.0,1,0,-0.381420835024152,0.02249718785151856,0.0255,0.6931471805599453,0,0,0,0.999315537303217,0.0,0.0,2,0.051
POL-2020370,INS-10370,National Bank,FDIC,Northeast,2020,AWS,In-House,23478955,0.0,0,0.0,0.0,8.78647195706609,1.5577940837566635,0.9245,0.07550000000000001,5.531914893617022,Low,1.0986122886681098,0.0,1,0,-0.004251078482115644,0.003820235020858483,0.02612,0.0,0,0,0,0.999315537303217,0.0,0.0,25,0.653
POL-2020371,INS-10371,Insurance Carrier,SEC,Southwest,2023,Azure,Unknown,2845749,0.0,0,0.0,0.0,8.335167590822925,1.0054244779339676,0.7545,0.24550000000000005,33.57142857142858,Extreme,1.0986122886681098,0.0,0,0,-0.2701613779703025,0.00047997312150519574,0.0205,0.0,0,0,1,0.999315537303217,0.0,0.0,2,0.041
POL-2020372,INS-10372,Regional Bank,SEC,West,2023,Azure,Finastra,1140907,0.0,0,0.0,0.0,6.392586905782009,0.09097939795562536,0.84175,0.15825,8.823529411764707,Moderate,0.0,0.0,1,0,-0.22892527306964627,0.025150905432595575,0.032266666666666666,1.0986122886681098,1,0,0,0.999315537303217,0.0,0.0,15,0.484
POL-2020373,INS-10373,Asset Manager,FDIC,West,2024,Azure,Unknown,726640,0.0,0,0.0,0.0,7.203256700486049,0.4669622495830164,0.69675,0.30325,15.294117647058824,High,0.0,0.0,2,0,-0.8932143374718601,0.0014894250819183796,0.0485,0.0,0,0,1,0.999315537303217,0.0,0.0,2,0.097
POL-2020374,INS-10374,Custodian Bank,OCC,West,2022,Azure,Temenos,4520083,0.0,0,0.0,0.0,8.488176242345745,1.3683220202294233,0.8405,0.15949999999999998,7.027027027027026,Low,1.6941345825759448,0.0,1,0,-0.3115590571357324,0.001029654036243822,0.028000000000000004,0.6931471805599453,0,0,0,0.999315537303217,0.0,0.0,5,0.14
POL-2020375,INS-10375,Community Bank,NCUA,Southeast,2020,Hybrid,FIS,265360,0.0,0,0.0,0.0,4.389498649512583,-0.8519412977021278,0.53575,0.46425000000000005,46.470588235294116,Extreme,2.0086294677815273,0.3333333333333333,1,0,0.5734435977589881,0.628140703517588,0.005639999999999999,0.0,0,1,0,0.999315537303217,0.0,0.0,50,0.282
POL-2020376,INS-10376,Credit Union,NCUA,Northeast,2021,Azure,FIS,55125,0.0,0,0.0,0.0,4.269697449699962,-1.1563924753893937,0.26875,0.73125,19.473684210526315,High,0.6931471805599453,0.0,1,0,-0.40501700106096594,0.07092198581560284,0.0322,0.0,0,0,0,0.999315537303217,0.0,0.0,5,0.161
POL-2020377,INS-10377,National Bank,OCC,Southeast,2022,Azure,In-House,32333270,0.0,0,0.0,0.0,9.195916851310459,1.7758190575097172,0.637,0.363,32.35294117647059,Extreme,1.1961141292874042,0.0,1,0,-0.32912869307935627,0.002536577446782605,0.04072,0.0,0,0,0,0.999315537303217,0.0,0.0,25,1.018
POL-2020378,INS-10378,Credit Union,NCUA,Midwest,2022,AWS,Fiserv,199677,0.0,0,0.0,0.0,5.5801071132949795,-0.5016819598857803,0.62575,0.37424999999999997,15.0,High,0.0,0.0,1,0,-0.6631389414258969,0.01893222264293828,0.0438,0.0,0,0,0,0.999315537303217,0.0,0.0,5,0.219
POL-2020379,INS-10379,Community Bank,State,National,2023,Azure,Other,72810,0.0,0,0.0,0.0,3.8394523125933104,-1.256509963286618,0.70075,0.29925,14.166666666666666,High,0.0,0.0,1,0,-0.6579843841355213,0.21978021978021978,0.0485,0.6931471805599453,0,0,0,0.999315537303217,0.0,0.0,10,0.485
POL-2020380,INS-10380,Regional Bank,NCUA,West,2021,On-Prem,In-House,722755,0.0,0,0.0,0.0,5.2574953720277815,-0.41318993491286643,0.719,0.281,10.0,Moderate,0.7797905781299385,0.0,1,0,0.23387973483063917,0.2617801047120419,0.0209,0.0,0,0,0,0.999315537303217,0.0,0.0,50,1.045
POL-2020381,INS-10381,National Bank,FRB,Southwest,2020,On-Prem,FIS,23295736,0.0,0,0.0,0.0,8.629449873761905,1.5886860971407089,0.8215,0.1785,22.5,Extreme,0.7875884839112379,0.0,1,0,-0.020236865080353272,0.008939746111210442,0.03232,0.0,0,0,0,0.999315537303217,0.0,0.0,50,1.616
POL-2020382,INS-10382,Broker-Dealer,SEC,National,2020,GCP,Unknown,2990693,0.0,0,0.0,0.0,7.28495807737233,0.486290016945788,0.6312500000000001,0.3687499999999999,3.214285714285714,Low,3.1864553512991147,0.5,0,0,-0.1681034365468752,0.010293713972001097,0.029533333333333335,0.0,0,0,1,0.999315537303217,0.0,0.0,15,0.443
POL-2020383,INS-10383,Broker-Dealer,FINRA,National,2023,On-Prem,Unknown,221266,0.0,0,0.0,0.0,5.820082930352362,-0.47735785723360263,0.7805,0.21950000000000003,12.82608695652174,Moderate,0.0,0.0,1,0,-0.09214624668414317,0.005952380952380952,0.0125,0.0,0,0,1,0.999315537303217,0.0,0.0,2,0.025
POL-2020384,INS-10384,Credit Union,NCUA,Southeast,2024,On-Prem,Finastra,61052,2.0,1,396619.0,58386.0,3.6584202466292277,-1.6176275441002248,0.42224999999999996,0.57775,8.620689655172415,Moderate,0.0,0.0,1,0,0.3674254167389874,0.39682539682539686,0.0054666666666666665,0.6931471805599453,0,0,0,0.999315537303217,6.496412893926489,0.14720928649409132,15,0.082
POL-2020385,INS-10385,Regional Bank,SEC,Northeast,2023,Azure,Finastra,193663,0.0,0,0.0,0.0,5.381278887262384,-0.2261181250532381,0.8250000000000001,0.17499999999999993,29.02439024390244,Extreme,0.0,0.0,1,0,-0.7165434808117448,0.02311604253351826,0.046200000000000005,0.0,0,0,0,0.999315537303217,0.0,0.0,5,0.231
POL-2020386,INS-10386,Fintech-Payments,CFPB,Northeast,2020,On-Prem,Unknown,1578408,0.0,0,0.0,0.0,6.076724391058805,-0.21744473111174256,0.7992500000000001,0.20074999999999987,65.80645161290322,Extreme,0.0,0.0,1,0,0.41408448004035886,0.057524160147261846,0.00732,0.0,0,0,1,0.999315537303217,0.0,0.0,25,0.183
POL-2020387,INS-10387,Asset Manager,OCC,West,2020,Hybrid,Unknown,367477,0.0,0,0.0,0.0,5.7954496631820245,-0.40367690969838255,0.6552500000000001,0.3447499999999999,10.000000000000002,Moderate,0.0,0.0,1,0,-0.5785817540649713,0.01525320317266626,0.04,0.0,0,1,1,0.999315537303217,0.0,0.0,5,0.2
POL-2020388,INS-10388,Hedge Fund,FINRA,Midwest,2023,Hybrid,Unknown,1134884,0.0,0,0.0,0.0,5.81740873473106,-0.44992254624976197,0.858,0.14200000000000002,3.513513513513513,Low,0.0,0.0,0,0,0.38382190772171176,0.0746045956430916,0.00868,0.0,0,1,1,0.999315537303217,0.0,0.0,25,0.217
POL-2020389,INS-10389,Insurance Carrier,FINRA,Northeast,2022,GCP,Unknown,1680067,0.0,0,0.0,0.0,8.106604982609303,0.9975307452262624,0.6260000000000001,0.3739999999999999,13.703703703703702,Moderate,0.0,0.0,0,0,-0.39254678072953697,0.0006032636563810213,0.026,0.6931471805599453,0,0,1,0.999315537303217,0.0,0.0,2,0.052
POL-2020390,INS-10390,Fintech-Payments,State,Southeast,2024,On-Prem,Unknown,1676609,0.0,0,0.0,0.0,6.270042805310292,-0.11357431914409226,0.75725,0.24275000000000002,2.3255813953488373,Low,1.0986122886681098,0.0,1,0,0.2650667162494458,0.02843601895734597,0.010066666666666666,1.3862943611198906,1,0,1,0.999315537303217,0.0,0.0,15,0.151
POL-2020391,INS-10391,Insurance Carrier,State,Southeast,2020,On-Prem,Unknown,12951161,1.0,1,1156850.0,200818.0,8.624898954829403,1.2440252672597367,0.7817500000000001,0.21824999999999994,26.0,Extreme,0.0,0.0,0,0,-0.18226620976827484,0.004490265105251814,0.03412,0.0,0,0,1,0.999315537303217,0.0893240382078487,0.17359035311405974,25,0.853
POL-2020392,INS-10392,Community Bank,FDIC,Southwest,2023,Hybrid,Temenos,590138,1.0,1,519920.0,330451.0,5.462983988103271,-0.388160995145769,0.4385,0.5615,3.0769230769230766,Low,0.0,0.0,1,0,-0.4644201928568373,0.10647359454855196,0.046799999999999994,0.6931471805599453,0,1,0,0.999315537303217,0.8810142712382527,0.6355804739190645,25,1.17
POL-2020393,INS-10393,Asset Manager,State,Southwest,2024,Hybrid,Unknown,980764,0.0,0,0.0,0.0,6.596463340891223,-0.001131613741582535,0.7302500000000001,0.26974999999999993,8.333333333333334,Moderate,0.6931471805599453,0.0,1,0,-0.006003965799962874,0.01367053998632946,0.019200000000000002,0.0,0,1,1,0.999315537303217,0.0,0.0,10,0.192
POL-2020394,INS-10394,Insurance Carrier,CFPB,West,2021,On-Prem,Unknown,59323626,0.0,0,0.0,0.0,8.656694230193795,1.2908035896618342,0.76075,0.23924999999999996,5.6818181818181825,Low,0.6931471805599453,0.0,0,0,0.6312557954603586,0.04349717268377556,0.016007999999999998,0.0,0,0,1,0.999315537303217,0.0,0.0,250,4.002
POL-2020395,INS-10395,Insurance Carrier,SEC,Southwest,2021,Azure,Unknown,19493412,0.0,0,0.0,0.0,8.179592318124204,0.8465439436759746,0.6225,0.37749999999999995,29.64285714285714,Extreme,0.0,0.0,0,0,0.1281705221954902,0.02803947958725886,0.03121,0.0,0,0,1,0.999315537303217,0.0,0.0,100,3.121
POL-2020396,INS-10396,Fintech-Lending,CFPB,National,2024,Hybrid,Unknown,941575,1.0,1,6647362.0,2873014.0,6.016401032398013,-0.3686381540160853,0.8930000000000001,0.10699999999999987,21.794871794871796,High,0.0,0.0,0,0,0.10336963866451776,0.036665851869958445,0.017333333333333333,0.0,0,1,1,0.999315537303217,7.059832727079627,0.43220363205734846,15,0.26
POL-2020397,INS-10397,Broker-Dealer,SEC,National,2022,Azure,Unknown,7568323,0.0,0,0.0,0.0,6.792119935383212,0.11834732182598458,0.73075,0.26925,10.000000000000002,Moderate,0.0,0.0,0,0,-0.14842048804037977,0.11238480557428636,0.04364,0.0,0,0,1,0.999315537303217,0.0,0.0,100,4.364
POL-2020398,INS-10398,Community Bank,State,National,2020,Hybrid,In-House,164733,0.0,0,0.0,0.0,4.741447804280639,-0.6778950118408371,0.6300000000000001,0.3699999999999999,4.444444444444444,Low,2.164113623636083,0.3333333333333333,1,0,0.022923493034038067,0.08802816901408451,0.0179,0.6931471805599453,0,1,0,0.999315537303217,0.0,0.0,10,0.179
POL-2020399,INS-10399,Fintech-Payments,State,National,2024,AWS,Unknown,865148,0.0,0,0.0,0.0,6.2136075980886085,-0.28226941132043176,0.7665,0.23350000000000004,2.5,Low,0.0,0.0,1,0,-0.3026583005714244,0.010030090270812437,0.027600000000000003,0.0,0,0,1,0.999315537303217,0.0,0.0,5,0.138
POL-2020400,INS-10400,Community Bank,OCC,National,2022,GCP,Other,10328,0.0,0,0.0,0.0,3.095577608523707,-1.735295765082638,0.80725,0.19274999999999998,18.333333333333332,High,0.0,0.0,1,0,-0.9154662288826301,0.0947867298578199,0.0495,0.0,0,0,0,0.999315537303217,0.0,0.0,2,0.099
POL-2020401,INS-10401,National Bank,FDIC,National,2023,On-Prem,Finastra,170120179,0.0,0,0.0,0.0,10.317803377242255,2.4414380589089237,0.616,0.384,14.8,High,0.0,0.0,1,0,0.4185704335400295,0.0016520351420915426,0.0126,0.0,0,0,0,0.999315537303217,0.0,0.0,50,0.63
POL-2020402,INS-10402,Fintech-Payments,CFPB,Southwest,2022,On-Prem,Unknown,176962,0.0,0,0.0,0.0,5.855358414110991,-0.5123968001273107,0.55925,0.44075,3.0232558139534884,Low,0.0,0.0,1,0,-0.7997329773030707,0.0028727377190462507,0.041,0.0,0,0,1,0.999315537303217,0.0,0.0,1,0.041
POL-2020403,INS-10403,Community Bank,FINRA,West,2024,On-Prem,Other,255279,0.0,0,0.0,0.0,5.063860055333554,-0.4796001250565603,0.5805,0.4195,28.8,Extreme,0.0,0.0,1,0,-0.25117716448041616,0.09541984732824428,0.03326666666666667,1.0986122886681098,1,0,0,0.999315537303217,0.0,0.0,15,0.499
POL-2020404,INS-10404,Insurance Carrier,FINRA,National,2022,Azure,Unknown,10609222,0.0,0,0.0,0.0,8.504715669905124,1.125860549708484,0.8027500000000001,0.19724999999999993,39.99999999999999,Extreme,0.0,0.0,0,0,0.2710005539589844,0.0030382823577071094,0.0098,1.0986122886681098,1,0,1,0.999315537303217,0.0,0.0,15,0.147
POL-2020405,INS-10405,Insurance Carrier,State,Northeast,2021,On-Prem,Unknown,5174209,0.0,0,0.0,0.0,8.281420223701886,0.9908813008301264,0.7245,0.27549999999999997,16.25,High,2.841743786688177,0.6666666666666666,0,0,0.056301330150192896,0.002532414910858995,0.0164,0.0,0,0,1,0.999315537303217,0.0,0.0,10,0.164
POL-2020406,INS-10406,Community Bank,FRB,Northeast,2022,GCP,Fiserv,53363,0.0,0,0.0,0.0,3.770459441106359,-1.1965923078967102,0.7190000000000001,0.2809999999999999,29.512195121951223,Extreme,0.0,0.0,1,0,-0.5133470899655167,0.2358490566037736,0.041999999999999996,1.0986122886681098,1,0,0,0.999315537303217,0.0,0.0,10,0.42
POL-2020407,INS-10407,Broker-Dealer,FINRA,National,2022,GCP,Unknown,722917,1.0,1,13542297.0,6500620.0,5.826589903917748,-0.48024983040139985,0.6060000000000001,0.3939999999999999,16.153846153846153,High,0.0,0.0,1,0,-0.6691103298409063,0.029568302779420463,0.049,0.0,0,0,1,0.999315537303217,18.732851765832038,0.4800234406319696,10,0.49
POL-2020408,INS-10408,Asset Manager,State,Southeast,2024,Azure,Unknown,1066921,0.0,0,0.0,0.0,6.664536563236877,0.1572524489061309,0.81025,0.18974999999999997,6.176470588235294,Low,0.0,0.0,2,0,-0.10613747714842736,0.012769761205465458,0.0237,0.6931471805599453,0,0,1,0.999315537303217,0.0,0.0,10,0.237
POL-2020409,INS-10409,Community Bank,OCC,Northeast,2024,GCP,In-House,1971020,1.0,1,3444498.0,1807501.0,4.969813299576001,-0.47975952307484643,0.6604999999999999,0.33950000000000014,8.23529411764706,Moderate,0.6931471805599453,0.0,1,0,0.8271473075211393,3.4965034965034967,0.012827999999999999,0.0,0,0,0,0.999315537303217,1.7475713082566386,0.524750195819536,500,6.414
POL-2020410,INS-10410,Broker-Dealer,FINRA,Northeast,2024,On-Prem,Unknown,2077852,0.0,0,0.0,0.0,6.815310988590857,0.2887111142019059,0.7172499999999999,0.28275000000000006,3.513513513513513,Low,0.7797905781299385,0.0,1,0,-0.5092991048453474,0.016470846601515318,0.04486666666666667,0.6931471805599453,0,0,1,0.999315537303217,0.0,0.0,15,0.673
POL-2020411,INS-10411,Regional Bank,NCUA,Southwest,2024,GCP,FIS,889568,0.0,0,0.0,0.0,5.700777965635902,-0.11818339058231425,0.7795,0.22050000000000003,20.3921568627451,High,0.6931471805599453,0.0,1,0,-0.4955728408319153,0.08386447500838644,0.0482,0.0,0,0,0,0.999315537303217,0.0,0.0,25,1.205
POL-2020412,INS-10412,Asset Manager,OCC,Southeast,2020,Azure,Unknown,4108386,1.0,1,761843.0,12318.0,7.789454566086673,0.6861267041201279,0.5115,0.48850000000000005,32.10526315789473,Extreme,0.0,0.0,2,0,-0.13283974684135125,0.004142502071251036,0.0249,0.6931471805599453,0,0,1,0.999315537303217,0.1854360812250845,0.016168685674082455,10,0.249
POL-2020413,INS-10413,Regional Bank,FDIC,National,2024,Azure,In-House,1271961,0.0,0,0.0,0.0,6.128178370423804,0.01812369261511391,0.784,0.21599999999999997,0.6122448979591837,Low,0.6931471805599453,0.0,1,0,0.26099146713426186,0.05463286713286713,0.014199999999999999,0.0,0,0,0,0.999315537303217,0.0,0.0,25,0.355
POL-2020414,INS-10414,Regional Bank,FDIC,West,2020,Azure,Other,1217247,0.0,0,0.0,0.0,6.2172047242694575,0.06721368666153983,0.53925,0.46075,13.913043478260867,Moderate,0.0,0.0,1,0,0.0010893754564692548,0.04997001798920647,0.02588,0.0,0,0,0,0.999315537303217,0.0,0.0,25,0.647
POL-2020415,INS-10415,Asset Manager,FDIC,National,2023,Hybrid,Unknown,407554,0.0,0,0.0,0.0,6.8719208259729205,0.16673568974712802,0.7847500000000001,0.21524999999999994,5.208333333333334,Low,0.6931471805599453,0.0,2,0,-0.44370271473075207,0.0010375596596804318,0.025,0.0,0,1,1,0.999315537303217,0.0,0.0,1,0.025
POL-2020416,INS-10416,Regional Bank,SEC,West,2020,GCP,FIS,634656,0.0,0,0.0,0.0,6.842042735616755,0.32259902542556224,0.8817500000000001,0.11824999999999986,2.7906976744186047,Low,0.7953863896925372,0.0,1,0,-0.09214624668414317,0.0021381227282446015,0.0125,0.6931471805599453,0,0,0,0.999315537303217,0.0,0.0,2,0.025
POL-2020417,INS-10417,National Bank,FDIC,Southwest,2020,Hybrid,Other,46105511,0.0,0,0.0,0.0,9.199147970072033,1.7637132908939368,0.5715,0.4285,7.368421052631579,Low,0.0,0.0,1,0,-0.40163428386094946,0.005056787726164831,0.04946,0.0,0,1,0,0.999315537303217,0.0,0.0,50,2.473
POL-2020418,INS-10418,Community Bank,FRB,Northeast,2022,AWS,FIS,139279,0.0,0,0.0,0.0,3.6136169696133895,-1.391806220212608,0.83025,0.16974999999999996,8.23529411764706,Moderate,0.0,0.0,1,0,0.5805642030104344,1.3850415512465373,0.00532,0.0,0,0,0,0.999315537303217,0.0,0.0,50,0.266
POL-2020419,INS-10419,Hedge Fund,CFPB,National,2020,Hybrid,Unknown,1683869,0.0,0,0.0,0.0,6.529126824827532,0.02726515277921464,0.82825,0.17174999999999996,26.842105263157894,Extreme,1.47784755121885,0.0,1,0,-0.43364267404872947,0.02193623866627669,0.041466666666666666,1.0986122886681098,1,1,1,0.999315537303217,0.0,0.0,15,0.622
POL-2020420,INS-10420,Broker-Dealer,SEC,West,2022,On-Prem,Unknown,562385,0.0,0,0.0,0.0,6.6383059747914155,-0.12851577415841423,0.9945,0.005499999999999949,11.568627450980394,Moderate,0.7797905781299385,0.0,0,0,-0.5038062377833865,0.0026219192448872575,0.031,0.0,0,0,1,0.999315537303217,0.0,0.0,2,0.062
POL-2020421,INS-10421,Broker-Dealer,FINRA,Midwest,2022,Azure,Unknown,1690681,0.0,0,0.0,0.0,6.583547525180906,0.12127529108048613,0.864,0.136,3.888888888888889,Low,0.0,0.0,0,0,-0.387655431799805,0.02077274615704196,0.0394,0.0,0,0,1,0.999315537303217,0.0,0.0,15,0.591
POL-2020422,INS-10422,Community Bank,CFPB,West,2020,GCP,In-House,132870,0.0,0,0.0,0.0,4.477336814478207,-0.8591991027768285,0.8535,0.14649999999999996,9.166666666666666,Moderate,1.3862943611198906,0.0,1,0,0.056301330150192896,0.11494252873563218,0.0164,0.0,0,0,0,0.999315537303217,0.0,0.0,10,0.164
POL-2020423,INS-10423,Hedge Fund,FINRA,National,2022,On-Prem,Unknown,161278,0.0,0,0.0,0.0,5.660874973644924,-0.6230775058586178,0.745,0.255,10.0,Moderate,2.575905378850778,0.2,1,0,-0.8442367601246105,0.003491620111731844,0.043,0.0,0,0,1,0.999315537303217,0.0,0.0,1,0.043
POL-2020424,INS-10424,Broker-Dealer,FINRA,Northeast,2022,Azure,Unknown,1834876,0.0,0,0.0,0.0,7.272398392570047,0.33043865792998317,0.8810000000000001,0.11899999999999988,13.333333333333336,Moderate,0.6931471805599453,0.0,1,0,-0.03563560364218529,0.0034746351633078527,0.0156,0.0,0,0,1,0.999315537303217,0.0,0.0,5,0.078
POL-2020425,INS-10425,Community Bank,FDIC,National,2021,AWS,FIS,82481,0.0,0,0.0,0.0,4.657762636107262,-0.8017493920302027,0.60425,0.39575000000000005,18.333333333333332,High,1.559581156259877,0.0,1,0,-0.5607802409363553,0.047892720306513405,0.0392,0.0,0,0,0,0.999315537303217,0.0,0.0,5,0.196
POL-2020426,INS-10426,Fintech-Payments,State,West,2024,GCP,Unknown,1783772,0.0,0,0.0,0.0,6.685611228001011,0.0660470240020052,0.7630000000000001,0.23699999999999988,65.21739130434783,Extreme,0.7000786523655448,0.0,1,0,-0.5222478465298248,0.012503125781445362,0.0424,0.0,0,0,1,0.999315537303217,0.0,0.0,10,0.424
POL-2020427,INS-10427,Asset Manager,SEC,West,2021,Hybrid,Unknown,313403,0.0,0,0.0,0.0,6.267390283861161,-0.20014628673845902,0.803,0.19699999999999995,1.9354838709677418,Low,0.6931471805599453,0.0,2,0,-0.381420835024152,0.0038015586390420073,0.0255,0.6931471805599453,0,1,1,0.999315537303217,0.0,0.0,2,0.051
POL-2020428,INS-10428,Regional Bank,FRB,Southwest,2021,Azure,Fiserv,145222,1.0,1,139910.0,4162.0,5.496348217047172,-0.1934034076293758,0.729,0.271,9.2,Moderate,0.7797905781299385,0.0,1,0,-0.25903543226491754,0.008237232289950576,0.02,0.6931471805599453,0,0,0,0.999315537303217,0.9634215201553483,0.029747694946751484,2,0.04
POL-2020429,INS-10429,Fintech-Lending,CFPB,Northeast,2021,Azure,Unknown,819651,0.0,0,0.0,0.0,6.054204576929168,-0.19316932493442815,0.8675,0.13249999999999995,2.682926829268293,Low,0.6931471805599453,0.0,0,0,0.2276408940131213,0.02353494939985879,0.0087,0.0,0,0,1,0.999315537303217,0.0,0.0,10,0.087
POL-2020430,INS-10430,Community Bank,CFPB,Southwest,2021,On-Prem,Temenos,18029,1.0,1,149288.0,29221.0,3.742420221041966,-1.2383927813892317,0.56975,0.43025,12.758620689655173,Moderate,0.6931471805599453,0.0,1,0,-0.09214624668414317,0.04854368932038835,0.0125,0.0,0,0,0,0.999315537303217,8.280437073603638,0.1957357590697176,2,0.025
POL-2020431,INS-10431,Broker-Dealer,FINRA,Midwest,2020,Hybrid,Unknown,881700,1.0,1,4179836.0,708547.0,6.108135853911675,-0.29045347656918336,0.6627500000000001,0.33724999999999994,91.53846153846153,Extreme,0.0,0.0,0,0,0.3006697425066776,0.033444816053511704,0.008466666666666667,0.0,0,1,1,0.999315537303217,4.74065555177498,0.16951550252210854,15,0.127
POL-2020432,INS-10432,Broker-Dealer,SEC,Southwest,2022,Azure,Unknown,2504649,0.0,0,0.0,0.0,6.245525201056913,-0.1260401009527175,0.878,0.122,10.975609756097562,Moderate,0.6931471805599453,0.0,1,0,0.4194605091964603,0.09714396735962696,0.01256,0.0,0,0,1,0.999315537303217,0.0,0.0,50,0.628
POL-2020433,INS-10433,Fintech-Lending,State,Southwest,2023,Azure,Unknown,185278,1.0,1,386388.0,89319.0,5.929057086979365,-0.36756778550526464,0.7660000000000001,0.23399999999999987,14.642857142857142,High,2.18196607332694,0.3333333333333333,0,0,-0.44370271473075207,0.0026680896478121665,0.025,0.6931471805599453,0,0,1,0.999315537303217,2.0854499724737963,0.2311640113046989,1,0.025
POL-2020434,INS-10434,Community Bank,FDIC,National,2021,On-Prem,Fiserv,300788,0.0,0,0.0,0.0,5.909169304381152,0.029423068538789926,0.6985000000000001,0.3014999999999999,2.8205128205128207,Low,0.0,0.0,1,0,0.03112007059012442,0.013609145345672292,0.0126,0.0,0,0,0,0.999315537303217,0.0,0.0,5,0.063
POL-2020435,INS-10435,Asset Manager,State,Northeast,2023,Azure,Unknown,1638760,0.0,0,0.0,0.0,7.064075033237091,0.30026439203855,0.6869999999999999,0.31300000000000006,18.46153846153846,High,2.176015256763321,0.3333333333333333,2,0,-0.33310676953828056,0.008560178051703475,0.0339,0.0,0,0,1,0.999315537303217,0.0,0.0,10,0.339
POL-2020436,INS-10436,Broker-Dealer,FINRA,West,2020,On-Prem,Unknown,152332,2.0,1,149238.0,3825.0,5.832468815617524,-0.40516232853914286,0.7315,0.26849999999999996,7.916666666666667,Low,0.0,0.0,0,0,-0.44370271473075207,0.0029394473838918285,0.025,0.6931471805599453,0,0,1,0.999315537303217,0.9796891001234147,0.02563020142323001,1,0.025
POL-2020437,INS-10437,Regional Bank,NCUA,Southwest,2022,Azure,Fiserv,535319,1.0,1,110375.0,30091.0,6.227721737567575,0.05856430434910644,0.6692499999999999,0.3307500000000001,4.482758620689656,Low,0.0,0.0,1,0,0.09342536654028019,0.009889240506329113,0.0098,0.6931471805599453,0,0,0,0.999315537303217,0.2061854707193281,0.2726251415628539,5,0.049
POL-2020438,INS-10438,Fintech-Payments,State,National,2021,GCP,Unknown,518138,1.0,1,917127.0,161047.0,5.285738584341177,-0.7035089151009112,0.654,0.346,11.891891891891891,Moderate,0.7875884839112379,0.0,1,0,-0.5845531424799807,0.05089058524173028,0.045200000000000004,0.6931471805599453,0,0,1,0.999315537303217,1.7700438879217506,0.17559945351080058,10,0.452
POL-2020439,INS-10439,Regional Bank,FINRA,West,2023,Hybrid,Other,228971,0.0,0,0.0,0.0,6.151029116779321,-0.01095652880127379,0.63975,0.36024999999999996,9.666666666666666,Moderate,0.6931471805599453,0.0,1,0,-0.25903543226491754,0.004271678769756515,0.02,0.6931471805599453,0,1,0,0.999315537303217,0.0,0.0,2,0.04
POL-2020440,INS-10440,Broker-Dealer,SEC,National,2021,Azure,Unknown,1031526,0.0,0,0.0,0.0,6.397596099759307,-0.00977102651991015,0.7512500000000001,0.24874999999999992,6.734693877551021,Low,0.0,0.0,1,0,0.21206457002558232,0.016683350016683352,0.0094,0.0,0,0,1,0.999315537303217,0.0,0.0,10,0.094
POL-2020441,INS-10441,Regional Bank,OCC,National,2023,On-Prem,Finastra,1331006,0.0,0,0.0,0.0,7.074455454873135,0.6985208594389406,0.629,0.371,7.419354838709677,Low,0.0,0.0,1,0,0.00441780089720048,0.0042358522534733985,0.013800000000000002,0.6931471805599453,0,0,0,0.999315537303217,0.0,0.0,5,0.069
POL-2020442,INS-10442,Fintech-Payments,SEC,West,2023,AWS,Unknown,2743792,0.0,0,0.0,0.0,6.596599850344714,0.07884699951719183,0.8517500000000001,0.14824999999999988,3.333333333333334,Low,0.6931471805599453,0.0,1,0,-0.4875621599240381,0.03417167851284855,0.04784,0.0,0,0,1,0.999315537303217,0.0,0.0,25,1.196
POL-2020443,INS-10443,Fintech-Payments,CFPB,Midwest,2020,Azure,Unknown,1521775,0.0,0,0.0,0.0,5.549853992363464,-0.44156464533826617,0.8465,0.15349999999999997,6.07843137254902,Low,0.0,0.0,1,0,0.20495227599663823,0.19516003122560502,0.0222,0.0,0,0,1,0.999315537303217,0.0,0.0,50,1.11
POL-2020444,INS-10444,Regional Bank,FINRA,National,2024,GCP,Other,298396,1.0,1,3922047.0,2590813.0,6.625127080833035,0.3995292202246004,0.7735,0.22650000000000003,10.74074074074074,Moderate,0.0,0.0,1,0,-0.7329773030707609,0.001328374070138151,0.038,0.0,0,0,0,0.999315537303217,13.14376533197496,0.6605767345470362,1,0.038
POL-2020445,INS-10445,Investment Bank,FRB,West,2024,On-Prem,Jack Henry,22928332,1.0,1,524653.0,19633.0,8.473784520999216,1.3311157884547002,0.71375,0.28625,19.25925925925926,High,0.0,0.0,1,0,0.12039508863571263,0.010445827936322233,0.026000000000000002,0.0,0,0,0,0.999315537303217,0.022882301250697172,0.037420923924956113,50,1.3
POL-2020446,INS-10446,Fintech-Payments,CFPB,Midwest,2023,GCP,Unknown,1281963,0.0,0,0.0,0.0,6.274008441703639,-0.24339226626537847,0.6245,0.37549999999999994,7.352941176470589,Low,0.0,0.0,1,0,0.06297689757342392,0.0188821752265861,0.0161,0.6931471805599453,0,0,1,0.999315537303217,0.0,0.0,10,0.161
POL-2020447,INS-10447,National Bank,FDIC,Southeast,2021,Azure,FIS,345392106,0.0,0,0.0,0.0,10.074423707588414,2.29054551694542,0.5355000000000001,0.4644999999999999,10.3125,Moderate,0.6931471805599453,0.0,1,0,0.3062001657318316,0.010536386356644036,0.030616,0.0,0,0,0,0.999315537303217,0.0,0.0,250,7.654
POL-2020448,INS-10448,Fintech-Payments,State,Southwest,2024,AWS,Unknown,697159,0.0,0,0.0,0.0,5.522260598032811,-0.8085624949491544,0.73075,0.26925,2.0,Low,0.0,0.0,1,0,-0.2051899222314918,0.06019261637239166,0.031200000000000002,1.0986122886681098,1,0,1,0.999315537303217,0.0,0.0,15,0.468
POL-2020449,INS-10449,Asset Manager,FINRA,West,2024,AWS,Unknown,470573,1.0,1,150368.0,0.0,7.120040086961471,0.32718907744948966,0.6932499999999999,0.3067500000000001,35.588235294117645,Extreme,0.0,0.0,2,0,-0.44370271473075207,0.0008093889113719142,0.025,0.6931471805599453,0,0,1,0.999315537303217,0.31954234518342534,0.0,1,0.025
POL-2020450,INS-10450,Investment Bank,OCC,Southeast,2024,On-Prem,In-House,15166611,0.0,0,0.0,0.0,7.364293657274302,0.7925589413572068,0.761,0.239,11.739130434782608,Moderate,0.0,0.0,0,0,0.27013758939620214,0.06338742393509128,0.02483,0.6931471805599453,0,0,0,0.999315537303217,0.0,0.0,100,2.483
POL-2020451,INS-10451,Broker-Dealer,SEC,National,2024,AWS,Unknown,516841,0.0,0,0.0,0.0,7.126006884215919,0.30276816044291494,0.6492500000000001,0.3507499999999999,18.18181818181818,High,0.7875884839112379,0.0,1,0,-0.44370271473075207,0.0008045699573577922,0.025,0.0,0,0,1,0.999315537303217,0.0,0.0,1,0.025
POL-2020452,INS-10452,Custodian Bank,FRB,West,2020,Hybrid,Fiserv,62057701,0.0,0,0.0,0.0,8.601626247391067,1.3841047887482294,0.558,0.44199999999999995,3.75,Low,0.0,0.0,1,0,0.7191062627500782,0.04596010662744737,0.012060000000000001,0.0,0,1,0,0.999315537303217,0.0,0.0,250,3.015
POL-2020453,INS-10453,Credit Union,NCUA,West,2024,GCP,Jack Henry,186914,1.0,1,101963.0,0.0,4.3528552573736015,-1.4440752114636892,0.5662499999999999,0.4337500000000001,11.470588235294118,Moderate,0.6931471805599453,0.0,1,0,0.4443470523590059,0.3259452411994785,0.00596,1.0986122886681098,1,0,0,0.999315537303217,0.5455075596263522,0.0,25,0.149
POL-2020454,INS-10454,Broker-Dealer,FINRA,West,2021,AWS,Unknown,883685,0.0,0,0.0,0.0,6.135131896920395,-0.17722086177102356,0.7635000000000001,0.23649999999999993,10.0,Moderate,0.0,0.0,1,0,0.11860662610034867,0.021701388888888888,0.013600000000000001,1.0986122886681098,1,0,1,0.999315537303217,0.0,0.0,10,0.136
POL-2020455,INS-10455,Community Bank,SEC,National,2020,On-Prem,Temenos,314729,0.0,0,0.0,0.0,4.403054001865957,-0.805998237840944,0.6112500000000001,0.38874999999999993,26.551724137931036,Extreme,0.0,0.0,1,0,-0.3824976572476875,0.6195786864931846,0.048600000000000004,0.0,0,0,0,0.999315537303217,0.0,0.0,50,2.43
POL-2020456,INS-10456,Insurance Carrier,NCUA,Northeast,2023,GCP,Unknown,57087076,0.0,0,0.0,0.0,9.582744953957857,1.8003857926847047,0.58475,0.41525,10.32258064516129,Moderate,0.0,0.0,0,0,0.20361716251199208,0.0034456144219637244,0.02226,0.0,0,0,1,0.999315537303217,0.0,0.0,50,1.113
POL-2020457,INS-10457,Custodian Bank,FDIC,Midwest,2021,GCP,Fiserv,41147987,0.0,0,0.0,0.0,8.82213053175038,1.480910095107438,0.6795,0.3205,10.882352941176471,Moderate,0.0,0.0,1,0,0.631285786992998,0.014745565271244673,0.0086,1.0986122886681098,1,0,0,0.999315537303217,0.0,0.0,100,0.86
POL-2020458,INS-10458,Fintech-Payments,CFPB,Southeast,2020,Hybrid,Unknown,1475056,0.0,0,0.0,0.0,6.310645286619134,-0.215938157926962,0.7450000000000001,0.2549999999999999,4.4186046511627906,Low,0.6931471805599453,0.0,1,0,-0.4176639568992062,0.018201674554058973,0.0377,0.0,0,1,1,0.999315537303217,0.0,0.0,10,0.377
POL-2020459,INS-10459,Insurance Carrier,SEC,Southeast,2021,Azure,Unknown,20331476,0.0,0,0.0,0.0,8.538073668995592,1.0622865182241172,0.6769999999999999,0.32300000000000006,29.41176470588235,Extreme,0.0,0.0,0,0,-0.30194581034070034,0.009795278675678323,0.04498,0.0,0,0,1,0.999315537303217,0.0,0.0,50,2.249
POL-2020460,INS-10460,Broker-Dealer,FINRA,West,2021,AWS,Unknown,2431386,0.0,0,0.0,0.0,5.863347044327539,-0.35579723079541714,0.93725,0.06274999999999997,6.521739130434783,Low,0.0,0.0,1,0,0.268802475911556,0.28498147620404674,0.02489,1.0986122886681098,1,0,1,0.999315537303217,0.0,0.0,100,2.489
POL-2020461,INS-10461,Community Bank,SEC,Southwest,2024,Hybrid,Fiserv,19845,1.0,1,133327.0,28922.0,3.7773481021015445,-1.2927834656422352,0.6497499999999999,0.35025000000000006,34.0,Extreme,2.9990168012226963,0.5,1,0,-0.5038062377833865,0.046838407494145196,0.031,0.0,0,1,0,0.999315537303217,6.718417737465357,0.2169253039519377,2,0.062
POL-2020462,INS-10462,Investment Bank,FRB,National,2024,On-Prem,Finastra,39005239,0.0,0,0.0,0.0,8.884527125940593,1.6497400296867932,0.65725,0.34275,21.818181818181817,High,3.220823899001879,0.5,0,0,0.31665677087870325,0.00692674276848055,0.01718,0.0,0,0,0,0.999315537303217,0.0,0.0,50,0.859
POL-2020463,INS-10463,Broker-Dealer,FINRA,Midwest,2023,Azure,Unknown,720946,0.0,0,0.0,0.0,6.426002902701853,0.11558727240499878,0.6575,0.3425,5.0,Low,0.0,0.0,1,0,-0.10239127787449501,0.008107669855683475,0.0186,0.0,0,0,1,0.999315537303217,0.0,0.0,5,0.093
POL-2020464,INS-10464,Community Bank,CFPB,Midwest,2021,On-Prem,Other,14763,0.0,0,0.0,0.0,3.3603753871419,-1.4236055963977545,0.73375,0.26625,12.413793103448276,Moderate,2.0031364063381867,0.3333333333333333,1,0,-0.7374510975964708,0.07194244604316546,0.0415,0.0,0,0,0,0.999315537303217,0.0,0.0,2,0.083
POL-2020465,INS-10465,Regional Bank,SEC,Southeast,2024,On-Prem,Finastra,1015945,0.0,0,0.0,0.0,5.945682354452854,0.05390337882145844,0.565,0.43500000000000005,7.714285714285714,Low,0.0,0.0,1,0,0.09365724372527201,0.06559958016268695,0.021720000000000003,0.6931471805599453,0,0,0,0.999315537303217,0.0,0.0,25,0.543
POL-2020466,INS-10466,Fintech-Payments,CFPB,Southwest,2021,Azure,Unknown,581758,1.0,1,243303.0,0.0,7.044643531044259,0.3648494748880917,0.5255000000000001,0.4744999999999999,47.31707317073171,Extreme,0.0,0.0,1,0,-0.44370271473075207,0.0008728288382648163,0.025,0.0,0,0,1,0.999315537303217,0.41822029091134116,0.0,1,0.025
POL-2020467,INS-10467,Asset Manager,OCC,National,2022,Azure,Unknown,1380210,0.0,0,0.0,0.0,7.2474366465442985,0.5203931333319932,0.6145,0.38549999999999995,16.896551724137932,High,1.7328679513998633,0.5,2,0,-0.2937575440071163,0.003562522265764161,0.027200000000000002,0.0,0,0,1,0.999315537303217,0.0,0.0,5,0.136
POL-2020468,INS-10468,Asset Manager,CFPB,West,2020,GCP,Unknown,1389482,0.0,0,0.0,0.0,7.286328691621986,0.3225617074609271,0.6742500000000001,0.3257499999999999,20.76923076923077,High,0.0,0.0,2,0,-0.05343711677080129,0.003426535087719298,0.0164,0.6931471805599453,0,0,1,0.999315537303217,0.0,0.0,5,0.082
POL-2020469,INS-10469,National Bank,FRB,Midwest,2024,Hybrid,Jack Henry,61847819,0.0,0,0.0,0.0,9.508517181520606,2.0384847853885457,0.63375,0.36624999999999996,3.0555555555555554,Low,0.0,0.0,1,0,0.4572887245947691,0.0037111259556149336,0.010860000000000002,0.6931471805599453,0,1,0,0.999315537303217,0.0,0.0,50,0.543
POL-2020470,INS-10470,Fintech-Lending,State,Southeast,2023,GCP,Unknown,161417,0.0,0,0.0,0.0,4.486386649998124,-1.184731989742189,0.6167499999999999,0.3832500000000001,15.135135135135135,High,0.0,0.0,0,0,-0.2351984473308929,0.11389521640091116,0.0295,0.0,0,0,1,0.999315537303217,0.0,0.0,10,0.295
POL-2020471,INS-10471,Investment Bank,FRB,Midwest,2020,GCP,In-House,5863272,0.0,0,0.0,0.0,8.245515693106173,1.3248444574718723,0.8290000000000001,0.17099999999999993,6.0,Low,1.0986122886681098,0.0,1,0,-0.37386435308588806,0.0013125082031762699,0.0308,0.6931471805599453,0,0,0,0.999315537303217,0.0,0.0,5,0.154
POL-2020472,INS-10472,Fintech-Lending,CFPB,Southwest,2022,Azure,Unknown,810446,0.0,0,0.0,0.0,5.8188952817567055,-0.4747657172412428,0.70725,0.29274999999999995,11.153846153846153,Moderate,0.0,0.0,0,0,-0.5155722791065938,0.02979737783075089,0.0421,0.6931471805599453,0,0,1,0.999315537303217,0.0,0.0,10,0.421
POL-2020473,INS-10473,Insurance Carrier,FINRA,Southeast,2022,On-Prem,Unknown,3289497,0.0,0,0.0,0.0,7.576507302707361,0.6762795959410949,0.8697499999999999,0.1302500000000001,7.368421052631579,Low,0.0,0.0,0,0,0.03958088328697734,0.0076891531679311054,0.0202,0.0,0,0,1,0.999315537303217,0.0,0.0,15,0.303
POL-2020474,INS-10474,Fintech-Lending,SEC,Northeast,2024,AWS,Unknown,1772731,0.0,0,0.0,0.0,6.01028630134857,-0.2339092403119025,0.8017500000000001,0.19824999999999993,2.903225806451613,Low,0.0,0.0,0,0,-0.012261759389992799,0.06148548942449582,0.02648,0.0,0,0,1,0.999315537303217,0.0,0.0,25,0.662
POL-2020475,INS-10475,Broker-Dealer,FINRA,Southeast,2023,Azure,Unknown,537080,0.0,0,0.0,0.0,6.716110394727298,0.16540198996950348,0.87325,0.12675000000000003,6.5,Low,0.0,0.0,1,0,-0.926592174588015,0.002425418384671356,0.05,0.6931471805599453,0,0,1,0.999315537303217,0.0,0.0,2,0.1
POL-2020476,INS-10476,Regional Bank,SEC,West,2022,Azure,Temenos,903530,1.0,1,722912.0,387436.0,6.300235184389629,0.0848307213027474,0.3065,0.6935,10.4,Moderate,0.0,0.0,1,0,0.022923493034038067,0.01839249586168843,0.0179,1.0986122886681098,1,0,0,0.999315537303217,0.8000973957699247,0.5359379841529813,10,0.179
POL-2020477,INS-10477,Community Bank,State,West,2024,Hybrid,In-House,283664,1.0,1,264561.0,51085.0,5.120983351265121,-0.4837659395623175,0.801,0.19899999999999995,2.3333333333333335,Low,1.1901633127237856,0.0,1,0,0.07370045011682447,0.09009009009009009,0.018666666666666668,0.0,0,1,0,0.999315537303217,0.9326562411867562,0.19309346426722004,15,0.28
POL-2020478,INS-10478,Asset Manager,SEC,Northeast,2020,AWS,Unknown,851849,0.0,0,0.0,0.0,6.655826376236174,0.04497270571911649,0.5980000000000001,0.4019999999999999,10.869565217391303,Moderate,1.0986122886681098,0.0,2,0,-0.2626048960320385,0.0064408089656060805,0.0258,0.0,0,0,1,0.999315537303217,0.0,0.0,5,0.129
POL-2020479,INS-10479,Regional Bank,NCUA,Southwest,2022,AWS,Jack Henry,272557,0.0,0,0.0,0.0,6.4105037752432645,0.27348449522466356,0.6172500000000001,0.3827499999999999,58.0,Extreme,1.1961141292874042,0.0,1,0,-0.510458388963062,0.0016469038208168643,0.028,0.6931471805599453,0,0,0,0.999315537303217,0.0,0.0,1,0.028
POL-2020480,INS-10480,Hedge Fund,State,Southeast,2020,On-Prem,Unknown,583671,1.0,1,17839.0,3236.0,6.768378262513495,0.18568411887347172,0.756,0.244,11.0,Moderate,0.0,0.0,1,0,-0.8264586632395503,0.0023017608470479916,0.0455,0.0,0,0,1,0.999315537303217,0.030563450985229692,0.18140030270755086,2,0.091
POL-2020481,INS-10481,Regional Bank,SEC,Midwest,2021,Hybrid,In-House,886479,0.0,0,0.0,0.0,5.673323267171493,-0.1849042773511094,0.7995,0.2005,13.703703703703702,Moderate,0.8031842954738366,0.0,1,0,0.23873957572349191,0.08620689655172414,0.0152,1.0986122886681098,1,1,0,0.999315537303217,0.0,0.0,25,0.38
POL-2020482,INS-10482,Fintech-Lending,CFPB,West,2021,On-Prem,Unknown,174222,0.0,0,0.0,0.0,5.479388141440339,-0.7063419402506578,0.7075,0.2925,10.24390243902439,Moderate,0.7797905781299385,0.0,0,0,-0.31466516079184226,0.008378718056137411,0.0225,0.0,0,0,1,0.999315537303217,0.0,0.0,2,0.045
POL-2020483,INS-10483,Community Bank,OCC,Southeast,2020,GCP,FIS,307113,1.0,1,1557713.0,574277.0,4.120661870539474,-1.0550492724070617,0.60975,0.39025,8.75,Moderate,0.0,0.0,1,0,-0.058300327826761755,1.6501650165016502,0.03959,0.0,0,0,0,0.999315537303217,5.072116777863522,0.36866675696999385,100,3.959
POL-2020484,INS-10484,Insurance Carrier,FINRA,Midwest,2021,On-Prem,Unknown,924598,0.0,0,0.0,0.0,7.821723315486647,0.8035309083900689,0.5562500000000001,0.44374999999999987,14.285714285714285,High,0.0,0.0,0,0,-0.9332443257676902,0.00040109096743141346,0.047,0.0,0,0,1,0.999315537303217,0.0,0.0,1,0.047
POL-2020485,INS-10485,Custodian Bank,OCC,Northeast,2023,On-Prem,Jack Henry,30149173,0.0,0,0.0,0.0,9.33986750825632,1.9233468743343387,0.7527499999999999,0.24725000000000008,5.806451612903226,Low,0.7797905781299385,0.0,1,0,-0.38698361074735804,0.002196469833683304,0.04332,0.0,0,0,0,0.999315537303217,0.0,0.0,25,1.083
POL-2020486,INS-10486,Community Bank,FINRA,Southwest,2022,On-Prem,Other,27506,0.0,0,0.0,0.0,4.552823705615882,-0.9152020322970351,0.66925,0.33075,30.96774193548387,Extreme,1.2881229084633585,0.0,1,0,-0.6217178460169114,0.010649627263045794,0.033,0.0,0,0,0,0.999315537303217,0.0,0.0,1,0.033
POL-2020487,INS-10487,Community Bank,NCUA,Southwest,2020,GCP,In-House,789385,0.0,0,0.0,0.0,4.341204640153626,-0.8666963622402872,0.621,0.379,20.88235294117647,High,0.0,0.0,1,0,0.5585366143299624,3.2981530343007917,0.019276,0.6931471805599453,0,0,0,0.999315537303217,0.0,0.0,250,4.819
POL-2020488,INS-10488,Insurance Carrier,SEC,Southeast,2024,GCP,Unknown,4464384,0.0,0,0.0,0.0,8.307089253609831,0.9787526011824403,0.29025,0.70975,19.999999999999996,High,0.0,0.0,0,0,0.17798255390120588,0.001234110823151919,0.006,1.0986122886681098,1,0,1,0.999315537303217,0.0,0.0,5,0.03
POL-2020489,INS-10489,Community Bank,OCC,Southeast,2020,GCP,Other,90441,0.0,0,0.0,0.0,4.676560182074764,-0.7805324310380061,0.8385000000000001,0.16149999999999987,7.1875,Low,0.0,0.0,1,0,-0.4406200273181978,0.046992481203007516,0.033800000000000004,0.0,0,0,0,0.999315537303217,0.0,0.0,5,0.169
POL-2020490,INS-10490,Community Bank,FRB,Midwest,2020,AWS,Other,306165,0.0,0,0.0,0.0,5.080783053998338,-0.6410738010267916,0.80025,0.19974999999999998,10.277777777777777,Moderate,0.7953863896925372,0.0,1,0,-0.05832743892041037,0.09380863039399624,0.0246,0.0,0,0,0,0.999315537303217,0.0,0.0,15,0.369
POL-2020491,INS-10491,Insurance Carrier,FRB,National,2022,Hybrid,Unknown,677321,0.0,0,0.0,0.0,7.328174678872112,0.3997150999654633,0.8155000000000001,0.1844999999999999,6.585365853658537,Low,0.0,0.0,0,0,-0.44370271473075207,0.0006572029442691904,0.025,0.0,0,1,1,0.999315537303217,0.0,0.0,1,0.025
POL-2020492,INS-10492,Community Bank,NCUA,National,2024,AWS,Fiserv,61175,0.0,0,0.0,0.0,4.11414718951828,-1.0106385023457451,0.75425,0.24575000000000002,4.615384615384615,Low,0.0,0.0,1,0,0.013318557461508479,0.08305647840531562,0.0134,0.0,0,0,0,0.999315537303217,0.0,0.0,5,0.067
POL-2020493,INS-10493,Regional Bank,SEC,West,2020,On-Prem,In-House,591676,0.0,0,0.0,0.0,6.462717395754149,0.11600307379577084,0.8800000000000002,0.11999999999999977,20.666666666666668,High,0.6931471805599453,0.0,1,0,-0.6675893197080508,0.007814942169427947,0.044,0.0,0,0,0,0.999315537303217,0.0,0.0,5,0.22
POL-2020494,INS-10494,Community Bank,FRB,Northeast,2023,Azure,Finastra,192864,0.0,0,0.0,0.0,4.345103280569283,-0.929036416349537,0.7430000000000001,0.2569999999999999,31.75,Extreme,0.7875884839112379,0.0,1,0,0.31350593086367884,0.328515111695138,0.01184,0.0,0,0,0,0.999315537303217,0.0,0.0,25,0.296
POL-2020495,INS-10495,Hedge Fund,State,Northeast,2023,Hybrid,Unknown,1663373,0.0,0,0.0,0.0,6.4337436283388625,-0.06479547305431597,0.44,0.56,8.484848484848484,Moderate,0.0,0.0,1,0,-0.01679057495363978,0.02413515687851971,0.022733333333333335,0.6931471805599453,0,1,1,0.999315537303217,0.0,0.0,15,0.341
POL-2020496,INS-10496,Community Bank,FINRA,West,2020,On-Prem,In-House,90694,0.0,0,0.0,0.0,3.7471483622379123,-1.2172998740190826,0.73475,0.26525,69.16666666666667,Extreme,0.0,0.0,1,0,-0.3380294496436644,0.6038647342995169,0.041120000000000004,0.0,0,0,0,0.999315537303217,0.0,0.0,25,1.028
POL-2020497,INS-10497,Community Bank,FDIC,Northeast,2023,Azure,Other,32425,1.0,1,51495.0,13437.0,4.1588830833596715,-1.0357956043218202,0.8045000000000001,0.1954999999999999,7.8571428571428585,Low,0.6931471805599453,0.0,1,0,-0.29241326938107226,0.031746031746031744,0.0215,0.6931471805599453,0,0,0,0.999315537303217,1.5881264456437933,0.2609379551412759,2,0.043
POL-2020498,INS-10498,Regional Bank,State,National,2021,Hybrid,Temenos,812311,0.0,0,0.0,0.0,6.222377835686553,0.19352188443236287,0.8624999999999999,0.13750000000000007,22.36842105263158,Extreme,0.0,0.0,1,0,-0.17511834052181424,0.01988466892026248,0.0268,0.0,0,1,0,0.999315537303217,0.0,0.0,10,0.268
POL-2020499,INS-10499,Regional Bank,OCC,National,2021,AWS,Temenos,445947,2.0,1,1655752.0,181539.0,7.146614686736349,0.7150438079102616,0.62975,0.37024999999999997,12.0,Moderate,0.0,0.0,1,0,-0.44370271473075207,0.0007881462799495586,0.025,0.6931471805599453,0,0,0,0.999315537303217,3.712889648321437,0.10964141972952471,1,0.025
POL-2020500,INS-10500,National Bank,FDIC,Northeast,2023,AWS,In-House,78073011,0.0,0,0.0,0.0,9.141022447665286,1.7688564596535485,0.7787499999999999,0.22125000000000006,11.176470588235295,Moderate,1.47784755121885,0.0,1,0,0.19359108294315364,0.01071891781805709,0.02827,0.0,0,0,0,0.999315537303217,0.0,0.0,100,2.827
POL-2020501,INS-10501,Community Bank,State,Southeast,2024,Hybrid,Fiserv,142318,0.0,0,0.0,0.0,4.2626798770413155,-1.009814025190513,0.739,0.261,50.9375,Extreme,0.0,0.0,1,0,0.052932018133439285,0.21428571428571427,0.0196,0.0,0,1,0,0.999315537303217,0.0,0.0,15,0.294
POL-2020502,INS-10502,Credit Union,NCUA,Northeast,2024,Hybrid,Other,32801,0.0,0,0.0,0.0,3.7954891891721947,-1.4514891715581977,0.8782500000000001,0.12174999999999991,10.0,Moderate,0.0,0.0,1,0,-0.7476961287868226,0.11494252873563218,0.047599999999999996,0.0,0,1,0,0.999315537303217,0.0,0.0,5,0.238
POL-2020503,INS-10503,Broker-Dealer,FINRA,National,2020,Azure,Unknown,459080,2.0,1,143575.0,56962.0,6.35905470278722,-0.10963826901636516,0.67975,0.32025000000000003,20.588235294117645,High,1.0986122886681098,0.0,1,0,-0.8932143374718601,0.003468007629616785,0.0485,0.0,0,0,1,0.999315537303217,0.3127450553280474,0.39674037959254743,2,0.097
POL-2020504,INS-10504,Credit Union,NCUA,Southwest,2022,On-Prem,Other,323404,0.0,0,0.0,0.0,5.133442723357803,-0.6451057347125833,0.77425,0.22575,2.424242424242424,Low,0.0,0.0,1,0,-0.2463516570312923,0.14827995255041518,0.037000000000000005,0.6931471805599453,0,0,0,0.999315537303217,0.0,0.0,25,0.925
POL-2020505,INS-10505,Community Bank,SEC,Midwest,2024,On-Prem,Temenos,194475,0.0,0,0.0,0.0,4.51085950651685,-0.8217432766434233,0.6692500000000001,0.3307499999999999,5.5,Low,0.0,0.0,1,0,-0.30598672601215554,0.2777777777777778,0.03968,0.0,0,0,0,0.999315537303217,0.0,0.0,25,0.992
POL-2020506,INS-10506,Regional Bank,SEC,Northeast,2022,Azure,Jack Henry,1015420,0.0,0,0.0,0.0,6.474199290707447,0.09535227666273706,0.84525,0.15475000000000005,3.235294117647059,Low,0.6931471805599453,0.0,1,0,-0.2952785541399717,0.015451174289245981,0.0322,1.0986122886681098,1,0,0,0.999315537303217,0.0,0.0,10,0.322
POL-2020507,INS-10507,Fintech-Payments,SEC,Southeast,2022,AWS,Unknown,1061060,0.0,0,0.0,0.0,5.995705541365236,-0.4360359525431004,0.8975000000000001,0.10249999999999992,4.565217391304349,Low,0.0,0.0,1,0,0.19648824603804338,0.02495632642874969,0.010100000000000001,0.0,0,0,1,0.999315537303217,0.0,0.0,10,0.101
POL-2020508,INS-10508,Regional Bank,SEC,Northeast,2022,On-Prem,Finastra,186318,0.0,0,0.0,0.0,5.7439642642890325,-0.10657522727986134,0.8055,0.1945,7.2727272727272725,Low,0.0,0.0,1,0,-0.5371840748995415,0.006424670735624799,0.0325,0.0,0,0,0,0.999315537303217,0.0,0.0,2,0.065
POL-2020509,INS-10509,Regional Bank,FDIC,West,2022,GCP,In-House,300699,0.0,0,0.0,0.0,5.243333058215277,-0.33382635561717683,0.7175,0.2825,4.857142857142857,Low,0.0,0.0,1,0,-0.1639923948164293,0.05310674455655868,0.0263,0.0,0,0,0,0.999315537303217,0.0,0.0,10,0.263
POL-2020510,INS-10510,National Bank,FRB,Northeast,2020,Azure,Other,263316177,0.0,0,0.0,0.0,9.823431928112504,2.1991726698869978,0.6832499999999999,0.3167500000000001,13.823529411764707,Moderate,0.0,0.0,1,0,0.06267546613236574,0.013542575147749496,0.04156,0.6931471805599453,0,0,0,0.999315537303217,0.0,0.0,250,10.39
POL-2020511,INS-10511,Credit Union,NCUA,Midwest,2023,Hybrid,Finastra,48343,1.0,1,2089807.0,626861.0,3.8199077165203406,-1.5067956589618845,0.7555,0.24450000000000005,7.575757575757575,Low,0.0,0.0,1,0,-0.35980903923120444,0.22421524663677128,0.0351,0.0,0,1,0,0.999315537303217,43.22874045880479,0.2999611925885979,10,0.351
POL-2020512,INS-10512,Community Bank,NCUA,West,2020,Hybrid,Finastra,1783868,0.0,0,0.0,0.0,4.970507503005476,-0.5526688958165935,0.75175,0.24824999999999997,38.75,Extreme,0.0,0.0,1,0,0.6994659546061415,3.494060097833683,0.018566,0.0,0,1,0,0.999315537303217,0.0,0.0,500,9.283
POL-2020513,INS-10513,Fintech-Payments,SEC,National,2021,AWS,Unknown,86704,1.0,1,2408909.0,1558982.0,4.90527477843843,-0.8345775322944441,0.7242500000000001,0.27574999999999994,5.454545454545454,Low,2.187916889890559,0.3333333333333333,1,0,-0.9554962171784601,0.007462686567164179,0.048,0.0,0,0,1,0.999315537303217,27.783135726148736,0.6471734714760915,1,0.048
POL-2020514,INS-10514,National Bank,FDIC,Southeast,2023,On-Prem,Temenos,256314825,0.0,0,0.0,0.0,9.786071324597568,1.9939930571549243,0.84025,0.15974999999999995,18.684210526315788,High,0.6931471805599453,0.0,1,0,0.6011712382729977,0.014058133192377118,0.01736,0.0,0,0,0,0.999315537303217,0.0,0.0,250,4.34
POL-2020515,INS-10515,Broker-Dealer,FINRA,West,2024,AWS,Unknown,403054,0.0,0,0.0,0.0,6.62685019080938,-0.007287465362125249,0.75975,0.24024999999999996,3.6,Low,0.0,0.0,1,0,-0.44370271473075207,0.0013260840737302744,0.025,0.0,0,0,1,0.999315537303217,0.0,0.0,1,0.025
POL-2020516,INS-10516,National Bank,FRB,Southeast,2021,Hybrid,Jack Henry,84396080,0.0,0,0.0,0.0,10.174765815162232,2.303131771030214,0.6852499999999999,0.3147500000000001,17.105263157894736,High,0.0,0.0,1,0,-0.4777713277032994,0.0009530417279790178,0.047400000000000005,0.0,0,1,0,0.999315537303217,0.0,0.0,25,1.185
POL-2020517,INS-10517,Broker-Dealer,FINRA,National,2023,AWS,Unknown,172400,0.0,0,0.0,0.0,5.517051209373546,-0.514831962291753,0.7100000000000001,0.2899999999999999,9.032258064516128,Moderate,0.0,0.0,1,0,-0.381420835024152,0.008067769261799113,0.0255,1.3862943611198906,1,0,1,0.999315537303217,0.0,0.0,2,0.051
POL-2020518,INS-10518,Credit Union,NCUA,Northeast,2021,On-Prem,Jack Henry,77627,0.0,0,0.0,0.0,4.497584975308154,-1.0213443287719455,0.86275,0.13724999999999998,1.3888888888888888,Low,0.0,0.0,1,0,-0.2537041394677304,0.05630630630630631,0.0254,0.6931471805599453,0,0,0,0.999315537303217,0.0,0.0,5,0.127
POL-2020519,INS-10519,Insurance Carrier,SEC,West,2021,On-Prem,Unknown,4747031,0.0,0,0.0,0.0,8.190714849055729,0.8810525846989113,0.56125,0.43875,49.99999999999999,Extreme,0.0,0.0,0,0,0.18981267861481244,0.0027729251587499653,0.0104,0.0,0,0,1,0.999315537303217,0.0,0.0,10,0.104
POL-2020520,INS-10520,Insurance Carrier,SEC,Southeast,2020,AWS,Unknown,28961391,0.0,0,0.0,0.0,8.77735503232853,1.4161484713299677,0.58175,0.41825,6.521739130434782,Low,0.0,0.0,0,0,0.5627626898818185,0.007710456921677179,0.00612,0.0,0,0,1,0.999315537303217,0.0,0.0,50,0.306
POL-2020521,INS-10521,Broker-Dealer,SEC,Midwest,2020,GCP,Unknown,8101776,0.0,0,0.0,0.0,7.054363298618227,0.30033263615293776,0.68925,0.31074999999999997,34.871794871794876,Extreme,0.0,0.0,1,0,0.30640817239575724,0.08643789437289306,0.0232,0.0,0,0,1,0.999315537303217,0.0,0.0,100,2.32
POL-2020522,INS-10522,Fintech-Lending,SEC,Northeast,2023,GCP,Unknown,282581,1.0,1,16035.0,2998.0,5.0363030408448335,-0.9323562213480893,0.679,0.32099999999999995,35.38461538461539,Extreme,1.0986122886681098,0.0,0,0,0.12750738266465667,0.06540222367560497,0.0132,0.0,0,0,1,0.999315537303217,0.05674479175882313,0.18696601184908013,10,0.132
POL-2020523,INS-10523,Regional Bank,OCC,Northeast,2021,Hybrid,Fiserv,660612,1.0,1,5228209.0,1105791.0,6.140961558253893,0.1705586893408674,0.773,0.22699999999999998,4.444444444444444,Low,0.0,0.0,1,0,-0.3575838500901274,0.021574973031283712,0.034999999999999996,0.0,0,1,0,0.999315537303217,7.914190175170902,0.21150474282875836,10,0.35
POL-2020524,INS-10524,Insurance Carrier,SEC,Southeast,2020,Hybrid,Unknown,1846886,0.0,0,0.0,0.0,7.640892107758241,0.681878567430287,0.7860000000000001,0.21399999999999986,6.153846153846153,Low,0.0,0.0,0,0,0.12457801451535803,0.002403152936652889,0.008400000000000001,0.0,0,1,1,0.999315537303217,0.0,0.0,5,0.042
POL-2020525,INS-10525,Community Bank,FINRA,Southeast,2023,On-Prem,Jack Henry,582866,0.0,0,0.0,0.0,4.552823705615882,-0.8775234350158927,0.56225,0.43775,17.692307692307693,High,0.0,0.0,1,0,0.10658618752704341,1.0649627263045793,0.03218,0.6931471805599453,0,0,0,0.999315537303217,0.0,0.0,100,3.218
POL-2020526,INS-10526,National Bank,FDIC,Southeast,2024,GCP,Temenos,82567264,1.0,1,123101.0,36504.0,9.693081286491504,1.9820556005868442,0.4575,0.5425,8.181818181818182,Moderate,1.7792336121958978,0.0,1,0,-0.24987638443949878,0.003085638819804864,0.042640000000000004,0.0,0,0,0,0.999315537303217,0.0014909177564609625,0.29653698995134076,50,2.132
POL-2020527,INS-10527,Hedge Fund,FINRA,Midwest,2021,Hybrid,Unknown,668507,0.0,0,0.0,0.0,5.946990057006152,-0.3354958794332108,0.5692499999999999,0.4307500000000001,22.647058823529413,Extreme,0.6931471805599453,0.0,0,0,-0.032706235492886704,0.02620545073375262,0.020399999999999998,0.6931471805599453,0,1,1,0.999315537303217,0.0,0.0,10,0.204
POL-2020528,INS-10528,Credit Union,NCUA,Midwest,2021,Hybrid,FIS,361288,0.0,0,0.0,0.0,4.550714000192032,-1.3133332022381692,0.7390000000000001,0.2609999999999999,3.58974358974359,Low,0.6931471805599453,0.0,1,0,0.017591350317955667,0.5336179295624333,0.030619999999999998,0.0,0,1,0,0.999315537303217,0.0,0.0,50,1.531
POL-2020529,INS-10529,Community Bank,State,Southwest,2021,On-Prem,Jack Henry,217641,0.0,0,0.0,0.0,4.411585436915426,-0.756585184338905,0.673,0.32699999999999996,2.6470588235294117,Low,1.3862943611198906,0.0,1,0,-0.46620034416969897,0.3071253071253071,0.04688,0.0,0,0,0,0.999315537303217,0.0,0.0,25,1.172
POL-2020530,INS-10530,Broker-Dealer,SEC,West,2022,Hybrid,Unknown,127524,0.0,0,0.0,0.0,5.178407069875479,-0.7993618135564687,0.7592500000000001,0.2407499999999999,28.787878787878785,Extreme,0.0,0.0,1,0,-0.5371840748995415,0.011337868480725623,0.0325,0.6931471805599453,0,1,1,0.999315537303217,0.0,0.0,2,0.065
POL-2020531,INS-10531,Community Bank,FDIC,National,2021,On-Prem,Other,10283,0.0,0,0.0,0.0,3.456316680883235,-1.4977940369725784,0.72725,0.27275000000000005,21.53846153846154,High,0.0,0.0,1,0,-0.44370271473075207,0.03257328990228013,0.025,0.6931471805599453,0,0,0,0.999315537303217,0.0,0.0,1,0.025
POL-2020532,INS-10532,Asset Manager,NCUA,Southeast,2022,Azure,Unknown,690544,0.0,0,0.0,0.0,6.481117605641172,0.10856223642865181,0.6705000000000001,0.3294999999999999,8.5,Moderate,0.6931471805599453,0.0,2,0,-0.2670552743141924,0.007672241829062451,0.026000000000000002,0.0,0,0,1,0.999315537303217,0.0,0.0,5,0.13
POL-2020533,INS-10533,Regional Bank,FINRA,Southeast,2022,Azure,FIS,1420152,0.0,0,0.0,0.0,6.452679670320638,0.35073598493432234,0.31800000000000006,0.6819999999999999,25.909090909090907,Extreme,0.0,0.0,1,0,-0.5181998614096552,0.02368171771392485,0.04526666666666667,0.6931471805599453,0,0,0,0.999315537303217,0.0,0.0,15,0.679
POL-2020534,INS-10534,Fintech-Lending,State,Southwest,2023,On-Prem,Unknown,573217,0.0,0,0.0,0.0,4.7664383335842135,-0.844865758659842,0.6915,0.3085,5.151515151515151,Low,1.5751769678224758,0.0,0,0,0.5863496947772346,0.4291845493562232,0.00506,0.6931471805599453,0,0,1,0.999315537303217,0.0,0.0,50,0.253
POL-2020535,INS-10535,Fintech-Payments,SEC,West,2022,Hybrid,Unknown,6416239,0.0,0,0.0,0.0,6.523855948788533,-0.02625404370203273,0.76725,0.23275,19.30232558139535,High,0.6931471805599453,0.0,1,0,0.5344900593561488,0.1470155836518671,0.01295,0.0,0,1,1,0.999315537303217,0.0,0.0,100,1.295
POL-2020536,INS-10536,Fintech-Payments,State,Southeast,2024,Hybrid,Unknown,354398,0.0,0,0.0,0.0,5.104125637183595,-0.7920017186812777,0.7072499999999999,0.29275000000000007,8.857142857142858,Moderate,0.0,0.0,1,0,-0.1395153142645823,0.061087354917532075,0.0252,0.0,0,1,1,0.999315537303217,0.0,0.0,10,0.252
POL-2020537,INS-10537,Regional Bank,OCC,Southeast,2023,On-Prem,Jack Henry,2266158,0.0,0,0.0,0.0,6.925005632388665,0.5780822475251819,0.78675,0.21325000000000005,81.0,Extreme,0.0,0.0,1,0,-0.06277781720256431,0.01475796930342385,0.0248,0.0,0,0,0,0.999315537303217,0.0,0.0,15,0.372
POL-2020538,INS-10538,Fintech-Payments,State,National,2023,Hybrid,Unknown,561988,1.0,1,148765.0,0.0,5.935687531638983,-0.39722521946457173,0.5455,0.4545,20.416666666666668,High,0.7797905781299385,0.0,1,0,-0.13354392584957295,0.013252054068380599,0.02,0.0,0,1,1,0.999315537303217,0.2647120579087098,0.0,5,0.1
POL-2020539,INS-10539,Broker-Dealer,SEC,Midwest,2020,On-Prem,Unknown,759315,1.0,1,1211692.0,263841.0,6.9153265444784555,0.31003204017250113,0.80325,0.19674999999999998,50.52631578947368,Extreme,0.0,0.0,1,0,-0.6818213690695459,0.001986886548778065,0.039,0.0,0,0,1,0.999315537303217,1.595769871528944,0.2177459288333999,2,0.078
POL-2020540,INS-10540,Credit Union,NCUA,National,2021,Azure,In-House,115212,0.0,0,0.0,0.0,4.784152841516532,-1.0953317487259435,0.9275000000000001,0.0724999999999999,8.431372549019608,Moderate,0.0,0.0,1,0,-0.4940245667040455,0.04215851602023609,0.036199999999999996,1.0986122886681098,1,0,0,0.999315537303217,0.0,0.0,5,0.181
POL-2020541,INS-10541,Regional Bank,FDIC,Southwest,2023,Hybrid,In-House,846775,0.0,0,0.0,0.0,7.842592948142871,1.1150625813608241,0.8704999999999999,0.12950000000000006,4.2105263157894735,Low,0.0,0.0,1,0,-0.48820649755229195,0.00039280383376541755,0.027,0.6931471805599453,0,1,0,0.999315537303217,0.0,0.0,1,0.027
POL-2020542,INS-10542,Hedge Fund,FRB,Southeast,2020,Azure,Unknown,1626599,0.0,0,0.0,0.0,6.781965272923837,0.1632750410679674,0.81025,0.18974999999999997,16.38888888888889,High,1.2020649458510235,0.0,1,0,-0.03493142463396365,0.011353315168029066,0.020499999999999997,0.6931471805599453,0,0,1,0.999315537303217,0.0,0.0,10,0.205
POL-2020543,INS-10543,Community Bank,FRB,Southeast,2023,Hybrid,FIS,16017,1.0,1,3787950.0,1892299.0,3.6000482404073204,-1.343625882921175,0.8150000000000001,0.18499999999999994,11.428571428571429,Moderate,0.6931471805599453,0.0,1,0,-0.3702948893187671,0.056179775280898875,0.025,0.0,0,1,0,0.999315537303217,236.49559842667165,0.4995575443181668,2,0.05
POL-2020544,INS-10544,Asset Manager,NCUA,West,2023,On-Prem,Unknown,436984,0.0,0,0.0,0.0,7.21890970761906,0.4342098023128451,0.7915,0.20850000000000002,12.499999999999998,Moderate,1.47784755121885,0.0,2,0,-0.5327102803738318,0.0007331378299120235,0.029,0.0,0,0,1,0.999315537303217,0.0,0.0,1,0.029
POL-2020545,INS-10545,Broker-Dealer,SEC,Southeast,2020,AWS,Unknown,976048,0.0,0,0.0,0.0,6.70073110954781,0.16295712908676038,0.866,0.134,4.864864864864865,Low,0.0,0.0,1,0,-0.10239127787449501,0.006157635467980296,0.0186,0.0,0,0,1,0.999315537303217,0.0,0.0,5,0.093
POL-2020546,INS-10546,Fintech-Lending,State,Northeast,2024,AWS,Unknown,163874,0.0,0,0.0,0.0,4.841032509710076,-0.9946854958003714,0.9175000000000001,0.0824999999999999,4.893617021276596,Low,0.0,0.0,0,0,-0.5474291060898934,0.039808917197452234,0.0386,0.0,0,0,1,0.999315537303217,0.0,0.0,5,0.193
POL-2020547,INS-10547,Broker-Dealer,SEC,National,2024,Hybrid,Unknown,901725,0.0,0,0.0,0.0,6.096500009941863,-0.30578035817483873,0.9090000000000001,0.09099999999999986,14.883720930232558,High,1.1961141292874042,0.0,0,0,-0.00047252125240865306,0.03383713061132416,0.022000000000000002,0.6931471805599453,0,1,1,0.999315537303217,0.0,0.0,15,0.33
POL-2020548,INS-10548,Fintech-Payments,CFPB,West,2022,AWS,Unknown,915926,0.0,0,0.0,0.0,5.62003848122324,-0.4707411914765831,0.8717500000000001,0.12824999999999986,6.888888888888889,Low,1.1901633127237856,0.0,1,0,-0.41457595609671277,0.09094216078574027,0.04456,0.0,0,0,1,0.999315537303217,0.0,0.0,25,1.114
POL-2020549,INS-10549,Insurance Carrier,FINRA,West,2022,AWS,Unknown,39873141,0.0,0,0.0,0.0,9.384638157575223,1.8132507780891929,0.6245,0.37549999999999994,5.925925925925926,Low,2.1998185230177967,0.3333333333333333,0,0,-0.1403970786985107,0.004200586401861699,0.03772,0.0,0,0,1,0.999315537303217,0.0,0.0,50,1.886
POL-2020550,INS-10550,Broker-Dealer,FINRA,Midwest,2020,GCP,Unknown,1131715,0.0,0,0.0,0.0,6.3561076606958915,-0.08445426988778666,0.514,0.486,29.375,Extreme,0.0,0.0,1,0,0.12117115179313365,0.02608695652173913,0.016533333333333334,0.0,0,0,1,0.999315537303217,0.0,0.0,15,0.248
POL-2020551,INS-10551,National Bank,FRB,Southeast,2021,Azure,Finastra,487107869,0.0,0,0.0,0.0,10.437521761439,2.6539892276949524,0.6047500000000001,0.3952499999999999,9.523809523809524,Moderate,1.313757195198948,0.0,1,0,0.4239571750776259,0.007328154770628756,0.025324000000000003,0.6931471805599453,0,0,0,0.999315537303217,0.0,0.0,250,6.331
POL-2020552,INS-10552,Regional Bank,FINRA,West,2020,On-Prem,Temenos,1275879,0.0,0,0.0,0.0,6.214208018400852,0.338168881572523,0.7385,0.26149999999999995,4.0540540540540535,Low,1.1961141292874042,0.0,1,0,-0.22676999258981462,0.05012028869286287,0.03612,0.6931471805599453,0,0,0,0.999315537303217,0.0,0.0,25,0.903
POL-2020553,INS-10553,Fintech-Payments,CFPB,Midwest,2021,AWS,Unknown,637203,1.0,1,1640382.0,46752.0,6.660703182616252,0.16740418924144176,0.7307500000000001,0.2692499999999999,6.5,Low,2.4745354345990043,0.25,1,0,-0.7151992061857008,0.0025637738751442124,0.0405,0.6931471805599453,0,0,1,0.999315537303217,2.5743475784012317,0.028500678500495615,2,0.081
POL-2020554,INS-10554,Community Bank,State,National,2020,Hybrid,Finastra,145773,0.0,0,0.0,0.0,4.970507503005476,-0.7160011414946533,0.4105,0.5895,3.793103448275862,Low,0.7797905781299385,0.0,1,0,0.19133368874766782,0.03494060097833683,0.0054,0.0,0,1,0,0.999315537303217,0.0,0.0,5,0.027
POL-2020555,INS-10555,Community Bank,OCC,National,2022,On-Prem,Fiserv,263138,0.0,0,0.0,0.0,4.439115601658009,-0.6666149819613387,0.8385000000000001,0.16149999999999987,2.121212121212121,Low,0.0,0.0,1,0,-0.3015007725124851,0.5973715651135005,0.04496000000000001,0.6931471805599453,0,0,0,0.999315537303217,0.0,0.0,50,2.248
POL-2020556,INS-10556,Fintech-Lending,SEC,Northeast,2022,Hybrid,Unknown,384795,1.0,1,31861.0,6234.0,4.6491870714048655,-0.9958521554851849,0.6032500000000001,0.39674999999999994,11.03448275862069,Moderate,0.0,0.0,0,0,-0.24101120309270746,0.24154589371980675,0.03676,0.0,0,1,1,0.999315537303217,0.08279993243155447,0.19566240858730108,25,0.919
POL-2020557,INS-10557,Community Bank,CFPB,Midwest,2024,Azure,FIS,195991,0.0,0,0.0,0.0,5.126342101808226,-0.5539104264045319,0.9700000000000001,0.029999999999999916,14.48979591836735,High,0.0,0.0,1,0,-0.22852287990766185,0.05973715651135006,0.029199999999999997,0.6931471805599453,0,0,0,0.999315537303217,0.0,0.0,10,0.292
POL-2020558,INS-10558,Custodian Bank,OCC,West,2024,GCP,FIS,6275097,0.0,0,0.0,0.0,8.225476323446781,1.269235106207999,0.77875,0.22124999999999995,20.0,High,1.7328679513998633,0.5,1,0,-0.5556256836459798,0.0026781649213958596,0.0439,0.0,0,0,0,0.999315537303217,0.0,0.0,10,0.439
POL-2020559,INS-10559,Regional Bank,CFPB,Southwest,2023,GCP,Other,825073,0.0,0,0.0,0.0,5.372032404370318,-0.24076807707652384,0.80625,0.19374999999999998,4.11764705882353,Low,0.0,0.0,1,0,0.11149433207140469,0.23331777881474566,0.0264,0.6931471805599453,0,0,0,0.999315537303217,0.0,0.0,50,1.32
POL-2020560,INS-10560,Regional Bank,OCC,Southwest,2020,Azure,Finastra,451994,0.0,0,0.0,0.0,6.091536100832197,0.09195922908439175,0.73,0.27,6.5,Low,1.5647797601140765,0.0,1,0,-0.6942915894009749,0.011335298118340512,0.045200000000000004,0.0,0,0,0,0.999315537303217,0.0,0.0,5,0.226
POL-2020561,INS-10561,Insurance Carrier,FDIC,West,2024,Azure,Unknown,2116534,0.0,0,0.0,0.0,7.817464399490738,0.7243649018511636,0.8497499999999999,0.1502500000000001,4.11764705882353,Low,1.6626867993681689,0.0,0,0,-0.07568900818157112,0.0020140175622331427,0.0174,0.6931471805599453,0,0,1,0.999315537303217,0.0,0.0,5,0.087
POL-2020562,INS-10562,National Bank,FDIC,West,2024,AWS,Other,39227579,0.0,0,0.0,0.0,9.352655573747754,1.9040313918164482,0.59375,0.40625,33.87096774193548,Extreme,0.0,0.0,1,0,0.2547609375392462,0.0021685576489365393,0.01448,0.0,0,0,0,0.999315537303217,0.0,0.0,25,0.362
POL-2020563,INS-10563,Regional Bank,FINRA,Midwest,2022,Azure,Fiserv,931591,0.0,0,0.0,0.0,5.999680701879322,-0.0808431951829162,0.7345,0.26549999999999996,9.642857142857142,Moderate,0.0,0.0,1,0,0.15062208573684305,0.06214267959234402,0.01916,0.0,0,0,0,0.999315537303217,0.0,0.0,25,0.479
POL-2020564,INS-10564,Fintech-Payments,State,Northeast,2020,Hybrid,Unknown,398894,0.0,0,0.0,0.0,6.037154673025098,-0.25088360741721366,0.6905,0.3095,11.923076923076923,Moderate,0.0,0.0,1,0,-0.29241326938107226,0.004788125448886761,0.0215,0.6931471805599453,0,1,1,0.999315537303217,0.0,0.0,2,0.043
POL-2020565,INS-10565,Hedge Fund,SEC,Southeast,2024,AWS,Unknown,1101426,0.0,0,0.0,0.0,7.152033902826306,0.3195977093696354,0.5745,0.4255,22.5,Extreme,0.0,0.0,1,0,-0.381420835024152,0.0015677667163126127,0.0255,0.0,0,0,1,0.999315537303217,0.0,0.0,2,0.051
POL-2020566,INS-10566,Hedge Fund,OCC,Northeast,2020,AWS,Unknown,1527844,1.0,1,129952.0,97356.0,6.593044534142437,0.006449377579240773,0.75425,0.24575000000000002,13.10344827586207,Moderate,1.3009400518311534,0.0,1,0,-0.0438321811982717,0.013717421124828532,0.0209,1.0986122886681098,1,0,1,0.999315537303217,0.08505580412659931,0.7491689239103669,10,0.209
POL-2020567,INS-10567,Hedge Fund,NCUA,Midwest,2024,GCP,Unknown,388405,1.0,1,103353.0,0.0,5.206202077640231,-0.6830613559067847,0.6440000000000001,0.35599999999999987,26.666666666666664,Extreme,2.146261173945226,0.3333333333333333,1,0,-0.33128397355918804,0.08269018743109151,0.03686666666666667,0.0,0,0,1,0.999315537303217,0.26609595654020934,0.0,15,0.553
POL-2020568,INS-10568,Broker-Dealer,SEC,National,2024,On-Prem,Unknown,890410,0.0,0,0.0,0.0,5.752255128106979,-0.3014366807033526,0.62375,0.37625,16.842105263157894,High,0.0,0.0,1,0,-0.48400185729831485,0.07964319847085059,0.04768,0.0,0,0,1,0.999315537303217,0.0,0.0,25,1.192
POL-2020569,INS-10569,Broker-Dealer,SEC,West,2023,GCP,Unknown,8143506,0.0,0,0.0,0.0,7.1010167758144265,0.43504349919458246,0.60725,0.39275000000000004,2.413793103448276,Low,0.0,0.0,0,0,-0.12305333183210221,0.08249463784853985,0.0425,0.0,0,0,1,0.999315537303217,0.0,0.0,100,4.25
POL-2020570,INS-10570,Insurance Carrier,NCUA,Northeast,2022,GCP,Unknown,17779810,1.0,1,1395854.0,286113.0,8.730544959307972,1.2382149242443985,0.6105,0.38949999999999996,52.05882352941177,Extreme,0.6931471805599453,0.0,0,0,-0.48578200861117643,0.004040012281637336,0.04776,0.0,0,0,1,0.999315537303217,0.0785078130756178,0.20497344278126509,25,1.194
POL-2020571,INS-10571,Community Bank,FDIC,Southwest,2022,AWS,Other,163687,0.0,0,0.0,0.0,5.588371623144873,-0.338134332115591,0.6990000000000001,0.30099999999999993,3.0,Low,1.4876671362767826,0.0,1,0,-0.7374510975964708,0.007510326699211416,0.0415,0.0,0,0,0,0.999315537303217,0.0,0.0,2,0.083
POL-2020572,INS-10572,Fintech-Payments,State,West,2024,Azure,Unknown,313800,0.0,0,0.0,0.0,5.011967739330034,-0.9546170398897201,0.5994999999999999,0.4005000000000001,2.692307692307692,Low,0.0,0.0,1,0,-0.4221143351813603,0.06702412868632708,0.0379,0.0,0,0,1,0.999315537303217,0.0,0.0,10,0.379
POL-2020573,INS-10573,National Bank,FRB,West,2022,GCP,Other,211988663,0.0,0,0.0,0.0,9.68414302578114,2.1534360502014196,0.7707499999999999,0.22925000000000006,33.75,Extreme,0.6931471805599453,0.0,1,0,0.09676536377366518,0.015566722084197286,0.040028,0.0,0,0,0,0.999315537303217,0.0,0.0,250,10.007
POL-2020574,INS-10574,Broker-Dealer,FINRA,West,2020,On-Prem,Unknown,1553712,1.0,1,1293934.0,674525.0,6.78105762593618,0.16438565490909232,0.789,0.21099999999999997,7.9411764705882355,Low,0.0,0.0,1,0,-0.3353319586793576,0.011363636363636364,0.034,1.0986122886681098,1,0,1,0.999315537303217,0.832801703275768,0.5212978405390074,10,0.34
POL-2020575,INS-10575,Asset Manager,State,National,2022,AWS,Unknown,838136,0.0,0,0.0,0.0,6.309372674866615,-0.018855764886105575,0.6990000000000001,0.30099999999999993,3.6842105263157894,Low,2.3370612437879488,0.25,2,0,-0.09278634230196553,0.01822489520685256,0.023100000000000002,0.6931471805599453,0,0,1,0.999315537303217,0.0,0.0,10,0.231
POL-2020576,INS-10576,Fintech-Lending,SEC,Midwest,2020,On-Prem,Unknown,117216,1.0,1,115357.0,60932.0,5.063860055333554,-0.6996962355877675,0.6545,0.34550000000000003,7.692307692307692,Low,2.4745354345990043,0.25,0,0,-0.21453164944337763,0.012722646310432571,0.018,0.6931471805599453,0,0,1,0.999315537303217,0.9841403903903904,0.5282037500975233,2,0.036
POL-2020577,INS-10577,Community Bank,SEC,Southwest,2022,GCP,In-House,213087,0.0,0,0.0,0.0,4.562262684976814,-0.8582073329323964,0.6962500000000001,0.30374999999999985,5.128205128205129,Low,0.0,0.0,1,0,0.08742671413025638,0.26371308016877637,0.022000000000000002,0.0,0,0,0,0.999315537303217,0.0,0.0,25,0.55
POL-2020578,INS-10578,Broker-Dealer,FINRA,West,2024,AWS,Unknown,388002,0.0,0,0.0,0.0,6.479123892842133,-0.1445730239514573,0.6647500000000001,0.33524999999999994,44.99999999999999,Extreme,1.6846364600859005,0.0,1,0,-0.09214624668414317,0.003075030750307503,0.0125,0.0,0,0,1,0.999315537303217,0.0,0.0,2,0.025
POL-2020579,INS-10579,Custodian Bank,FDIC,West,2020,GCP,Temenos,146962427,0.0,0,0.0,0.0,9.459845386477081,1.8421857804056778,0.81425,0.18574999999999997,8.666666666666666,Moderate,0.0,0.0,1,0,0.5806994981750893,0.01948117728650578,0.01828,0.0,0,0,0,0.999315537303217,0.0,0.0,250,4.57
POL-2020580,INS-10580,Investment Bank,OCC,Midwest,2021,On-Prem,Other,10599765,0.0,0,0.0,0.0,8.471756398407631,1.2399212315693837,0.71275,0.28725,39.44444444444444,Extreme,0.0,0.0,1,0,-0.48887000941366987,0.0020934078586531016,0.0409,0.6931471805599453,0,0,0,0.999315537303217,0.0,0.0,10,0.409
POL-2020581,INS-10581,Broker-Dealer,SEC,Southwest,2021,On-Prem,Unknown,527654,1.0,1,135706.0,43240.0,5.518656990529513,-0.6084830113804501,0.62225,0.37775000000000003,22.0,High,0.6931471805599453,0.0,1,0,-0.29271402844718675,0.060410793395086586,0.035133333333333336,0.0,0,0,1,0.999315537303217,0.2571874751257453,0.3186299795145388,15,0.527
POL-2020582,INS-10582,Regional Bank,State,West,2023,On-Prem,Fiserv,1932796,0.0,0,0.0,0.0,6.791670799961335,0.34354706171244814,0.9395000000000001,0.06049999999999989,2.6666666666666665,Low,1.0986122886681098,0.0,1,0,0.3555577413199101,0.016865302451090622,0.006,0.0,0,0,0,0.999315537303217,0.0,0.0,15,0.09
POL-2020583,INS-10583,Asset Manager,OCC,National,2022,Azure,Unknown,1247632,1.0,1,950520.0,189223.0,7.150936724032854,0.4440846165668721,0.75575,0.24424999999999997,14.333333333333334,High,0.6931471805599453,0.0,2,0,-0.5429787278077395,0.003923722828219415,0.038400000000000004,0.0,0,0,1,0.999315537303217,0.7618592661938777,0.19907313891343686,5,0.192
POL-2020584,INS-10584,Credit Union,NCUA,West,2024,GCP,Temenos,530936,0.0,0,0.0,0.0,4.248495242049359,-1.2895660673882425,0.75825,0.24175000000000002,12.222222222222221,Moderate,2.0086294677815273,0.3333333333333333,1,0,0.18203461165973556,3.6231884057971016,0.036196,0.6931471805599453,0,0,0,0.999315537303217,0.0,0.0,250,9.049
POL-2020585,INS-10585,Insurance Carrier,NCUA,West,2021,AWS,Unknown,31756340,0.0,0,0.0,0.0,8.551420689965465,1.0987427463674642,0.62175,0.37825,3.58974358974359,Low,1.231819028669118,0.0,0,0,0.2923894808069721,0.019330768784674567,0.02383,0.0,0,0,1,0.999315537303217,0.0,0.0,100,2.383
POL-2020586,INS-10586,Community Bank,SEC,West,2020,GCP,FIS,135598,0.0,0,0.0,0.0,4.61512051684126,-0.7846780311461606,0.9257500000000002,0.07424999999999982,3.75,Low,0.0,0.0,1,0,0.10303030211280978,0.1,0.014299999999999998,0.0,0,0,0,0.999315537303217,0.0,0.0,10,0.143
POL-2020587,INS-10587,Asset Manager,CFPB,Midwest,2023,GCP,Unknown,775059,0.0,0,0.0,0.0,6.652863029353347,0.12027275823857876,0.7317500000000001,0.2682499999999999,0.6666666666666666,Low,0.0,0.0,1,0,-0.5874825106292794,0.006459948320413436,0.040400000000000005,0.0,0,0,1,0.999315537303217,0.0,0.0,5,0.202
POL-2020588,INS-10588,Hedge Fund,OCC,West,2022,Azure,Unknown,1934652,0.0,0,0.0,0.0,7.0431599159883405,0.31496060909542045,0.529,0.471,5.88235294117647,Low,1.1961141292874042,0.0,1,0,-0.5222478465298248,0.008741258741258742,0.0424,0.0,0,0,1,0.999315537303217,0.0,0.0,10,0.424
POL-2020589,INS-10589,Community Bank,FRB,West,2024,GCP,FIS,88784,0.0,0,0.0,0.0,4.192680462942962,-0.9798891149324745,0.7077499999999999,0.2922500000000001,7.142857142857143,Low,1.3393914819345372,0.0,1,0,0.07632803241988587,0.15337423312883436,0.0155,0.0,0,0,0,0.999315537303217,0.0,0.0,10,0.155
POL-2020590,INS-10590,Community Bank,FRB,West,2022,Azure,In-House,94806,1.0,1,75831.0,32491.0,5.236973736306985,-0.4990121133707304,0.83825,0.16174999999999995,13.23529411764706,Moderate,0.6931471805599453,0.0,1,0,-0.5038062377833865,0.010689470871191877,0.031,0.6931471805599453,0,0,0,0.999315537303217,0.7998544395924309,0.4284659308198494,2,0.062
POL-2020591,INS-10591,Community Bank,OCC,Midwest,2021,Azure,FIS,250785,0.0,0,0.0,0.0,4.627909672957581,-0.804840623653745,0.68475,0.31525000000000003,4.3589743589743595,Low,1.1961141292874042,0.0,1,0,0.13193049695179632,0.24679170779861798,0.02,0.0,0,0,0,0.999315537303217,0.0,0.0,25,0.5
POL-2020592,INS-10592,Fintech-Lending,SEC,National,2023,Azure,Unknown,1144435,0.0,0,0.0,0.0,6.035481432524756,-0.21488194618776002,0.56175,0.43825000000000003,43.888888888888886,Extreme,0.0,0.0,0,0,-0.580505157359811,0.03597122302158273,0.04806666666666667,0.0,0,0,1,0.999315537303217,0.0,0.0,15,0.721
POL-2020593,INS-10593,Community Bank,State,Southwest,2022,On-Prem,Jack Henry,23228,0.0,0,0.0,0.0,3.720862499966987,-1.2700865513095267,0.6292500000000001,0.3707499999999999,7.692307692307692,Low,0.0,0.0,1,0,-0.09214624668414317,0.04962779156327544,0.0125,0.0,0,0,0,0.999315537303217,0.0,0.0,2,0.025
POL-2020594,INS-10594,Asset Manager,SEC,Southwest,2023,AWS,Unknown,532888,0.0,0,0.0,0.0,6.3741726680935304,-0.08700554242768889,0.593,0.40700000000000003,9.6,Moderate,0.7953863896925372,0.0,2,0,-0.7877495333262085,0.008539709649871904,0.0494,0.0,0,0,1,0.999315537303217,0.0,0.0,5,0.247
POL-2020595,INS-10595,National Bank,FDIC,National,2022,On-Prem,Jack Henry,100491617,1.0,1,376264.0,0.0,9.501897426976226,1.9093557459189825,0.6335,0.36650000000000005,8.928571428571427,Moderate,0.0,0.0,1,0,0.021361443423794535,0.0074715520655105686,0.03601,0.6931471805599453,0,0,0,0.999315537303217,0.00374423271545128,0.0,100,3.601
POL-2020596,INS-10596,Community Bank,State,Southwest,2022,Azure,Other,75434,0.0,0,0.0,0.0,5.444147814759576,-0.35214295000856605,0.76025,0.23975000000000002,38.96551724137931,Extreme,3.3991328710608197,0.4,1,0,-0.9554962171784601,0.004340277777777778,0.048,0.0,0,0,0,0.999315537303217,0.0,0.0,1,0.048
POL-2020597,INS-10597,Community Bank,CFPB,West,2022,AWS,FIS,384038,0.0,0,0.0,0.0,3.4307561839036995,-1.451655772809133,0.8039999999999999,0.19600000000000006,4.411764705882353,Low,2.1903450905694273,0.25,1,0,0.5571428571428572,16.722408026755854,0.024961999999999998,1.0986122886681098,1,0,0,0.999315537303217,0.0,0.0,500,12.481
POL-2020598,INS-10598,Regional Bank,SEC,Midwest,2020,AWS,Fiserv,543367,0.0,0,0.0,0.0,6.400423544470402,0.2691129806690185,0.7492500000000001,0.2507499999999999,7.2727272727272725,Low,0.6931471805599453,0.0,1,0,-0.03118522536003135,0.008318083513558476,0.0154,0.0,0,0,0,0.999315537303217,0.0,0.0,5,0.077
POL-2020599,INS-10599,Credit Union,NCUA,Northeast,2021,Hybrid,FIS,46340,0.0,0,0.0,0.0,4.396915247167632,-1.387384490505936,0.762,0.238,4.0,Low,1.5803755716766754,0.0,1,0,-0.20340570373799274,0.024937655860349125,0.0175,0.6931471805599453,0,1,0,0.999315537303217,0.0,0.0,2,0.035
POL-2020600,INS-10600,Credit Union,NCUA,Midwest,2024,On-Prem,Jack Henry,203321,0.0,0,0.0,0.0,4.8283137373023015,-0.9589691877560037,0.94125,0.05874999999999997,13.478260869565219,Moderate,0.0,0.0,1,0,-0.46924570030596147,0.12096774193548387,0.04306666666666667,0.6931471805599453,0,0,0,0.999315537303217,0.0,0.0,15,0.646
POL-2020601,INS-10601,Asset Manager,CFPB,Northeast,2022,GCP,Unknown,2851902,0.0,0,0.0,0.0,6.623268097426875,0.09717083366464359,0.8400000000000002,0.1599999999999998,7.560975609756098,Low,0.6931471805599453,0.0,2,0,0.04562873349552565,0.06654245408570668,0.02936,0.0,0,0,1,0.999315537303217,0.0,0.0,50,1.468
POL-2020602,INS-10602,Community Bank,NCUA,Northeast,2020,Azure,Temenos,82638,0.0,0,0.0,0.0,4.560172820057356,-0.9949201721550169,0.6782500000000001,0.32174999999999987,16.0,High,0.6931471805599453,0.0,1,0,-0.6052840237578951,0.052854122621564484,0.0412,0.0,0,0,0,0.999315537303217,0.0,0.0,5,0.206
POL-2020603,INS-10603,Asset Manager,FDIC,National,2021,GCP,Unknown,1483287,1.0,1,101332.0,0.0,7.1659570461114095,0.40431672653572326,0.771,0.22899999999999998,21.85185185185185,High,0.0,0.0,1,0,0.03112007059012442,0.003865182436611008,0.0126,0.0,0,0,1,0.999315537303217,0.06831584177573187,0.0,5,0.063
POL-2020604,INS-10604,Hedge Fund,FRB,Northeast,2022,AWS,Unknown,573722,0.0,0,0.0,0.0,4.860587297852597,-0.9698539386074875,0.8644999999999999,0.13550000000000006,4.0540540540540535,Low,0.0,0.0,1,0,-0.2743534649913455,0.39032006245121004,0.043739999999999994,0.0,0,0,1,0.999315537303217,0.0,0.0,50,2.187
POL-2020605,INS-10605,Insurance Carrier,NCUA,Southwest,2023,On-Prem,Unknown,6296582,0.0,0,0.0,0.0,8.231934846030228,0.8179600364668139,0.67675,0.32325000000000004,1.1428571428571428,Low,2.929632769781626,0.6666666666666666,0,0,-0.5645264402102876,0.002660919081450733,0.0443,0.0,0,0,1,0.999315537303217,0.0,0.0,10,0.443
POL-2020606,INS-10606,Fintech-Payments,SEC,Southwest,2020,AWS,Unknown,301604,0.0,0,0.0,0.0,6.2053655170552595,-0.34503711176075,0.7790000000000001,0.22099999999999986,9.583333333333334,Moderate,0.0,0.0,1,0,-0.510458388963062,0.002022653721682848,0.028,0.0,0,0,1,0.999315537303217,0.0,0.0,1,0.028
POL-2020607,INS-10607,National Bank,FRB,West,2022,GCP,Other,44495626,0.0,0,0.0,0.0,9.409641948804822,2.0298939895080492,0.8185000000000001,0.18149999999999988,12.727272727272727,Moderate,0.6931471805599453,0.0,1,0,0.04737330959087066,0.0020484247613585154,0.023799999999999998,0.6931471805599453,0,0,0,0.999315537303217,0.0,0.0,25,0.595
POL-2020608,INS-10608,Fintech-Payments,CFPB,National,2021,Azure,Unknown,93185,0.0,0,0.0,0.0,5.163070217140011,-0.8390138362781787,0.8320000000000002,0.16799999999999982,14.146341463414636,High,0.0,0.0,1,0,-0.8664886515353803,0.0057570523891767415,0.044,0.6931471805599453,0,0,1,0.999315537303217,0.0,0.0,1,0.044
POL-2020609,INS-10609,Regional Bank,NCUA,National,2022,Azure,Fiserv,1728589,0.0,0,0.0,0.0,6.0874563127617085,0.1546186899262966,0.8635,0.13649999999999995,33.142857142857146,Extreme,0.0,0.0,1,0,-0.24053059004697552,0.11381743683132256,0.04222000000000001,0.0,0,0,0,0.999315537303217,0.0,0.0,50,2.111
POL-2020610,INS-10610,Custodian Bank,FRB,West,2021,On-Prem,Other,33286575,1.0,1,191119.0,161694.0,8.57315755933367,1.4091013419619633,0.5357500000000001,0.46424999999999994,64.0,Extreme,1.7328679513998633,0.5,1,0,0.48331070911137797,0.01891503366875993,0.01525,0.0,0,0,0,0.999315537303217,0.00574162406315459,0.8460383321386152,100,1.525
POL-2020611,INS-10611,Community Bank,FINRA,National,2022,Hybrid,In-House,207892,1.0,1,1012828.0,177597.0,5.548686904115838,-0.1272532532627124,0.6172500000000001,0.3827499999999999,11.03448275862069,Moderate,0.0,0.0,1,0,-0.5073757015505075,0.019538882375928098,0.0368,0.6931471805599453,0,1,0,0.999315537303217,4.871895022415485,0.17534764046807552,5,0.184
POL-2020612,INS-10612,Fintech-Lending,State,Northeast,2021,Azure,Unknown,122739,1.0,1,5703.0,1913.0,5.072670685015709,-0.7535153012590777,0.7205,0.27949999999999997,9.523809523809524,Moderate,0.0,0.0,0,0,-0.5371840748995415,0.012610340479192938,0.0325,0.0,0,0,1,0.999315537303217,0.04646444895265563,0.3354374890408557,2,0.065
POL-2020613,INS-10613,Credit Union,NCUA,Southeast,2024,Azure,FIS,137435,0.0,0,0.0,0.0,4.279440045898781,-1.2568704353943596,0.7350000000000001,0.2649999999999999,59.52380952380953,Extreme,1.47784755121885,0.0,1,0,-0.22892527306964627,0.21067415730337077,0.032266666666666666,0.0,0,0,0,0.999315537303217,0.0,0.0,15,0.484
POL-2020614,INS-10614,Fintech-Payments,SEC,Northeast,2020,AWS,Unknown,800718,1.0,1,2288.0,294.0,6.976161311646197,0.2986129188916662,0.781,0.21899999999999997,6.451612903225806,Low,1.1961141292874042,0.0,1,0,-0.4259246178456919,0.001869508319312021,0.0275,0.0,0,0,1,0.999315537303217,0.0028574354516821155,0.1284965034965035,2,0.055
POL-2020615,INS-10615,Broker-Dealer,FINRA,National,2020,Hybrid,Unknown,1228515,0.0,0,0.0,0.0,6.983789965258135,0.3313940029476952,0.9249999999999999,0.07500000000000007,4.468085106382979,Low,1.3862943611198906,0.0,1,0,-0.2982079222892703,0.00463821892393321,0.0274,0.0,0,1,1,0.999315537303217,0.0,0.0,5,0.137
POL-2020616,INS-10616,Credit Union,NCUA,Northeast,2021,GCP,FIS,19539,0.0,0,0.0,0.0,3.7819143200811256,-1.5777147410566759,0.8690000000000001,0.1309999999999999,8.085106382978724,Moderate,0.0,0.0,1,0,-0.6706954233641609,0.046620046620046623,0.0385,0.0,0,0,0,0.999315537303217,0.0,0.0,2,0.077
POL-2020617,INS-10617,Insurance Carrier,OCC,Southeast,2024,AWS,Unknown,1654191,0.0,0,0.0,0.0,8.074337694089515,0.7385461930823901,0.71675,0.28325,3.157894736842105,Low,2.929632769781626,0.6666666666666666,0,0,-0.4259246178456919,0.0006230529595015577,0.0275,0.0,0,0,1,0.999315537303217,0.0,0.0,2,0.055
POL-2020618,INS-10618,National Bank,OCC,Northeast,2021,Hybrid,In-House,50718516,0.0,0,0.0,0.0,9.663979581510217,2.0973419338475368,0.5407500000000001,0.45924999999999994,19.166666666666668,High,1.725936479594264,0.5,1,0,-0.20629825249190642,0.0015883806776667323,0.0352,0.0,0,1,0,0.999315537303217,0.0,0.0,25,0.88
POL-2020619,INS-10619,Fintech-Payments,SEC,Midwest,2023,Hybrid,Unknown,496129,0.0,0,0.0,0.0,6.196647773045199,-0.3789040325005608,0.88875,0.11124999999999996,4.75,Low,2.3370612437879488,0.25,1,0,-0.33691705220261214,0.004080799836768006,0.0235,0.0,0,1,1,0.999315537303217,0.0,0.0,2,0.047
POL-2020620,INS-10620,Community Bank,FDIC,National,2020,GCP,Other,87196,0.0,0,0.0,0.0,4.069026754237811,-1.3064598852451133,0.81475,0.18525000000000003,14.838709677419354,High,2.0086294677815273,0.3333333333333333,1,0,-0.3550193243973425,0.2608695652173913,0.03793333333333333,0.0,0,0,0,0.999315537303217,0.0,0.0,15,0.569
POL-2020621,INS-10621,Community Bank,FINRA,Southwest,2020,Azure,Other,276309,1.0,1,50453.0,0.0,5.308267697401205,-0.3400302532957881,0.7992500000000001,0.20074999999999987,22.0,High,2.1998185230177967,0.3333333333333333,1,0,0.05185095186803895,0.04975124378109453,0.0166,0.6931471805599453,0,0,0,0.999315537303217,0.18259629617565842,0.0,10,0.166
POL-2020622,INS-10622,Fintech-Payments,State,Northeast,2023,GCP,Unknown,705709,0.0,0,0.0,0.0,6.740401149309969,0.21595311871696177,0.8665000000000002,0.13349999999999984,4.871794871794872,Low,0.0,0.0,1,0,-0.5149321834887716,0.0023671440407148775,0.0315,0.0,0,0,1,0.999315537303217,0.0,0.0,2,0.063
POL-2020623,INS-10623,Community Bank,FRB,Southeast,2023,AWS,Other,55096,0.0,0,0.0,0.0,3.502549875922443,-1.420085094350504,0.88875,0.11124999999999996,13.255813953488373,Moderate,0.0,0.0,1,0,0.03364704557743864,0.4658385093167701,0.020466666666666668,0.0,0,0,0,0.999315537303217,0.0,0.0,15,0.307
POL-2020624,INS-10624,Credit Union,NCUA,Southeast,2023,GCP,In-House,68639,1.0,1,233193.0,128948.0,4.410371107683024,-1.2589739001065536,0.7050000000000001,0.29499999999999993,15.652173913043477,High,0.0,0.0,1,0,-0.4584215404468137,0.06150061500615006,0.0346,0.0,0,0,0,0.999315537303217,3.3973834117629917,0.552966855780405,5,0.173
POL-2020625,INS-10625,Community Bank,State,Southeast,2021,On-Prem,FIS,273483,0.0,0,0.0,0.0,4.33204826486764,-0.8829827121331038,0.8982500000000001,0.1017499999999999,4.042553191489362,Low,0.0,0.0,1,0,-0.03536815123967674,0.6657789613848203,0.033,0.0,0,0,0,0.999315537303217,0.0,0.0,50,1.65
POL-2020626,INS-10626,Investment Bank,FRB,National,2021,GCP,Fiserv,1473306,0.0,0,0.0,0.0,7.43797168054006,0.8060707825696102,0.522,0.478,13.5,Moderate,1.7328679513998633,0.5,1,0,-0.09214624668414317,0.0011776482364717659,0.0125,0.0,0,0,0,0.999315537303217,0.0,0.0,2,0.025
POL-2020627,INS-10627,Regional Bank,FRB,Southwest,2024,Azure,Temenos,1397927,0.0,0,0.0,0.0,7.70472178818108,1.0615273746664788,0.8115,0.1885,6.0606060606060606,Low,0.0,0.0,1,0,-0.615065694837236,0.0009017945711966813,0.036,0.0,0,0,0,0.999315537303217,0.0,0.0,2,0.072
POL-2020628,INS-10628,Community Bank,FINRA,Northeast,2021,Hybrid,Temenos,305742,0.0,0,0.0,0.0,4.599152113662528,-0.7623953454971124,0.78725,0.21275,3.4042553191489366,Low,1.719483229696782,0.0,1,0,0.00824555592543219,0.5081300813008129,0.03104,0.0,0,1,0,0.999315537303217,0.0,0.0,50,1.552
POL-2020629,INS-10629,Hedge Fund,FINRA,Southwest,2023,Hybrid,Unknown,1959864,0.0,0,0.0,0.0,6.5699020892839926,0.1427101851768334,0.7402500000000001,0.2597499999999999,38.888888888888886,Extreme,1.0986122886681098,0.0,1,0,-0.6101743459075042,0.02105854274884178,0.0494,0.0,0,1,1,0.999315537303217,0.0,0.0,15,0.741
POL-2020630,INS-10630,Credit Union,NCUA,Northeast,2024,Hybrid,Temenos,684974,0.0,0,0.0,0.0,4.3054155323020415,-1.1106627661779427,0.74375,0.25625,122.38095238095238,Extreme,0.0,0.0,1,0,0.8379313628835896,3.4199726402188784,0.006719999999999999,0.0,0,1,0,0.999315537303217,0.0,0.0,250,1.68
POL-2020631,INS-10631,Asset Manager,OCC,Southwest,2020,Azure,Unknown,327015,0.0,0,0.0,0.0,6.478663240242817,0.11994784817756347,0.73625,0.26375000000000004,3.0,Low,2.1903450905694273,0.25,2,0,-0.5705619120156964,0.003076449776957391,0.034,0.0,0,0,1,0.999315537303217,0.0,0.0,2,0.068
POL-2020632,INS-10632,Broker-Dealer,SEC,West,2020,Hybrid,Unknown,1877677,0.0,0,0.0,0.0,6.773995288802613,0.19630392220095447,0.9035000000000001,0.09649999999999992,15.5,High,0.0,0.0,1,0,-0.5538028876668869,0.017166399633783476,0.04686666666666666,0.0,0,1,1,0.999315537303217,0.0,0.0,15,0.703
POL-2020633,INS-10633,Fintech-Payments,SEC,Southwest,2023,AWS,Unknown,2627616,0.0,0,0.0,0.0,6.158460937799191,-0.11134212361936507,0.7085,0.2915,5.306122448979592,Low,0.0,0.0,1,0,-0.26678782191168393,0.105999576001696,0.0434,0.0,0,0,1,0.999315537303217,0.0,0.0,50,2.17
POL-2020634,INS-10634,Credit Union,NCUA,Midwest,2022,Hybrid,In-House,23393,0.0,0,0.0,0.0,3.3603753871419,-1.7066313983587387,0.548,0.45199999999999996,33.07692307692307,Extreme,2.187916889890559,0.3333333333333333,1,0,0.12012763623320409,0.17985611510791366,0.0086,0.0,0,1,0,0.999315537303217,0.0,0.0,5,0.043
POL-2020635,INS-10635,Fintech-Payments,State,West,2020,GCP,Unknown,933535,0.0,0,0.0,0.0,5.806339062981293,-0.32765786151987397,0.556,0.44399999999999995,18.695652173913043,High,0.0,0.0,1,0,-0.31941629814011063,0.04526252263126132,0.036333333333333336,0.0,0,0,1,0.999315537303217,0.0,0.0,15,0.545
POL-2020636,INS-10636,National Bank,FDIC,National,2024,Azure,Other,25932627,0.0,0,0.0,0.0,9.144841389743487,1.8149056202835465,0.6940000000000001,0.30599999999999994,14.166666666666668,High,0.7797905781299385,0.0,1,0,-0.5133743539605313,0.0026695141484249867,0.049,0.0,0,0,0,0.999315537303217,0.0,0.0,25,1.225
POL-2020637,INS-10637,Asset Manager,FINRA,Southeast,2023,GCP,Unknown,1134644,0.0,0,0.0,0.0,6.758326765490208,0.24673143464812322,0.82,0.18000000000000005,2.9411764705882355,Low,0.0,0.0,2,0,-0.2708014735881248,0.011625203441060218,0.0311,0.0,0,0,1,0.999315537303217,0.0,0.0,10,0.311
POL-2020638,INS-10638,Insurance Carrier,NCUA,Southwest,2022,Hybrid,Unknown,2699071,0.0,0,0.0,0.0,7.880766551065796,0.7427226217056475,0.886,0.11399999999999999,17.555555555555557,High,0.0,0.0,0,0,-0.10684165615664906,0.0018904306400998148,0.0188,0.0,0,1,1,0.999315537303217,0.0,0.0,5,0.094
POL-2020639,INS-10639,Insurance Carrier,FDIC,Southeast,2024,On-Prem,Unknown,2382830,1.0,1,8084015.0,4906402.0,7.490361883842714,0.5867822443106552,0.7420000000000001,0.2579999999999999,30.689655172413794,Extreme,0.0,0.0,0,0,-0.41098838947597527,0.0055875286360842595,0.0374,0.0,0,0,1,0.999315537303217,3.392610887054469,0.6069263849708344,10,0.374
POL-2020640,INS-10640,Community Bank,FRB,Southwest,2020,Azure,Fiserv,76336,0.0,0,0.0,0.0,4.335982696172475,-0.8704786318643961,0.6335,0.36650000000000005,12.068965517241379,Moderate,0.0,0.0,1,0,-0.3160094354178862,0.0663129973474801,0.028199999999999996,0.0,0,0,0,0.999315537303217,0.0,0.0,5,0.141
POL-2020641,INS-10641,Community Bank,NCUA,National,2024,AWS,In-House,96550,0.0,0,0.0,0.0,4.669083511731744,-0.7048029302323447,0.87075,0.12924999999999998,13.88888888888889,Moderate,0.0,0.0,1,0,-0.19139884351757472,0.04734848484848485,0.022600000000000002,0.0,0,0,0,0.999315537303217,0.0,0.0,5,0.113
POL-2020642,INS-10642,Fintech-Lending,SEC,Midwest,2021,GCP,Unknown,439647,0.0,0,0.0,0.0,5.6461533618195645,-0.6167089069183541,0.712,0.28800000000000003,9.545454545454547,Moderate,0.0,0.0,0,0,-0.5429787278077395,0.01771793054571226,0.038400000000000004,0.0,0,0,1,0.999315537303217,0.0,0.0,5,0.192
POL-2020643,INS-10643,Asset Manager,FRB,Midwest,2024,Azure,Unknown,516533,0.0,0,0.0,0.0,6.332924325240234,-0.10134860127263606,0.9420000000000001,0.05799999999999994,3.6,Low,1.3862943611198906,0.0,1,0,-0.7788487767619006,0.0088999644001424,0.049,0.0,0,0,1,0.999315537303217,0.0,0.0,5,0.245
POL-2020644,INS-10644,National Bank,OCC,West,2022,Hybrid,Fiserv,487625404,0.0,0,0.0,0.0,10.615387790178243,2.4693565257005776,0.71625,0.28374999999999995,5.897435897435898,Low,0.0,0.0,1,0,0.08314720623027405,0.00613403604850305,0.04064,0.6931471805599453,0,1,0,0.999315537303217,0.0,0.0,250,10.16
POL-2020645,INS-10645,Fintech-Lending,CFPB,West,2021,Azure,Unknown,49900,0.0,0,0.0,0.0,4.133565275375382,-1.1519854529099334,0.7825000000000001,0.21749999999999992,54.6875,Extreme,0.0,0.0,0,0,-0.24790948655953257,0.03257328990228013,0.0195,0.0,0,0,1,0.999315537303217,0.0,0.0,2,0.039
POL-2020646,INS-10646,Community Bank,FRB,Midwest,2020,Hybrid,Temenos,871327,0.0,0,0.0,0.0,4.44500143383527,-0.8511359027989399,0.7160000000000001,0.2839999999999999,15.348837209302326,High,0.0,0.0,1,0,0.6312557954603586,2.969121140142518,0.016007999999999998,0.0,0,1,0,0.999315537303217,0.0,0.0,250,4.002
POL-2020647,INS-10647,Regional Bank,NCUA,Midwest,2020,AWS,Fiserv,779677,0.0,0,0.0,0.0,5.678464666671911,-0.17484938582892542,0.39275000000000004,0.60725,6.153846153846153,Low,0.0,0.0,1,0,-0.49735299214477696,0.08576329331046312,0.04828,0.0,0,0,0,0.999315537303217,0.0,0.0,25,1.207
POL-2020648,INS-10648,Asset Manager,FRB,National,2022,On-Prem,Unknown,5253089,0.0,0,0.0,0.0,6.790097235513905,0.13089095304892748,0.834,0.16600000000000004,21.666666666666668,High,0.0,0.0,2,0,0.5420557024358106,0.11261261261261261,0.01261,0.0,0,0,1,0.999315537303217,0.0,0.0,100,1.261
POL-2020649,INS-10649,Asset Manager,SEC,West,2020,Azure,Unknown,1833224,0.0,0,0.0,0.0,6.9700725850469984,0.08027280206100966,0.73575,0.26425,10.37037037037037,Moderate,0.7797905781299385,0.0,2,0,0.03849981702157701,0.009404683532399136,0.0172,0.0,0,0,1,0.999315537303217,0.0,0.0,10,0.172
POL-2020650,INS-10650,Regional Bank,SEC,Southeast,2021,AWS,FIS,124240,0.0,0,0.0,0.0,5.304299438225584,-0.46820605134752386,0.932,0.06799999999999995,14.48979591836735,High,0.6931471805599453,0.0,1,0,-0.09214624668414317,0.00999000999000999,0.0125,0.0,0,0,0,0.999315537303217,0.0,0.0,2,0.025
POL-2020651,INS-10651,Broker-Dealer,FINRA,West,2020,AWS,Unknown,299182,0.0,0,0.0,0.0,6.212606095751519,0.022100822663512192,0.5745,0.4255,27.407407407407405,Extreme,1.3009400518311534,0.0,1,0,-0.8598365003557052,0.004016064257028112,0.047,0.0,0,0,1,0.999315537303217,0.0,0.0,2,0.094
POL-2020652,INS-10652,Regional Bank,FRB,Midwest,2023,GCP,Jack Henry,945995,0.0,0,0.0,0.0,6.9749465285224606,0.5161751204814051,0.45025,0.54975,21.29032258064516,High,0.0,0.0,1,0,-0.6453374282972809,0.004679457182966776,0.043,0.6931471805599453,0,0,0,0.999315537303217,0.0,0.0,5,0.215
POL-2020653,INS-10653,Regional Bank,FRB,Southeast,2023,On-Prem,Other,3874020,0.0,0,0.0,0.0,7.462157499864673,0.7583405447354797,0.85675,0.14325,36.97674418604651,Extreme,0.0,0.0,1,0,0.09810762200742601,0.014368641875969883,0.02152,0.0,0,0,0,0.999315537303217,0.0,0.0,25,0.538
POL-2020654,INS-10654,Fintech-Lending,CFPB,West,2024,GCP,Unknown,153919,2.0,1,1151766.0,493422.0,5.348535082708654,-0.6186697354869279,0.565,0.43500000000000005,13.846153846153845,Moderate,3.181545558770149,0.5,0,0,-0.381420835024152,0.009555661729574772,0.0255,0.0,0,0,1,0.999315537303217,7.48293582988455,0.4284047280437172,2,0.051
POL-2020655,INS-10655,Insurance Carrier,SEC,Southwest,2020,Azure,Unknown,8216198,0.0,0,0.0,0.0,8.356578330381973,0.9889767706405704,0.66925,0.33075,23.125,Extreme,0.0,0.0,0,0,0.24726520312082984,0.003523525404618167,0.010866666666666667,0.0,0,0,1,0.999315537303217,0.0,0.0,15,0.163
POL-2020656,INS-10656,Insurance Carrier,SEC,West,2021,On-Prem,Unknown,4859532,0.0,0,0.0,0.0,7.454951404057778,0.4229595619560877,0.683,0.31699999999999995,4.545454545454545,Low,0.0,0.0,0,0,-0.05676554221153246,0.01447261780710895,0.02848,0.0,0,0,1,0.999315537303217,0.0,0.0,25,0.712
POL-2020657,INS-10657,Fintech-Lending,State,Northeast,2022,AWS,Unknown,686453,1.0,1,815722.0,383651.0,5.414321042304342,-0.5625387503005547,0.7027500000000001,0.2972499999999999,44.21052631578947,Extreme,0.0,0.0,0,0,0.290285526514985,0.06708407871198568,0.008933333333333333,0.0,0,0,1,0.999315537303217,1.1883144221090154,0.4703207710469989,15,0.134
POL-2020658,INS-10658,Broker-Dealer,FINRA,Southwest,2023,Azure,Unknown,2721961,0.0,0,0.0,0.0,6.933617938507864,0.28978317410488685,0.565,0.43500000000000005,9.696969696969695,Moderate,0.0,0.0,1,0,-0.5256171585465785,0.014631291455325789,0.0456,0.0,0,0,1,0.999315537303217,0.0,0.0,15,0.684
POL-2020659,INS-10659,Asset Manager,NCUA,Midwest,2020,On-Prem,Unknown,622038,0.0,0,0.0,0.0,6.351757936569426,-0.07196999395771571,0.5385000000000001,0.4614999999999999,2.4444444444444446,Low,0.0,0.0,2,0,-0.15134543897818883,0.008733624454148471,0.0208,0.0,0,0,1,0.999315537303217,0.0,0.0,5,0.104
POL-2020660,INS-10660,National Bank,OCC,Midwest,2024,Azure,Temenos,95737619,0.0,0,0.0,0.0,10.421959865710631,2.545458469330113,0.8485000000000001,0.15149999999999986,15.952380952380954,High,0.0,0.0,1,0,0.03669240171370103,0.0007443090132844273,0.02428,0.0,0,0,0,0.999315537303217,0.0,0.0,25,0.607
POL-2020661,INS-10661,National Bank,FDIC,Southeast,2022,Azure,Other,105723030,0.0,0,0.0,0.0,10.362047830678438,2.4342883491388037,0.88,0.12,29.45945945945946,Extreme,0.0,0.0,1,0,0.2538708618828155,0.0007902664462350126,0.01452,0.0,0,0,0,0.999315537303217,0.0,0.0,25,0.363
POL-2020662,INS-10662,Community Bank,SEC,Midwest,2022,GCP,In-House,232181,0.0,0,0.0,0.0,4.72384171570559,-0.6894790184923272,0.77425,0.22575,22.666666666666668,Extreme,0.0,0.0,1,0,-0.39143398902951215,0.22401433691756273,0.04352,0.6931471805599453,0,0,0,0.999315537303217,0.0,0.0,25,1.088
POL-2020663,INS-10663,Fintech-Payments,CFPB,Southwest,2020,GCP,Unknown,637274,0.0,0,0.0,0.0,6.14996290492866,-0.14326866324912813,0.7335,0.26649999999999996,7.608695652173914,Low,0.0,0.0,1,0,-0.2181011132104986,0.010690613641223007,0.023799999999999998,0.0,0,0,1,0.999315537303217,0.0,0.0,5,0.119
POL-2020664,INS-10664,Community Bank,FDIC,Southwest,2024,AWS,Temenos,50493,0.0,0,0.0,0.0,4.604169685654508,-0.742022316718753,0.83275,0.16725,9.032258064516128,Moderate,1.7328679513998633,0.5,1,0,-0.626191640542621,0.020222446916076844,0.0365,0.0,0,0,0,0.999315537303217,0.0,0.0,2,0.073
POL-2020665,INS-10665,Regional Bank,NCUA,West,2022,GCP,Finastra,191840,0.0,0,0.0,0.0,5.43066055353575,-0.30586965404049155,0.6510000000000001,0.34899999999999987,8.823529411764705,Moderate,0.6931471805599453,0.0,1,0,-0.17804770867111272,0.02199736031676199,0.022,0.0,0,0,0,0.999315537303217,0.0,0.0,5,0.11
POL-2020666,INS-10666,Insurance Carrier,FRB,National,2020,Azure,Unknown,4875462,0.0,0,0.0,0.0,7.205412434455996,0.35391347623753316,0.72775,0.27225,19.583333333333336,High,0.0,0.0,0,0,0.05230430091875671,0.03715538381511481,0.029060000000000002,0.0,0,0,1,0.999315537303217,0.0,0.0,50,1.453
POL-2020667,INS-10667,Custodian Bank,OCC,Southwest,2023,On-Prem,Other,21857993,0.0,0,0.0,0.0,8.984568369308281,1.5402696016821713,0.799,0.20099999999999996,21.379310344827587,High,0.0,0.0,1,0,-0.05231516392937857,0.0031336174479819506,0.02828,0.6931471805599453,0,0,0,0.999315537303217,0.0,0.0,25,0.707
POL-2020668,INS-10668,Fintech-Payments,CFPB,Northeast,2024,AWS,Unknown,1078356,0.0,0,0.0,0.0,6.246300545154681,-0.34375021322642624,0.74775,0.25225,4.827586206896552,Low,1.2945314801472563,0.0,1,0,-0.4176639568992062,0.01941370607649,0.0377,0.0,0,0,1,0.999315537303217,0.0,0.0,10,0.377
POL-2020669,INS-10669,Regional Bank,FINRA,Southeast,2020,GCP,In-House,251312,0.0,0,0.0,0.0,5.060694493968993,-0.6436319710483339,0.8470000000000001,0.1529999999999999,3.611111111111111,Low,1.1961141292874042,0.0,1,0,-0.1395153142645823,0.06381620931716657,0.0252,0.0,0,0,0,0.999315537303217,0.0,0.0,10,0.252
POL-2020670,INS-10670,Insurance Carrier,FDIC,Northeast,2022,Hybrid,Unknown,24389192,0.0,0,0.0,0.0,8.561956209889752,1.2010054810653799,0.8325000000000001,0.16749999999999987,33.84615384615385,Extreme,1.7190050077886643,0.5,0,0,-0.22673441737229794,0.009564069702939996,0.0416,0.0,0,1,1,0.999315537303217,0.0,0.0,50,2.08
POL-2020671,INS-10671,Insurance Carrier,FDIC,Southeast,2022,Hybrid,Unknown,5565781,0.0,0,0.0,0.0,8.268449741051743,0.9598220778983532,0.68425,0.31575,6.756756756756756,Low,0.0,0.0,0,0,0.19648824603804338,0.002565483978552554,0.010100000000000001,0.0,0,1,1,0.999315537303217,0.0,0.0,10,0.101
POL-2020672,INS-10672,Insurance Carrier,FRB,Midwest,2021,On-Prem,Unknown,9177040,0.0,0,0.0,0.0,7.415837142077065,0.2992223187594852,0.7035,0.2965,11.2,Moderate,1.507306306392648,0.0,0,0,-0.24588377241955195,0.06020107157907411,0.04801999999999999,0.0,0,0,1,0.999315537303217,0.0,0.0,100,4.802
POL-2020673,INS-10673,Investment Bank,FRB,National,2022,Hybrid,Jack Henry,29896841,0.0,0,0.0,0.0,8.562434207661823,1.3338620926297071,0.79825,0.20174999999999998,6.285714285714286,Low,0.0,0.0,1,0,0.042513468698017864,0.009559498317528297,0.029500000000000002,0.0,0,1,0,0.999315537303217,0.0,0.0,50,1.475
POL-2020674,INS-10674,Asset Manager,SEC,Southwest,2023,Azure,Unknown,4248208,0.0,0,0.0,0.0,7.8674885686991285,0.7409100421384319,0.746,0.254,24.82758620689655,Extreme,0.8187801070364353,0.0,2,0,-0.6312821144425973,0.0038314176245210726,0.047299999999999995,0.0,0,0,1,0.999315537303217,0.0,0.0,10,0.473
POL-2020675,INS-10675,Fintech-Lending,SEC,Midwest,2021,Azure,Unknown,1739583,1.0,1,71053.0,43062.0,6.115892125483034,-0.23576515664947642,0.6415,0.35850000000000004,3.6666666666666665,Low,0.0,0.0,0,0,0.43188599316897475,0.05530973451327434,0.006520000000000001,0.0,0,0,1,0.999315537303217,0.04084484614991064,0.6060546352722616,25,0.163
POL-2020676,INS-10676,Broker-Dealer,SEC,Southwest,2023,On-Prem,Unknown,2764618,0.0,0,0.0,0.0,6.9280479822498995,0.2676828731064484,0.603,0.397,41.66666666666667,Extreme,0.0,0.0,1,0,0.2620997973946765,0.014713094654242276,0.010199999999999999,0.0,0,0,1,0.999315537303217,0.0,0.0,15,0.153
POL-2020677,INS-10677,Insurance Carrier,CFPB,Southeast,2021,Hybrid,Unknown,38937422,0.0,0,0.0,0.0,8.26456933477952,1.1472321553441456,0.8230000000000001,0.17699999999999994,10.32258064516129,Moderate,1.1901633127237856,0.0,0,0,0.496498341076736,0.06438652518800865,0.022064,0.0,0,1,1,0.999315537303217,0.0,0.0,250,5.516
POL-2020678,INS-10678,Community Bank,SEC,National,2023,GCP,Temenos,30549,0.0,0,0.0,0.0,3.462606009790799,-1.55342041190296,0.5715000000000001,0.4284999999999999,8.181818181818182,Moderate,3.1422672185384184,0.5,1,0,-0.5207268363969695,0.16181229773462785,0.0374,0.6931471805599453,0,0,0,0.999315537303217,0.0,0.0,5,0.187
POL-2020679,INS-10679,Investment Bank,OCC,Southwest,2023,Azure,Temenos,93807077,0.0,0,0.0,0.0,8.835603285219042,1.5398965362400385,0.818,0.18200000000000005,1.5151515151515151,Low,0.7875884839112379,0.0,1,0,0.4787858355137632,0.03637051369713546,0.02286,0.0,0,0,0,0.999315537303217,0.0,0.0,250,5.715
POL-2020680,INS-10680,Regional Bank,FRB,Southwest,2020,GCP,Finastra,1479825,0.0,0,0.0,0.0,6.525909036472607,0.2787422372545933,0.61975,0.38025,18.064516129032256,High,1.0986122886681098,0.0,1,0,-0.3965561883641129,0.022007042253521125,0.039799999999999995,1.0986122886681098,1,0,0,0.999315537303217,0.0,0.0,15,0.597
POL-2020681,INS-10681,Regional Bank,NCUA,Southwest,2020,GCP,Fiserv,1021835,0.0,0,0.0,0.0,6.520621127558696,0.27064756723230066,0.6485,0.35150000000000003,58.33333333333333,Extreme,0.0,0.0,1,0,0.11860662610034867,0.014749262536873156,0.013600000000000001,0.0,0,0,0,0.999315537303217,0.0,0.0,10,0.136
POL-2020682,INS-10682,Community Bank,OCC,Southwest,2022,On-Prem,FIS,12152,0.0,0,0.0,0.0,3.7232808808312687,-1.277026924746126,0.6292500000000001,0.3707499999999999,5.333333333333333,Low,1.3458000536184347,0.0,1,0,-0.688473520249221,0.024752475247524754,0.036,0.0,0,0,0,0.999315537303217,0.0,0.0,1,0.036
POL-2020683,INS-10683,Asset Manager,SEC,Southeast,2020,On-Prem,Unknown,445883,0.0,0,0.0,0.0,5.581614840681993,-0.5115920074371462,0.7180000000000001,0.2819999999999999,5.0,Low,0.0,0.0,1,0,0.17868673290942746,0.03780718336483932,0.0109,0.0,0,0,1,0.999315537303217,0.0,0.0,10,0.109
POL-2020684,INS-10684,National Bank,FRB,West,2020,Azure,Other,172028957,0.0,0,0.0,0.0,9.464447563527505,2.0287755199160484,0.8467500000000001,0.1532499999999999,8.13953488372093,Moderate,0.0,0.0,1,0,0.6803879716953385,0.019391720511010617,0.013800000000000002,0.0,0,0,0,0.999315537303217,0.0,0.0,250,3.45
POL-2020685,INS-10685,Asset Manager,SEC,Northeast,2023,Hybrid,Unknown,535408,0.0,0,0.0,0.0,6.285998094508865,-0.038879167633426526,0.6447499999999999,0.35525000000000007,3.823529411764706,Low,0.0,0.0,2,0,-0.5830321323471253,0.009328358208955223,0.0402,0.0,0,1,1,0.999315537303217,0.0,0.0,5,0.201
POL-2020686,INS-10686,Community Bank,CFPB,Southwest,2024,On-Prem,FIS,280019,0.0,0,0.0,0.0,4.422448549172797,-0.9983203439643482,0.7314999999999999,0.26850000000000007,3.6842105263157894,Low,0.0,0.0,1,0,0.5636527655382494,0.6075334143377886,0.0060799999999999995,0.6931471805599453,0,0,0,0.999315537303217,0.0,0.0,50,0.304
POL-2020687,INS-10687,National Bank,FDIC,Northeast,2021,GCP,Other,124679112,0.0,0,0.0,0.0,10.553664599643259,2.5021084382470526,0.8875000000000001,0.11249999999999993,10.0,Moderate,0.0,0.0,1,0,0.03847255302656272,0.0006524587254610274,0.0242,0.6931471805599453,0,0,0,0.999315537303217,0.0,0.0,25,0.605
POL-2020688,INS-10688,Asset Manager,State,National,2020,On-Prem,Unknown,967920,0.0,0,0.0,0.0,5.569488886872828,-0.6306842886934382,0.58575,0.41425,10.0,Moderate,0.0,0.0,2,0,0.03183256082084829,0.19135093761959432,0.029980000000000003,0.0,0,0,1,0.999315537303217,0.0,0.0,50,1.499
POL-2020689,INS-10689,National Bank,OCC,National,2023,Azure,In-House,535855089,0.0,0,0.0,0.0,10.500126586015403,2.627058336449062,0.7500000000000001,0.2499999999999999,7.499999999999999,Low,0.0,0.0,1,0,0.7377088439694819,0.0068834304814821955,0.011224,0.6931471805599453,0,0,0,0.999315537303217,0.0,0.0,250,2.806
POL-2020690,INS-10690,Fintech-Payments,CFPB,Southeast,2022,On-Prem,Unknown,1446973,0.0,0,0.0,0.0,6.924907337799702,0.32398262829871466,0.6925000000000001,0.3074999999999999,12.051282051282051,Moderate,0.0,0.0,1,0,0.18243293218335985,0.004919807143559973,0.0058000000000000005,0.0,0,0,1,0.999315537303217,0.0,0.0,5,0.029
POL-2020691,INS-10691,Regional Bank,SEC,West,2024,Azure,Temenos,568998,0.0,0,0.0,0.0,6.334167333479831,0.26768949923156055,0.6287499999999999,0.3712500000000001,5.294117647058823,Low,1.1901633127237856,0.0,1,0,0.09342536654028019,0.008888888888888889,0.0098,1.3862943611198906,1,0,0,0.999315537303217,0.0,0.0,5,0.049
POL-2020692,INS-10692,Insurance Carrier,NCUA,Southwest,2024,Azure,Unknown,16365323,0.0,0,0.0,0.0,8.838682311078294,1.3934864664938829,0.9135000000000001,0.08649999999999991,3.0434782608695654,Low,0.0,0.0,0,0,-0.5213850348684084,0.003625868395480718,0.04936,0.6931471805599453,0,0,1,0.999315537303217,0.0,0.0,25,1.234
POL-2020693,INS-10693,Fintech-Payments,CFPB,Southeast,2024,On-Prem,Unknown,480734,1.0,1,122014.0,17421.0,5.038250461129229,-0.65961943311123,0.56025,0.43975,56.5,Extreme,0.7953863896925372,0.0,1,0,-0.015307115526255133,0.097911227154047,0.02266666666666667,0.0,0,0,1,0.999315537303217,0.2538077190296505,0.14277869752651334,15,0.34
POL-2020694,INS-10694,Asset Manager,FRB,Southeast,2024,On-Prem,Unknown,1280790,0.0,0,0.0,0.0,6.59071305122387,0.0705347239008703,0.6970000000000001,0.30299999999999994,13.88888888888889,Moderate,2.193867706454178,0.3333333333333333,2,0,0.04517538444480795,0.013749484394335213,0.016900000000000002,0.0,0,0,1,0.999315537303217,0.0,0.0,10,0.169
POL-2020695,INS-10695,Fintech-Payments,SEC,Southeast,2023,GCP,Unknown,640586,0.0,0,0.0,0.0,5.477300022076476,-0.5186031274015056,0.76375,0.23624999999999996,26.666666666666668,Extreme,0.0,0.0,1,0,-0.31530525640966467,0.041981528127623846,0.033100000000000004,0.0,0,0,1,0.999315537303217,0.0,0.0,10,0.331
POL-2020696,INS-10696,Insurance Carrier,FINRA,Southwest,2022,GCP,Unknown,35908753,0.0,0,0.0,0.0,9.449711540395043,1.6818949496686084,0.72525,0.27475000000000005,2.5641025641025643,Low,0.0,0.0,0,0,-0.2864050615706781,0.001967961585389853,0.0388,0.0,0,0,1,0.999315537303217,0.0,0.0,25,0.97
POL-2020697,INS-10697,Community Bank,FRB,Southeast,2024,Azure,FIS,92261,0.0,0,0.0,0.0,5.056245805348308,-0.40800913017558704,0.8175,0.1825,5.0,Low,0.0,0.0,1,0,-0.7374510975964708,0.01282051282051282,0.0415,0.0,0,0,0,0.999315537303217,0.0,0.0,2,0.083
POL-2020698,INS-10698,Asset Manager,FINRA,Southeast,2023,AWS,Unknown,5634213,0.0,0,0.0,0.0,7.405921104601338,0.6831691052948307,0.74925,0.25075000000000003,7.948717948717949,Low,0.0,0.0,2,0,-0.3865029977016261,0.030400680975253846,0.048780000000000004,0.6931471805599453,0,0,1,0.999315537303217,0.0,0.0,50,2.439
POL-2020699,INS-10699,Broker-Dealer,FINRA,Northeast,2021,AWS,Unknown,130340,0.0,0,0.0,0.0,5.760162808092309,-0.48305886486803123,0.8484999999999999,0.15150000000000008,2.2857142857142856,Low,0.0,0.0,1,0,-0.9109924343569202,0.003160556257901391,0.046,0.0,0,0,1,0.999315537303217,0.0,0.0,1,0.046
POL-2020700,INS-10700,Regional Bank,FDIC,Southwest,2023,Azure,Other,1639282,2.0,1,226821.0,14639.0,6.707595564058303,0.5258364230653477,0.7652500000000001,0.2347499999999999,23.2,Extreme,1.3862943611198906,0.0,1,0,-0.04497630407394837,0.01834637964774951,0.024,0.0,0,0,0,0.999315537303217,0.13836606514315414,0.0645398794644235,15,0.36
POL-2020701,INS-10701,Asset Manager,SEC,Northeast,2020,Azure,Unknown,3623061,0.0,0,0.0,0.0,7.156332631553157,0.47620775042113905,0.7377500000000001,0.26224999999999987,4.883720930232558,Low,1.3862943611198906,0.0,2,0,-0.2650432458163389,0.019512956603184514,0.03784,0.0,0,0,1,0.999315537303217,0.0,0.0,25,0.946
POL-2020702,INS-10702,Community Bank,FINRA,Southwest,2024,Azure,Fiserv,156802,0.0,0,0.0,0.0,4.160444363926624,-0.9745070220800166,0.84875,0.15125,6.666666666666667,Low,0.0,0.0,1,0,0.3686906215623882,0.39619651347068147,0.00936,0.0,0,0,0,0.999315537303217,0.0,0.0,25,0.234
POL-2020703,INS-10703,Community Bank,NCUA,West,2023,AWS,Jack Henry,454907,0.0,0,0.0,0.0,5.739792912179234,-0.14680643027374082,0.76125,0.23875000000000002,7.352941176470589,Low,0.0,0.0,1,0,-0.1639923948164293,0.03225806451612903,0.0263,0.0,0,0,0,0.999315537303217,0.0,0.0,10,0.263
POL-2020704,INS-10704,Insurance Carrier,CFPB,Midwest,2022,AWS,Unknown,1549600,0.0,0,0.0,0.0,7.005244900259394,0.3656385821943618,0.72125,0.27875000000000005,10.0,Moderate,0.6931471805599453,0.0,0,0,-0.07721001831442659,0.009079353550027237,0.0224,0.0,0,0,1,0.999315537303217,0.0,0.0,10,0.224
POL-2020705,INS-10705,Regional Bank,SEC,West,2020,GCP,Temenos,532874,1.0,1,87022.0,1950.0,5.586499314041468,0.02117527894804595,0.6685000000000001,0.3314999999999999,5.0,Low,0.0,0.0,1,0,-0.11469889716102744,0.056433408577878104,0.027133333333333332,0.0,0,0,0,0.999315537303217,0.1633068980659593,0.0224081266806095,15,0.407
POL-2020706,INS-10706,Credit Union,NCUA,Southwest,2020,AWS,Temenos,24354,0.0,0,0.0,0.0,3.86702563949741,-1.4084673709972841,0.41125,0.58875,19.375,High,1.7051420641774653,0.5,1,0,-0.8820883917664751,0.042735042735042736,0.048,0.0,0,0,0,0.999315537303217,0.0,0.0,2,0.096
POL-2020707,INS-10707,Custodian Bank,FRB,Southeast,2022,Azure,Other,70022306,0.0,0,0.0,0.0,9.241645221804594,1.633515251831876,0.41600000000000004,0.584,12.608695652173912,Moderate,0.7797905781299385,0.0,1,0,0.2396524981634474,0.00969274013763691,0.0262,0.0,0,0,0,0.999315537303217,0.0,0.0,100,2.62
POL-2020708,INS-10708,Fintech-Lending,CFPB,Southwest,2023,On-Prem,Unknown,2453201,0.0,0,0.0,0.0,6.027314200001679,-0.23425615687234935,0.6605,0.3395,12.368421052631579,Moderate,0.0,0.0,0,0,0.5556420846303721,0.12088974854932301,0.00644,0.0,0,0,1,0.999315537303217,0.0,0.0,50,0.322
POL-2020709,INS-10709,Investment Bank,OCC,West,2020,Hybrid,In-House,5534594,0.0,0,0.0,0.0,8.44378343699024,1.3822767483401162,0.9397500000000002,0.060249999999999804,9.333333333333334,Moderate,0.0,0.0,1,0,0.022219314025816422,0.0010764030914296786,0.013000000000000001,0.0,0,1,0,0.999315537303217,0.0,0.0,5,0.065
POL-2020710,INS-10710,Regional Bank,NCUA,National,2020,AWS,Fiserv,188583,0.0,0,0.0,0.0,5.908626268798978,-0.05798897998777123,0.766,0.23399999999999999,24.88888888888889,Extreme,2.19496607177316,0.25,1,0,-0.8487105546503202,0.0054466230936819175,0.0465,0.0,0,0,0,0.999315537303217,0.0,0.0,2,0.093
POL-2020711,INS-10711,Community Bank,FRB,West,2020,On-Prem,In-House,11815,0.0,0,0.0,0.0,3.068052935133617,-1.452779190631653,0.87075,0.12924999999999998,3.513513513513513,Low,0.8109822012551361,0.0,1,0,-0.3702948893187671,0.0975609756097561,0.025,0.0,0,0,0,0.999315537303217,0.0,0.0,2,0.05
POL-2020712,INS-10712,Asset Manager,CFPB,Southeast,2021,AWS,Unknown,3206081,0.0,0,0.0,0.0,7.469312039154485,0.6658378664471325,0.8270000000000001,0.17299999999999993,24.411764705882355,Extreme,0.6931471805599453,0.0,2,0,-0.12656657258010462,0.008559689568591645,0.027666666666666666,0.0,0,0,1,0.999315537303217,0.0,0.0,15,0.415
POL-2020713,INS-10713,Fintech-Lending,SEC,National,2024,Hybrid,Unknown,2292986,1.0,1,21785262.0,2273137.0,5.5556690891919835,-0.5022606716128054,0.6535,0.34650000000000003,64.13793103448276,Extreme,0.0,0.0,0,0,0.6793498724402609,0.38804811796662786,0.00644,1.0986122886681098,1,1,1,0.999315537303217,9.500826433305742,0.10434288098072908,100,0.644
POL-2020714,INS-10714,Custodian Bank,OCC,Southwest,2021,On-Prem,Finastra,13377768,0.0,0,0.0,0.0,8.226065188560156,1.4222431416843344,0.8917500000000002,0.10824999999999985,9.5,Moderate,0.7953863896925372,0.0,1,0,0.34602926754091956,0.013382939428816146,0.01586,0.0,0,0,0,0.999315537303217,0.0,0.0,50,0.793
POL-2020715,INS-10715,Credit Union,NCUA,West,2021,On-Prem,Temenos,11187,0.0,0,0.0,0.0,3.7256934272366524,-1.566401604691162,0.74025,0.25975000000000004,6.0,Low,1.725936479594264,0.5,1,0,-0.44370271473075207,0.024691358024691357,0.025,0.6931471805599453,0,0,0,0.999315537303217,0.0,0.0,1,0.025
POL-2020716,INS-10716,Community Bank,SEC,Midwest,2021,On-Prem,In-House,208917,0.0,0,0.0,0.0,4.634728988229636,-0.7436436878065148,0.6965,0.3035,41.42857142857142,Extreme,0.0,0.0,1,0,-0.2534722622827385,0.24509803921568626,0.03732,0.0,0,0,0,0.999315537303217,0.0,0.0,25,0.933
POL-2020717,INS-10717,Community Bank,State,Southeast,2021,Azure,Temenos,193350,0.0,0,0.0,0.0,4.8782461060505105,-0.47131607851701246,0.7,0.30000000000000004,7.17948717948718,Low,0.0,0.0,1,0,-0.1770041931111831,0.11503067484662576,0.029933333333333333,0.6931471805599453,0,0,0,0.999315537303217,0.0,0.0,15,0.449
POL-2020718,INS-10718,Community Bank,NCUA,Northeast,2023,On-Prem,FIS,76453,0.0,0,0.0,0.0,4.192680462942962,-0.9395415248741669,0.80625,0.19374999999999998,2.3809523809523814,Low,0.6931471805599453,0.0,1,0,0.029599060457269066,0.15337423312883436,0.017599999999999998,0.0,0,0,0,0.999315537303217,0.0,0.0,10,0.176
POL-2020719,INS-10719,Insurance Carrier,SEC,Northeast,2021,AWS,Unknown,2060533,0.0,0,0.0,0.0,6.972793675161359,0.1908608918884019,0.9195000000000001,0.0804999999999999,7.2340425531914905,Low,0.0,0.0,0,0,-0.12063273487056608,0.014068655036578502,0.027399999999999997,0.6931471805599453,0,0,1,0.999315537303217,0.0,0.0,15,0.411
POL-2020720,INS-10720,Credit Union,NCUA,West,2023,AWS,In-House,94857,0.0,0,0.0,0.0,2.91235066461494,-2.0689068189236752,0.84025,0.15974999999999995,7.777777777777778,Low,0.0,0.0,1,0,0.33489059340154265,5.74712643678161,0.021920000000000002,0.6931471805599453,0,0,0,0.999315537303217,0.0,0.0,100,2.192
POL-2020721,INS-10721,National Bank,FDIC,Southeast,2023,Azure,Jack Henry,38927736,0.0,0,0.0,0.0,9.52602664083756,1.9086168371465613,0.7024999999999999,0.2975000000000001,4.324324324324324,Low,1.0986122886681098,0.0,1,0,-0.05587546655510173,0.0018233535117788636,0.02844,0.0,0,0,0,0.999315537303217,0.0,0.0,25,0.711
POL-2020722,INS-10722,Fintech-Lending,CFPB,Southeast,2021,GCP,Unknown,713157,0.0,0,0.0,0.0,5.471429984256681,-0.6351254830457519,0.7917500000000001,0.20824999999999994,11.219512195121952,Moderate,0.0,0.0,0,0,-0.5300675368287325,0.06334459459459459,0.0458,0.0,0,0,1,0.999315537303217,0.0,0.0,15,0.687
POL-2020723,INS-10723,Regional Bank,SEC,Midwest,2022,GCP,Finastra,4343511,0.0,0,0.0,0.0,6.471727865291332,0.21458641799155728,0.8635,0.13649999999999995,8.13953488372093,Moderate,0.0,0.0,1,0,0.0035599302951786482,0.15489467162329615,0.03681,0.0,0,0,0,0.999315537303217,0.0,0.0,100,3.681
POL-2020724,INS-10724,Community Bank,NCUA,Northeast,2023,Azure,Fiserv,171089,0.0,0,0.0,0.0,3.9512437185814275,-1.0452387281416518,0.7280000000000001,0.2719999999999999,10.357142857142856,Moderate,1.7051420641774653,0.5,1,0,-0.2449809683291293,0.9803921568627451,0.04242,0.0,0,0,0,0.999315537303217,0.0,0.0,50,2.121
POL-2020725,INS-10725,Asset Manager,NCUA,Midwest,2021,Hybrid,Unknown,402513,0.0,0,0.0,0.0,6.167935690223761,-0.11109968014586048,0.9032500000000002,0.09674999999999978,6.744186046511628,Low,0.0,0.0,2,0,0.16018104077258993,0.010499790004199917,0.0068000000000000005,1.0986122886681098,1,1,1,0.999315537303217,0.0,0.0,5,0.034
POL-2020726,INS-10726,Fintech-Lending,CFPB,Southeast,2021,Azure,Unknown,235117,0.0,0,0.0,0.0,6.094021135433074,-0.43435696396387574,0.8109999999999999,0.18900000000000006,3.7254901960784315,Low,0.0,0.0,0,0,-0.44370271473075207,0.002261420171867933,0.025,0.6931471805599453,0,0,1,0.999315537303217,0.0,0.0,1,0.025
POL-2020727,INS-10727,Hedge Fund,OCC,West,2024,Azure,Unknown,6058330,0.0,0,0.0,0.0,5.537727890326118,-0.6406246929470929,0.787,0.21299999999999997,3.225806451612903,Low,0.7875884839112379,0.0,1,0,0.626123720516244,1.9755037534571316,0.021862,0.0,0,0,1,0.999315537303217,0.0,0.0,500,10.931
POL-2020728,INS-10728,Fintech-Payments,SEC,Northeast,2020,On-Prem,Unknown,668868,0.0,0,0.0,0.0,5.968195920168628,-0.3411626521355082,0.6737500000000001,0.32624999999999993,53.87096774193548,Extreme,0.0,0.0,1,0,-0.7788487767619006,0.012827090815802975,0.049,0.6931471805599453,0,0,1,0.999315537303217,0.0,0.0,5,0.245
POL-2020729,INS-10729,Regional Bank,NCUA,Southwest,2022,GCP,In-House,314205,0.0,0,0.0,0.0,6.801727874336607,0.503218073427311,0.81075,0.18925000000000003,49.310344827586206,Extreme,0.0,0.0,1,0,-0.48820649755229195,0.0011130899376669634,0.027,0.0,0,0,0,0.999315537303217,0.0,0.0,1,0.027
POL-2020730,INS-10730,Credit Union,NCUA,National,2024,Hybrid,Other,155534,1.0,1,737014.0,142515.0,3.40452517175483,-1.7470592839457684,0.5015000000000001,0.49849999999999994,18.823529411764703,High,1.4925769288057489,0.0,1,0,-0.0015580047292984567,3.4364261168384878,0.037040000000000003,0.6931471805599453,0,1,0,0.999315537303217,4.738603777952088,0.19336810426938972,100,3.704
POL-2020731,INS-10731,Fintech-Payments,State,West,2022,Hybrid,Unknown,139734,0.0,0,0.0,0.0,5.360822571899434,-0.7373018966710676,0.949,0.051000000000000045,7.755102040816327,Low,0.0,0.0,1,0,-0.710725411659991,0.004719207173194903,0.037,0.0,0,1,1,0.999315537303217,0.0,0.0,1,0.037
POL-2020732,INS-10732,Community Bank,FRB,Southwest,2023,On-Prem,Other,476760,0.0,0,0.0,0.0,4.791649752930709,-0.6960676334838191,0.65125,0.34875,31.379310344827587,Extreme,0.0,0.0,1,0,0.5151436422627709,0.41841004184100417,0.00826,0.0,0,0,0,0.999315537303217,0.0,0.0,50,0.413
POL-2020733,INS-10733,Broker-Dealer,FINRA,West,2020,Azure,Unknown,4434828,0.0,0,0.0,0.0,7.23460998650839,0.2766296941614625,0.84725,0.15275000000000005,24.210526315789473,Extreme,0.0,0.0,0,0,-0.4403881501332059,0.018042725173210164,0.045720000000000004,0.6931471805599453,0,0,1,0.999315537303217,0.0,0.0,25,1.143
POL-2020734,INS-10734,National Bank,FRB,West,2021,On-Prem,Finastra,333140959,0.0,0,0.0,0.0,10.282851640046156,2.409317952693232,0.8197500000000001,0.1802499999999999,6.969696969696969,Low,0.0,0.0,1,0,-0.018410426168479876,0.008553997967570084,0.045204,0.0,0,0,0,0.999315537303217,0.0,0.0,250,11.301
POL-2020735,INS-10735,National Bank,FDIC,Midwest,2021,Azure,Temenos,162564208,1.0,1,1356742.0,306233.0,10.915161188842836,2.428084863062141,0.7069999999999999,0.29300000000000015,24.054054054054053,Extreme,0.0,0.0,1,0,0.29392426642220126,0.0004545206625093177,0.01272,0.6931471805599453,0,0,0,0.999315537303217,0.008345883861470909,0.22571203662892428,25,0.318
POL-2020736,INS-10736,Credit Union,NCUA,Midwest,2024,On-Prem,Temenos,74222,1.0,1,52782.0,0.0,3.9926809084456005,-1.4775120218025932,0.5825,0.4175,16.11111111111111,High,1.482757343747816,0.0,1,0,-0.5177974682476708,0.18796992481203006,0.0422,0.6931471805599453,0,0,0,0.999315537303217,0.7111368596911967,0.0,10,0.422
POL-2020737,INS-10737,Community Bank,State,Midwest,2021,AWS,Finastra,370133,0.0,0,0.0,0.0,4.937347498326424,-0.5517991561028027,0.5847500000000001,0.4152499999999999,10.476190476190476,Moderate,0.0,0.0,1,0,0.3615700163109419,0.180635838150289,0.00968,0.0,0,0,0,0.999315537303217,0.0,0.0,25,0.242
POL-2020738,INS-10738,Asset Manager,SEC,West,2024,AWS,Unknown,220138,0.0,0,0.0,0.0,6.262636067432774,-0.24114278202262426,0.82275,0.17725000000000002,5.454545454545454,Low,0.0,0.0,2,0,-0.688473520249221,0.0019098548510313215,0.036,1.3862943611198906,1,0,1,0.999315537303217,0.0,0.0,1,0.036
POL-2020739,INS-10739,Insurance Carrier,State,Northeast,2023,AWS,Unknown,580128,0.0,0,0.0,0.0,7.078510199404627,0.302678443886508,0.5549999999999999,0.44500000000000006,308.125,Extreme,0.0,0.0,0,0,-0.29241326938107226,0.0016874789065136685,0.0215,0.6931471805599453,0,0,1,0.999315537303217,0.0,0.0,2,0.043
POL-2020740,INS-10740,Community Bank,SEC,Midwest,2023,Azure,Other,183673,0.0,0,0.0,0.0,5.02912987673242,-0.4919166757966578,0.8350000000000001,0.16499999999999992,2.5806451612903225,Low,0.0,0.0,1,0,-0.49777076597797787,0.06587615283267456,0.041299999999999996,0.6931471805599453,0,0,0,0.999315537303217,0.0,0.0,10,0.413
POL-2020741,INS-10741,Custodian Bank,OCC,Southwest,2022,AWS,FIS,21679642,0.0,0,0.0,0.0,8.966738978759576,1.677576115852192,0.755,0.245,9.6,Moderate,0.8343759185990343,0.0,1,0,0.14350148048539668,0.003189996172004594,0.01948,0.6931471805599453,0,0,0,0.999315537303217,0.0,0.0,25,0.487
POL-2020742,INS-10742,Insurance Carrier,State,Midwest,2024,AWS,Unknown,35299727,0.0,0,0.0,0.0,8.740576713935054,1.228367145305875,0.89325,0.10675000000000001,0.5882352941176471,Low,0.0,0.0,0,0,-0.0026705992998368178,0.015998720102391808,0.03709,0.0,0,0,1,0.999315537303217,0.0,0.0,100,3.709
POL-2020743,INS-10743,Regional Bank,FINRA,Southwest,2020,Azure,In-House,2527282,0.0,0,0.0,0.0,6.381477550657225,0.32882046987211516,0.8392499999999999,0.16075000000000006,22.058823529411764,Extreme,0.6931471805599453,0.0,1,0,0.052749338746972074,0.084774499830451,0.02904,0.0,0,0,0,0.999315537303217,0.0,0.0,50,1.452
POL-2020744,INS-10744,Broker-Dealer,FINRA,Southwest,2024,AWS,Unknown,599312,0.0,0,0.0,0.0,6.208388798608275,-0.30147470989363107,0.7012499999999999,0.29875000000000007,6.842105263157895,Low,1.5803755716766754,0.0,1,0,-0.36496359652158017,0.01008267795926598,0.0304,0.6931471805599453,0,0,1,0.999315537303217,0.0,0.0,5,0.152
POL-2020745,INS-10745,Insurance Carrier,NCUA,West,2023,Azure,Unknown,1172756,0.0,0,0.0,0.0,7.993316099905515,0.8267392908761754,0.75225,0.24775000000000003,3.75,Low,0.6931471805599453,0.0,0,0,-0.44370271473075207,0.00033782642478294656,0.025,0.0,0,0,1,0.999315537303217,0.0,0.0,1,0.025
POL-2020746,INS-10746,Fintech-Lending,SEC,Southwest,2020,On-Prem,Unknown,172199,0.0,0,0.0,0.0,5.216564864675778,-0.6474988709815653,0.67175,0.32825000000000004,13.823529411764707,Moderate,0.0,0.0,0,0,-0.35916894361338214,0.010911074740861974,0.0245,0.0,0,0,1,0.999315537303217,0.0,0.0,2,0.049
POL-2020747,INS-10747,Hedge Fund,NCUA,National,2024,Hybrid,Unknown,576041,1.0,1,79670.0,38374.0,5.65704021210407,-0.50995244646641,0.33399999999999996,0.666,21.052631578947366,High,0.0,0.0,1,0,-0.2440992038952009,0.03505082369435682,0.0299,0.6931471805599453,0,1,1,0.999315537303217,0.13830612751522894,0.4816618551525041,10,0.299
POL-2020748,INS-10748,Fintech-Lending,CFPB,West,2021,GCP,Unknown,324053,0.0,0,0.0,0.0,5.029784112935016,-0.721620007645503,0.8809999999999999,0.1190000000000001,18.684210526315788,High,0.0,0.0,0,0,0.21874013744881332,0.06583278472679394,0.0091,0.6931471805599453,0,0,1,0.999315537303217,0.0,0.0,10,0.091
POL-2020749,INS-10749,Broker-Dealer,FINRA,Southwest,2023,AWS,Unknown,571239,0.0,0,0.0,0.0,5.869296913133774,-0.37647462118852176,0.65325,0.34675,25.483870967741936,Extreme,0.0,0.0,1,0,-0.44214103745105315,0.028328611898016998,0.0388,0.0,0,0,1,0.999315537303217,0.0,0.0,10,0.388
POL-2020750,INS-10750,Asset Manager,CFPB,National,2023,On-Prem,Unknown,858399,1.0,1,389467.0,4074.0,7.282692448721343,0.3922189621690882,0.7085,0.2915,23.5,Extreme,0.0,0.0,1,0,-0.8932143374718601,0.0013756104271270375,0.0485,0.6931471805599453,0,0,1,0.999315537303217,0.4537132498989398,0.010460449794205927,2,0.097
POL-2020751,INS-10751,Insurance Carrier,NCUA,Southeast,2023,Hybrid,Unknown,2790424,0.0,0,0.0,0.0,7.236987081090713,0.5259875271825051,0.68625,0.31375,18.285714285714285,High,0.0,0.0,0,0,0.11227039522882565,0.010799913600691194,0.016933333333333335,0.0,0,1,1,0.999315537303217,0.0,0.0,15,0.254
POL-2020752,INS-10752,Regional Bank,FDIC,Southwest,2023,On-Prem,FIS,731067,0.0,0,0.0,0.0,7.1493672345793895,0.6542283971928925,0.5235000000000001,0.4764999999999999,25.217391304347824,Extreme,3.211004313943947,0.5,1,0,-0.45930245496184685,0.0015719562996148707,0.029,0.0,0,0,0,0.999315537303217,0.0,0.0,2,0.058
POL-2020753,INS-10753,Community Bank,SEC,Midwest,2024,Azure,In-House,94260,0.0,0,0.0,0.0,4.517431271680085,-0.7875916500267102,0.69275,0.30725,3.888888888888889,Low,0.0,0.0,1,0,0.10232612310458815,0.05518763796909493,0.0094,0.0,0,0,0,0.999315537303217,0.0,0.0,5,0.047
POL-2020754,INS-10754,Asset Manager,FINRA,Southeast,2020,On-Prem,Unknown,842746,0.0,0,0.0,0.0,7.363025908625808,0.49801592034911035,0.7120000000000001,0.2879999999999999,2.8,Low,0.7797905781299385,0.0,2,0,-0.8820883917664751,0.0012693577050012694,0.048,0.6931471805599453,0,0,1,0.999315537303217,0.0,0.0,2,0.096
POL-2020755,INS-10755,National Bank,FDIC,Northeast,2020,On-Prem,Temenos,105728953,0.0,0,0.0,0.0,9.99811568161491,2.284460920084117,0.3845,0.6154999999999999,5.2,Low,1.7328679513998633,0.5,1,0,-0.38160758159125663,0.002274381368267831,0.04856,0.0,0,0,0,0.999315537303217,0.0,0.0,50,2.428
POL-2020756,INS-10756,Custodian Bank,OCC,West,2024,Hybrid,FIS,19406479,0.0,0,0.0,0.0,8.392060714658685,1.4186753004325698,0.716,0.28400000000000003,8.055555555555555,Moderate,1.1961141292874042,0.0,1,0,0.03183256082084829,0.011335555102133353,0.029980000000000003,0.0,0,1,0,0.999315537303217,0.0,0.0,50,1.499
POL-2020757,INS-10757,Fintech-Lending,CFPB,West,2022,On-Prem,Unknown,472559,0.0,0,0.0,0.0,5.765817865575654,-0.4966413719083042,0.8482500000000001,0.15174999999999994,1.2820512820512822,Low,1.2881229084633585,0.0,0,0,0.022219314025816422,0.01571338780641106,0.013000000000000001,0.0,0,0,1,0.999315537303217,0.0,0.0,5,0.065
POL-2020758,INS-10758,Broker-Dealer,FINRA,Northeast,2022,Azure,Unknown,1643113,0.0,0,0.0,0.0,6.153795959025435,-0.301454607476144,0.68975,0.31025,6.25,Low,0.0,0.0,0,0,0.3001547960172169,0.05324813631522897,0.01244,0.0,0,0,1,0.999315537303217,0.0,0.0,25,0.311
POL-2020759,INS-10759,Community Bank,State,Midwest,2021,Azure,In-House,142480,0.0,0,0.0,0.0,5.006627272698717,-0.4373885058900678,0.6172500000000001,0.3827499999999999,3.4375,Low,0.0,0.0,1,0,-0.35606283995727206,0.03369272237196765,0.03,0.0,0,0,0,0.999315537303217,0.0,0.0,5,0.15
POL-2020760,INS-10760,Investment Bank,FRB,West,2021,GCP,Other,87367726,0.0,0,0.0,0.0,8.636415191266876,1.4205187892961526,0.6112500000000001,0.38874999999999993,21.07142857142857,High,0.0,0.0,0,0,0.07985392630148014,0.04438841639885655,0.040788,0.0,0,0,0,0.999315537303217,0.0,0.0,250,10.197
POL-2020761,INS-10761,Fintech-Payments,CFPB,Southeast,2024,On-Prem,Unknown,1532103,0.0,0,0.0,0.0,7.0226898170742365,0.43199021341430993,0.7510000000000001,0.2489999999999999,3.7209302325581395,Low,0.0,0.0,1,0,-0.596383267193587,0.004461099214846539,0.040799999999999996,0.0,0,0,1,0.999315537303217,0.0,0.0,5,0.204
POL-2020762,INS-10762,Broker-Dealer,FINRA,National,2021,Hybrid,Unknown,5854520,0.0,0,0.0,0.0,6.189085141191105,-0.21199655201977796,0.47175,0.52825,12.258064516129032,Moderate,1.8508535992992152,0.0,1,0,0.7026398631061084,0.5139802631578948,0.0128,0.0,0,1,1,0.999315537303217,0.0,0.0,250,3.2
POL-2020763,INS-10763,Community Bank,FRB,National,2022,On-Prem,Temenos,56812,0.0,0,0.0,0.0,4.063885354737392,-1.081049106359054,0.5725,0.4275,41.66666666666667,Extreme,0.0,0.0,1,0,-0.4450704056003518,0.08741258741258741,0.034,0.0,0,0,0,0.999315537303217,0.0,0.0,5,0.17
POL-2020764,INS-10764,Broker-Dealer,FINRA,Midwest,2024,AWS,Unknown,2134231,1.0,1,1867204.0,423690.0,6.946687488983924,0.22404470107086108,0.6925,0.3075,16.842105263157894,High,0.7953863896925372,0.0,1,0,-0.5775382385050417,0.014441128333493789,0.047933333333333335,0.0,0,0,1,0.999315537303217,0.8748837403261409,0.22691146762753292,15,0.719
POL-2020765,INS-10765,Insurance Carrier,FDIC,West,2021,Hybrid,Unknown,4042115,0.0,0,0.0,0.0,8.142761525888247,0.8248684442906661,0.8725000000000002,0.12749999999999984,4.186046511627907,Low,0.6931471805599453,0.0,0,0,-0.3071086788535784,0.0014545877698260313,0.027800000000000002,0.0,0,1,1,0.999315537303217,0.0,0.0,5,0.139
POL-2020766,INS-10766,Broker-Dealer,FINRA,Midwest,2020,On-Prem,Unknown,1050708,0.0,0,0.0,0.0,6.511596730194272,0.07314880726200494,0.776,0.22399999999999998,7.959183673469389,Low,0.0,0.0,1,0,-0.6290569253015204,0.01488316713796696,0.0472,0.0,0,0,1,0.999315537303217,0.0,0.0,10,0.472
POL-2020767,INS-10767,Regional Bank,FDIC,Northeast,2022,AWS,Other,1226400,0.0,0,0.0,0.0,6.739218277158799,0.4117387346622976,0.8055,0.1945,25.58823529411765,Extreme,0.0,0.0,1,0,-0.6401828710069054,0.011849745230477545,0.0477,0.0,0,0,0,0.999315537303217,0.0,0.0,10,0.477
POL-2020768,INS-10768,Regional Bank,FDIC,West,2022,Hybrid,In-House,3059180,0.0,0,0.0,0.0,7.4308256291645645,0.8644628502020925,0.8310000000000001,0.16899999999999993,6.451612903225806,Low,0.0,0.0,1,0,-0.20815684108626098,0.008895741904874866,0.03133333333333333,0.0,0,1,0,0.999315537303217,0.0,0.0,15,0.47
POL-2020769,INS-10769,Community Bank,FINRA,Northeast,2024,Hybrid,Jack Henry,211925,0.0,0,0.0,0.0,4.732683506287051,-0.6394805524111059,0.77125,0.22875,1.8181818181818183,Low,0.0,0.0,1,0,-0.13695078857179743,0.13321492007104796,0.028133333333333333,0.0,0,1,0,0.999315537303217,0.0,0.0,15,0.422
POL-2020770,INS-10770,National Bank,OCC,Northeast,2020,On-Prem,FIS,101694648,0.0,0,0.0,0.0,8.956196229542185,1.6639071727914772,0.6617500000000001,0.33824999999999994,3.9534883720930236,Low,0.0,0.0,1,0,0.36111783373361184,0.03223809769433125,0.028148,0.0,0,0,0,0.999315537303217,0.0,0.0,250,7.037
POL-2020771,INS-10771,Asset Manager,State,West,2022,On-Prem,Unknown,653599,0.0,0,0.0,0.0,6.625657584824257,-0.002207010470618683,0.7505,0.24950000000000006,50.425531914893625,Extreme,0.0,0.0,1,0,-0.6586885631437429,0.006638343069569835,0.0436,0.0,0,0,1,0.999315537303217,0.0,0.0,5,0.218
POL-2020772,INS-10772,Insurance Carrier,FRB,West,2023,Azure,Unknown,5101878,0.0,0,0.0,0.0,7.585534982410961,0.6678481883068074,0.8145000000000001,0.1854999999999999,4.0,Low,0.7797905781299385,0.0,0,0,-0.3700721732751729,0.0127000254000508,0.04256,0.0,0,0,1,0.999315537303217,0.0,0.0,25,1.064
POL-2020773,INS-10773,Credit Union,NCUA,Southwest,2024,AWS,Temenos,274548,0.0,0,0.0,0.0,5.173320876373351,-0.6886340864768138,0.60075,0.39925,8.888888888888888,Moderate,0.0,0.0,1,0,0.06628315297990123,0.08547008547008547,0.019,0.0,0,0,0,0.999315537303217,0.0,0.0,15,0.285
POL-2020774,INS-10774,National Bank,FRB,West,2020,AWS,Jack Henry,189049316,0.0,0,0.0,0.0,10.873734131057583,2.657723879158617,0.7520000000000001,0.2479999999999999,3.043478260869565,Low,0.0,0.0,1,0,-0.09236856846876446,0.0004737459471034225,0.03008,0.0,0,0,0,0.999315537303217,0.0,0.0,25,0.752
POL-2020775,INS-10775,Community Bank,FRB,Southeast,2022,Hybrid,Other,158914,0.0,0,0.0,0.0,4.696837374513915,-0.7037248749459405,0.48300000000000004,0.5169999999999999,29.0,Extreme,0.0,0.0,1,0,0.06297689757342392,0.09208103130755065,0.0161,0.0,0,1,0,0.999315537303217,0.0,0.0,10,0.161
POL-2020776,INS-10776,Community Bank,NCUA,Northeast,2022,Hybrid,FIS,137818,0.0,0,0.0,0.0,4.169761201506855,-1.0037418645539848,0.7645,0.23550000000000004,18.63636363636364,High,0.0,0.0,1,0,0.16575337189616657,0.39246467817896385,0.01848,0.0,0,1,0,0.999315537303217,0.0,0.0,25,0.462
POL-2020777,INS-10777,Investment Bank,FRB,National,2024,Hybrid,Other,54321778,0.0,0,0.0,0.0,8.733013996750596,1.5781866155232158,0.78625,0.21375,11.11111111111111,Moderate,0.6931471805599453,0.0,1,0,0.45393821244916166,0.01612019215269046,0.01657,0.0,0,1,0,0.999315537303217,0.0,0.0,100,1.657
POL-2020778,INS-10778,Broker-Dealer,FINRA,West,2023,Hybrid,Unknown,1544522,0.0,0,0.0,0.0,7.783932098919717,0.7786307572853081,0.796,0.20399999999999996,12.1875,Moderate,0.0,0.0,1,0,-0.8820883917664751,0.0008330903486483109,0.048,0.0,0,1,1,0.999315537303217,0.0,0.0,2,0.096
POL-2020779,INS-10779,National Bank,FDIC,Northeast,2024,Azure,Other,147152025,0.0,0,0.0,0.0,9.88280003383901,2.211328791640364,0.7187500000000001,0.2812499999999999,32.5,Extreme,0.0,0.0,1,0,0.2505559249547246,0.005104775517496618,0.02571,0.6931471805599453,0,0,0,0.999315537303217,0.0,0.0,100,2.571
POL-2020780,INS-10780,Fintech-Payments,SEC,Northeast,2022,Azure,Unknown,404179,0.0,0,0.0,0.0,6.109025335847127,-0.20320117748234715,0.5245,0.47550000000000003,21.666666666666668,High,1.2881229084633585,0.0,1,0,-0.7040732604803158,0.0044553352639786145,0.04,0.0,0,0,1,0.999315537303217,0.0,0.0,2,0.08
POL-2020781,INS-10781,Insurance Carrier,OCC,Northeast,2024,Hybrid,Unknown,12283854,0.0,0,0.0,0.0,8.28217946753154,0.8962439040137339,0.8405000000000001,0.15949999999999986,13.75,Moderate,0.0,0.0,0,0,-0.3380294496436644,0.0063262310845690565,0.041120000000000004,1.0986122886681098,1,1,1,0.999315537303217,0.0,0.0,25,1.028
POL-2020782,INS-10782,Fintech-Payments,CFPB,Northeast,2021,Hybrid,Unknown,2318306,0.0,0,0.0,0.0,6.032366538428407,-0.36700371492467637,0.9090000000000001,0.09099999999999986,5.75,Low,1.2881229084633585,0.0,1,0,0.05452949005983376,0.12027904738994467,0.02896,0.0,0,1,1,0.999315537303217,0.0,0.0,50,1.448
POL-2020783,INS-10783,Regional Bank,OCC,West,2020,On-Prem,Jack Henry,209406,0.0,0,0.0,0.0,5.810841546949609,-0.2210455397706943,0.8190000000000001,0.18099999999999994,10.588235294117647,Moderate,0.0,0.0,1,0,-0.5483100206049264,0.00600781015319916,0.033,0.0,0,0,0,0.999315537303217,0.0,0.0,2,0.066
POL-2020784,INS-10784,Regional Bank,FDIC,Southeast,2021,On-Prem,Jack Henry,318885,0.0,0,0.0,0.0,6.2361738763367525,0.020764143873021057,0.70525,0.29474999999999996,20.76923076923077,High,0.0,0.0,1,0,-0.23678354085414757,0.003922337713277113,0.019,0.6931471805599453,0,0,0,0.999315537303217,0.0,0.0,2,0.038
POL-2020785,INS-10785,Credit Union,NCUA,Southwest,2021,GCP,FIS,37466,0.0,0,0.0,0.0,4.8496837630384935,-1.1335674048115003,0.6825000000000001,0.3174999999999999,36.5,Extreme,0.0,0.0,1,0,-0.6439697374276814,0.007892659826361484,0.034,0.0,0,0,0,0.999315537303217,0.0,0.0,1,0.034
POL-2020786,INS-10786,Community Bank,FINRA,Southwest,2020,Hybrid,Finastra,26612,0.0,0,0.0,0.0,3.8979240810486444,-1.175317106440261,0.7687499999999999,0.23125000000000007,19.677419354838708,High,0.0,0.0,1,0,-0.29241326938107226,0.041407867494824016,0.0215,0.0,0,1,0,0.999315537303217,0.0,0.0,2,0.043
POL-2020787,INS-10787,Regional Bank,OCC,Southwest,2023,Azure,In-House,439579,0.0,0,0.0,0.0,7.160535299424653,0.5526876430325175,0.5527500000000001,0.4472499999999999,15.555555555555555,High,2.211720156145035,0.3333333333333333,1,0,-0.5549621717846016,0.00077724234416291,0.03,0.6931471805599453,0,0,0,0.999315537303217,0.0,0.0,1,0.03
POL-2020788,INS-10788,Hedge Fund,FRB,Southwest,2024,On-Prem,Unknown,345940,1.0,1,151330.0,30595.0,6.299316826349146,-0.1277107610765922,0.6052500000000001,0.39474999999999993,4.0625,Low,0.7797905781299385,0.0,1,0,-0.7819548804180104,0.0036818851251840938,0.0435,0.0,0,0,1,0.999315537303217,0.4374457998496849,0.20217405669728408,2,0.087
POL-2020789,INS-10789,Community Bank,FINRA,West,2021,Hybrid,Temenos,408473,0.0,0,0.0,0.0,3.673765816303888,-1.2066776683495386,0.6717500000000001,0.32824999999999993,22.5,Extreme,0.0,0.0,1,0,0.5510599788159438,6.510416666666667,0.019611999999999997,0.6931471805599453,0,1,0,0.999315537303217,0.0,0.0,250,4.903
POL-2020790,INS-10790,Asset Manager,OCC,Southwest,2024,GCP,Unknown,12029507,0.0,0,0.0,0.0,6.883769916231626,0.2581194512891625,0.7657499999999999,0.23425000000000007,19.761904761904766,High,0.0,0.0,2,0,-0.06549542839366895,0.2563313852148057,0.04732,0.0,0,0,1,0.999315537303217,0.0,0.0,250,11.83
POL-2020791,INS-10791,National Bank,OCC,Southeast,2022,Hybrid,In-House,100797240,0.0,0,0.0,0.0,9.66265725886158,1.9978347593914467,0.66975,0.33025000000000004,11.578947368421051,Moderate,0.0,0.0,1,0,0.08900719331253515,0.006361930209625601,0.03297,1.0986122886681098,1,1,0,0.999315537303217,0.0,0.0,100,3.297
POL-2020792,INS-10792,National Bank,FRB,Southeast,2020,Hybrid,Finastra,84457810,0.0,0,0.0,0.0,9.296508893863225,1.775395260697535,0.77175,0.22824999999999995,4.4,Low,1.3009400518311534,0.0,1,0,-3.7233054461793813e-07,0.00917523786804173,0.03697,0.0,0,1,0,0.999315537303217,0.0,0.0,100,3.697
POL-2020793,INS-10793,Insurance Carrier,SEC,Southeast,2022,GCP,Unknown,76122608,0.0,0,0.0,0.0,8.908735154150579,1.2880474178813304,0.7465,0.25349999999999995,13.666666666666666,Moderate,0.7875884839112379,0.0,0,0,-0.040217279751034285,0.033805254688788824,0.046183999999999996,0.0,0,0,1,0.999315537303217,0.0,0.0,250,11.546
POL-2020794,INS-10794,Hedge Fund,OCC,Northeast,2020,AWS,Unknown,406528,0.0,0,0.0,0.0,5.0682750735426705,-0.7151448320469947,0.8175,0.1825,2.3529411764705883,Low,0.0,0.0,1,0,-0.13250041028964332,0.09499683343888536,0.02793333333333333,0.0,0,0,1,0.999315537303217,0.0,0.0,15,0.419
POL-2020795,INS-10795,Credit Union,NCUA,National,2023,AWS,In-House,20263,0.0,0,0.0,0.0,4.186619838331271,-1.131601053139873,0.7217500000000001,0.2782499999999999,34.1025641025641,Extreme,0.0,0.0,1,0,-0.44370271473075207,0.0154320987654321,0.025,0.0,0,0,0,0.999315537303217,0.0,0.0,1,0.025
POL-2020796,INS-10796,Fintech-Payments,CFPB,West,2023,GCP,Unknown,892869,1.0,1,25590.0,14667.0,6.456926629122442,-0.08517107518567953,0.7230000000000001,0.2769999999999999,3.3333333333333335,Low,1.0986122886681098,0.0,1,0,-0.07568900818157112,0.00786039930828486,0.0174,0.6931471805599453,0,0,1,0.999315537303217,0.028660419389630504,0.5731535756154748,5,0.087
POL-2020797,INS-10797,Fintech-Payments,State,Southwest,2020,AWS,Unknown,305648,0.0,0,0.0,0.0,5.37805233456689,-0.6612429298284542,0.7800000000000001,0.21999999999999986,33.46153846153846,Extreme,0.0,0.0,1,0,0.062272718565202306,0.02319109461966605,0.0112,0.0,0,0,1,0.999315537303217,0.0,0.0,5,0.056
POL-2020798,INS-10798,Community Bank,SEC,National,2022,Azure,Fiserv,153820,0.0,0,0.0,0.0,4.231203744939298,-0.963354598749925,0.47,0.53,15.405405405405405,High,1.7328679513998633,0.5,1,0,-0.4831117816418841,0.36873156342182895,0.04764,0.0,0,0,0,0.999315537303217,0.0,0.0,25,1.191
POL-2020799,INS-10799,Regional Bank,OCC,Southeast,2023,On-Prem,Other,456863,0.0,0,0.0,0.0,5.800001332396744,-0.11493947619489982,0.8175,0.1825,11.142857142857142,Moderate,1.0986122886681098,0.0,1,0,-0.35535866094905044,0.030367446097783177,0.0349,0.0,0,0,0,0.999315537303217,0.0,0.0,10,0.349
POL-2020800,INS-10800,Asset Manager,FRB,Southeast,2021,AWS,Unknown,2515648,0.0,0,0.0,0.0,7.173115052429426,0.3419100551404634,0.60625,0.39375000000000004,34.64285714285714,Extreme,0.0,0.0,2,0,-0.5686374819407336,0.011512779184895234,0.04753333333333333,0.0,0,0,1,0.999315537303217,0.0,0.0,15,0.713
POL-2020801,INS-10801,Fintech-Lending,SEC,Northeast,2024,Hybrid,Unknown,106748,1.0,1,70279.0,28776.0,4.258445572902527,-1.343315557139982,0.4815,0.5185,21.11111111111111,High,0.0,0.0,0,0,-0.6853908328366668,0.07173601147776183,0.0448,0.0,0,1,1,0.999315537303217,0.6583636227376626,0.4094537486304586,5,0.224
POL-2020802,INS-10802,Fintech-Lending,SEC,Northeast,2020,GCP,Unknown,264270,0.0,0,0.0,0.0,4.4355674016019115,-1.0250353320518142,0.7622500000000001,0.2377499999999999,5.777777777777778,Low,0.0,0.0,0,0,0.014362073021438049,0.17985611510791366,0.021333333333333333,0.0,0,0,1,0.999315537303217,0.0,0.0,15,0.32
POL-2020803,INS-10803,Community Bank,OCC,National,2024,AWS,Fiserv,88897,0.0,0,0.0,0.0,4.613138355637268,-0.6980811089733588,0.8690000000000001,0.1309999999999999,27.25,Extreme,0.0,0.0,1,0,-0.5696809975006634,0.050100200400801605,0.0396,0.0,0,0,0,0.999315537303217,0.0,0.0,5,0.198
POL-2020804,INS-10804,Asset Manager,OCC,Southeast,2020,On-Prem,Unknown,611988,0.0,0,0.0,0.0,6.415424237852311,-0.11289296811235923,0.44250000000000006,0.5574999999999999,6.097560975609756,Low,0.0,0.0,1,0,-0.5429787278077395,0.008194034742707308,0.038400000000000004,0.0,0,0,1,0.999315537303217,0.0,0.0,5,0.192
POL-2020805,INS-10805,Community Bank,FDIC,Northeast,2022,On-Prem,Temenos,94044,0.0,0,0.0,0.0,4.351567427189173,-0.8876566993308538,0.8765000000000002,0.12349999999999983,21.627906976744185,High,0.0,0.0,1,0,0.29884694652758503,0.13054830287206268,0.0055,0.0,0,0,0,0.999315537303217,0.0,0.0,10,0.055
POL-2020806,INS-10806,Broker-Dealer,SEC,Northeast,2022,GCP,Unknown,440271,0.0,0,0.0,0.0,6.469405343538196,-0.059617232141711135,0.862,0.138,3.235294117647059,Low,0.6931471805599453,0.0,0,0,-0.8042067718287804,0.0031051079024996117,0.0445,0.0,0,0,1,0.999315537303217,0.0,0.0,2,0.089
POL-2020807,INS-10807,Regional Bank,NCUA,West,2024,AWS,FIS,581673,0.0,0,0.0,0.0,5.43372200355424,-0.3346689172117682,0.5115000000000001,0.48849999999999993,37.43589743589744,Extreme,2.18196607332694,0.3333333333333333,1,0,-0.460859890231114,0.10964912280701754,0.046639999999999994,0.0,0,0,0,0.999315537303217,0.0,0.0,25,1.166
POL-2020808,INS-10808,National Bank,OCC,Midwest,2020,On-Prem,Finastra,301327536,0.0,0,0.0,0.0,10.080662555177204,2.206753444618927,0.7570000000000001,0.24299999999999988,8.444444444444445,Moderate,0.0,0.0,1,0,0.8684609578991659,0.0104708533326632,0.0053479999999999995,1.0986122886681098,1,0,0,0.999315537303217,0.0,0.0,250,1.337
POL-2020809,INS-10809,Hedge Fund,State,West,2022,Hybrid,Unknown,198358,1.0,1,148872.0,75587.0,6.000919705878737,-0.42479160174010766,0.7180000000000001,0.2819999999999999,11.304347826086955,Moderate,1.2817143367794614,0.0,1,0,-0.44370271473075207,0.0024826216484607746,0.025,0.0,0,1,1,0.999315537303217,0.7505217838453705,0.5077314740179483,1,0.025
POL-2020810,INS-10810,Fintech-Payments,SEC,Northeast,2024,On-Prem,Unknown,233029,1.0,1,127648.0,46086.0,4.919980925828125,-0.9922871063032078,0.80425,0.19574999999999998,11.818181818181817,Moderate,1.9866572220081649,0.3333333333333333,1,0,-0.7076427242474368,0.03676470588235294,0.0458,0.6931471805599453,0,0,1,0.999315537303217,0.5477773152697732,0.3610397342692404,5,0.229
POL-2020811,INS-10811,Regional Bank,OCC,West,2020,Hybrid,Fiserv,724690,0.0,0,0.0,0.0,7.500861105361856,0.8304190390635643,0.61475,0.38525,49.28571428571428,Extreme,1.7328679513998633,0.5,1,0,-0.44370271473075207,0.0005529138560212319,0.025,0.0,0,1,0,0.999315537303217,0.0,0.0,1,0.025
POL-2020812,INS-10812,Insurance Carrier,OCC,Northeast,2023,Azure,Unknown,728291,0.0,0,0.0,0.0,7.041674096547924,0.2153329828415943,0.9127500000000001,0.08724999999999994,6.304347826086957,Low,0.0,0.0,0,0,-0.3257911064972272,0.001750853541101287,0.023,0.0,0,0,1,0.999315537303217,0.0,0.0,2,0.046
POL-2020813,INS-10813,Credit Union,NCUA,Southeast,2022,On-Prem,Fiserv,91105,0.0,0,0.0,0.0,3.380994674344636,-1.7519216774976698,0.7620000000000001,0.23799999999999988,5.416666666666667,Low,0.7797905781299385,0.0,1,0,-0.41320526739455,1.7605633802816902,0.049980000000000004,0.0,0,0,0,0.999315537303217,0.0,0.0,50,2.499
POL-2020814,INS-10814,National Bank,OCC,Southeast,2020,Hybrid,Finastra,198832760,0.0,0,0.0,0.0,10.543326251687674,2.5873430128017767,0.6565000000000001,0.3434999999999999,3.414634146341464,Low,0.0,0.0,1,0,0.20539731382485377,0.0013184784758388818,0.02218,0.0,0,1,0,0.999315537303217,0.0,0.0,50,1.109
POL-2020815,INS-10815,Community Bank,CFPB,Southeast,2021,On-Prem,In-House,172973,0.0,0,0.0,0.0,4.4331949212482815,-0.8884889547099837,0.6025,0.39749999999999996,60.41666666666667,Extreme,0.0,0.0,1,0,-0.2917455155092628,0.3004807692307692,0.03904,0.6931471805599453,0,0,0,0.999315537303217,0.0,0.0,25,0.976
POL-2020816,INS-10816,Hedge Fund,SEC,Southeast,2022,AWS,Unknown,5766825,0.0,0,0.0,0.0,6.725393721388161,0.2232255759394943,0.619,0.381,0.9090909090909091,Low,2.450369221680918,0.2,1,0,-0.1223857750897791,0.12014898474107895,0.04247,0.6931471805599453,0,0,1,0.999315537303217,0.0,0.0,100,4.247
POL-2020817,INS-10817,Regional Bank,OCC,Southwest,2021,Azure,Finastra,632654,0.0,0,0.0,0.0,6.9505273708260065,0.5970621438649327,0.752,0.248,9.30232558139535,Moderate,1.47784755121885,0.0,1,0,-0.6039397491318511,0.0019180972475304498,0.0355,0.6931471805599453,0,0,0,0.999315537303217,0.0,0.0,2,0.071
POL-2020818,INS-10818,Credit Union,NCUA,Southeast,2022,AWS,Other,24343,0.0,0,0.0,0.0,3.912023005428146,-1.4796654492357584,0.79525,0.20475,5.862068965517242,Low,2.0196155906682085,0.3333333333333333,1,0,-0.09214624668414317,0.04081632653061224,0.0125,0.0,0,0,0,0.999315537303217,0.0,0.0,2,0.025
POL-2020819,INS-10819,Regional Bank,CFPB,Northeast,2020,Azure,FIS,1053652,0.0,0,0.0,0.0,6.84587987526405,0.45791132949465724,0.8495,0.15049999999999997,10.681818181818183,Moderate,0.6931471805599453,0.0,1,0,-0.4806734318575836,0.005324813631522897,0.0356,0.0,0,0,0,0.999315537303217,0.0,0.0,5,0.178
POL-2020820,INS-10820,Fintech-Lending,State,Southeast,2021,AWS,Unknown,776218,1.0,1,580339.0,0.0,5.762994334288047,-0.36533057348924874,0.8350000000000001,0.16499999999999992,17.575757575757574,High,0.0,0.0,0,0,-0.1639923948164293,0.03151591553734636,0.0263,0.0,0,0,1,0.999315537303217,0.7476495005269138,0.0,10,0.263
POL-2020821,INS-10821,Regional Bank,OCC,Midwest,2021,GCP,Fiserv,3611121,0.0,0,0.0,0.0,7.113386378545049,0.5940459815101198,0.8019999999999999,0.19800000000000006,6.666666666666667,Low,0.0,0.0,1,0,-0.48578200861117643,0.02036991770553247,0.04776,0.0,0,0,0,0.999315537303217,0.0,0.0,25,1.194
POL-2020822,INS-10822,National Bank,FDIC,Northeast,2021,Azure,FIS,305335985,0.0,0,0.0,0.0,9.800834479556542,2.137615635314806,0.72425,0.27575000000000005,5.744680851063831,Low,0.0,0.0,1,0,0.0822874944370271,0.027704207715067767,0.046302,0.0,0,0,0,0.999315537303217,0.0,0.0,500,23.151
POL-2020823,INS-10823,Community Bank,State,National,2024,AWS,Fiserv,98273,1.0,1,27489.0,18362.0,4.729156165769083,-0.660738106630612,0.766,0.23399999999999999,8.620689655172415,Moderate,0.0,0.0,1,0,-0.120192791003111,0.044563279857397504,0.0194,0.0,0,0,0,0.999315537303217,0.279720777833179,0.6679762814216595,5,0.097
POL-2020824,INS-10824,Fintech-Lending,SEC,Midwest,2022,Azure,Unknown,98295,0.0,0,0.0,0.0,4.694096395182493,-1.1697448696504713,0.5202500000000001,0.4797499999999999,4.390243902439025,Low,0.6931471805599453,0.0,0,0,-0.09214624668414317,0.018467220683287166,0.0125,0.6931471805599453,0,0,1,0.999315537303217,0.0,0.0,2,0.025
POL-2020825,INS-10825,Fintech-Lending,SEC,West,2021,AWS,Unknown,1313429,0.0,0,0.0,0.0,5.82363743646448,-0.3713634014239864,0.87675,0.12324999999999997,4.878048780487806,Low,0.0,0.0,0,0,-0.5338460940584395,0.07413997627520759,0.04992,0.0,0,0,1,0.999315537303217,0.0,0.0,25,1.248
POL-2020826,INS-10826,Fintech-Lending,State,Midwest,2024,GCP,Unknown,300268,0.0,0,0.0,0.0,5.116195789756748,-0.8756319330401791,0.77375,0.22624999999999995,24.137931034482758,Extreme,0.0,0.0,0,0,-0.5956790881853656,0.06035003017501509,0.045700000000000005,0.0,0,0,1,0.999315537303217,0.0,0.0,10,0.457
POL-2020827,INS-10827,Credit Union,NCUA,West,2023,AWS,In-House,37831,0.0,0,0.0,0.0,3.8628327612373745,-1.462193686400422,0.6527499999999999,0.34725000000000006,14.285714285714286,High,0.0,0.0,1,0,-0.5296275929612775,0.1072961373390558,0.0378,0.0,0,0,0,0.999315537303217,0.0,0.0,5,0.189
POL-2020828,INS-10828,Asset Manager,State,Midwest,2021,GCP,Unknown,581522,1.0,1,137339.0,15053.0,6.210600077024653,-0.0982503237287647,0.7937500000000001,0.20624999999999993,5.384615384615384,Low,0.0,0.0,2,0,-0.1468950606960349,0.01006036217303823,0.0206,0.0,0,0,1,0.999315537303217,0.23617163237160416,0.10960470077690969,5,0.103
POL-2020829,INS-10829,Regional Bank,OCC,Southwest,2023,Hybrid,Finastra,927249,0.0,0,0.0,0.0,7.456512323582683,0.7515747856192082,0.8785,0.12150000000000005,7.368421052631579,Low,0.0,0.0,1,0,-0.626191640542621,0.001156002543205595,0.0365,0.0,0,1,0,0.999315537303217,0.0,0.0,2,0.073
POL-2020830,INS-10830,Investment Bank,OCC,Southeast,2022,AWS,Jack Henry,4586896,0.0,0,0.0,0.0,8.148763718608901,1.235442970255627,0.7645000000000001,0.23549999999999993,8.333333333333334,Moderate,0.0,0.0,1,0,-0.008933333949261407,0.0014458806859257974,0.0144,0.0,0,0,0,0.999315537303217,0.0,0.0,5,0.072
POL-2020831,INS-10831,Fintech-Lending,CFPB,Southeast,2024,AWS,Unknown,236054,0.0,0,0.0,0.0,5.9796449703026395,-0.5022413306418984,0.7500000000000001,0.2499999999999999,8.0,Low,0.0,0.0,0,0,-0.9777481085892301,0.00253613999492772,0.049,0.0,0,0,1,0.999315537303217,0.0,0.0,1,0.049
POL-2020832,INS-10832,Hedge Fund,SEC,National,2022,GCP,Unknown,724379,0.0,0,0.0,0.0,6.179809592879496,-0.0764721774939607,0.784,0.21599999999999997,6.666666666666667,Low,0.0,0.0,1,0,-0.6408870500151269,0.010375596596804317,0.0428,0.0,0,0,1,0.999315537303217,0.0,0.0,5,0.214
POL-2020833,INS-10833,Regional Bank,SEC,Midwest,2024,On-Prem,Other,1081906,0.0,0,0.0,0.0,5.855644823965447,-0.11021307601262158,0.5277499999999999,0.47225000000000006,6.052631578947368,Low,0.0,0.0,1,0,0.2440800296620767,0.07179781734635267,0.01496,0.6931471805599453,0,0,0,0.999315537303217,0.0,0.0,25,0.374
POL-2020834,INS-10834,Insurance Carrier,FRB,Southwest,2020,Azure,Unknown,1727994,0.0,0,0.0,0.0,6.998874872349621,0.32551702214751693,0.654,0.346,13.75,Moderate,0.0,0.0,0,0,-0.5623012510692107,0.009137426900584795,0.0442,0.6931471805599453,0,0,1,0.999315537303217,0.0,0.0,10,0.442
POL-2020835,INS-10835,Asset Manager,NCUA,Southwest,2024,GCP,Unknown,548566,1.0,1,1309003.0,834195.0,5.996452088619021,-0.3946006623340519,0.7572500000000001,0.2427499999999999,6.052631578947368,Low,0.0,0.0,2,0,-0.08611077487873448,0.02493765586034913,0.0228,0.6931471805599453,0,0,1,0.999315537303217,2.3862269991213454,0.6372750864589309,10,0.228
POL-2020836,INS-10836,Community Bank,OCC,Midwest,2023,Hybrid,Fiserv,88994,1.0,1,2707498.0,1303640.0,4.49647076906475,-0.7528953883945005,0.52175,0.47824999999999995,4.838709677419355,Low,0.0,0.0,1,0,-0.2359026263391146,0.05636978579481398,0.0246,0.6931471805599453,0,1,0,0.999315537303217,30.423376856866756,0.48149250710434505,5,0.123
POL-2020837,INS-10837,Insurance Carrier,FINRA,Southwest,2023,On-Prem,Unknown,3102017,0.0,0,0.0,0.0,8.175322408833226,0.798203271499016,0.89675,0.10324999999999995,7.8571428571428585,Low,0.0,0.0,0,0,-0.5785817540649713,0.0014079747690921378,0.04,0.0,0,0,1,0.999315537303217,0.0,0.0,5,0.2
POL-2020838,INS-10838,Fintech-Payments,SEC,Northeast,2024,Azure,Unknown,1134706,0.0,0,0.0,0.0,6.189700462716007,-0.08618839045080923,0.653,0.347,18.064516129032256,High,1.47784755121885,0.0,1,0,0.18981267861481244,0.02054653790836244,0.0104,0.6931471805599453,0,0,1,0.999315537303217,0.0,0.0,10,0.104
POL-2020839,INS-10839,Community Bank,State,Southeast,2024,AWS,Temenos,630235,0.0,0,0.0,0.0,5.023222409601727,-0.6186701207084245,0.83875,0.16125,46.060606060606055,Extreme,0.0,0.0,1,0,-0.2391954765623292,0.3313452617627568,0.04216,0.0,0,0,0,0.999315537303217,0.0,0.0,50,2.108
POL-2020840,INS-10840,Regional Bank,FDIC,Southeast,2024,Hybrid,FIS,1668874,0.0,0,0.0,0.0,6.097849537811996,0.0995053573773027,0.56625,0.43374999999999997,53.47826086956521,Extreme,0.0,0.0,1,0,0.34335904057162714,0.11263798152737103,0.01598,0.0,0,1,0,0.999315537303217,0.0,0.0,50,0.799
POL-2020841,INS-10841,Broker-Dealer,FINRA,Southeast,2020,GCP,Unknown,246782,0.0,0,0.0,0.0,6.129485845005356,-0.15508584488049001,0.9169999999999999,0.08300000000000007,27.021276595744684,Extreme,0.6931471805599453,0.0,1,0,-0.44370271473075207,0.002182453077258839,0.025,0.0,0,0,1,0.999315537303217,0.0,0.0,1,0.025
POL-2020842,INS-10842,Regional Bank,State,Southwest,2024,AWS,Fiserv,812261,0.0,0,0.0,0.0,6.5530783377060775,0.4144767628993742,0.7635,0.23650000000000004,14.827586206896552,High,0.0,0.0,1,0,-0.004482955667107408,0.007138777841233581,0.014199999999999999,0.0,0,0,0,0.999315537303217,0.0,0.0,5,0.071
POL-2020843,INS-10843,Insurance Carrier,SEC,Southwest,2023,On-Prem,Unknown,5037834,0.0,0,0.0,0.0,7.107589260860723,0.22634289846953523,0.9030000000000001,0.09699999999999986,5.333333333333333,Low,0.6931471805599453,0.0,0,0,-0.10301390112841735,0.04097688903458449,0.03604,0.0,0,0,1,0.999315537303217,0.0,0.0,50,1.802
POL-2020844,INS-10844,Community Bank,SEC,Southeast,2021,Azure,FIS,212429,0.0,0,0.0,0.0,4.694096395182493,-0.766982143577189,0.6100000000000001,0.3899999999999999,14.193548387096774,High,0.6931471805599453,0.0,1,0,-0.5478690499573483,0.13850415512465375,0.046599999999999996,0.6931471805599453,0,0,0,0.999315537303217,0.0,0.0,15,0.699
POL-2020845,INS-10845,Broker-Dealer,FINRA,West,2021,AWS,Unknown,4009897,0.0,0,0.0,0.0,6.571582997369922,0.1337047126173932,0.7585000000000001,0.24149999999999994,4.6875,Low,1.5803755716766754,0.0,1,0,-0.327312966548978,0.0700770847932726,0.04612,0.0,0,0,1,0.999315537303217,0.0,0.0,50,2.306
POL-2020846,INS-10846,Fintech-Lending,CFPB,Southwest,2023,Hybrid,Unknown,609664,0.0,0,0.0,0.0,5.14166355650266,-0.7268981838182075,0.7257500000000001,0.2742499999999999,8.78048780487805,Moderate,1.4729377586898837,0.0,0,0,0.14439155614182747,0.14705882352941177,0.01944,0.0,0,1,1,0.999315537303217,0.0,0.0,25,0.486
POL-2020847,INS-10847,Investment Bank,FDIC,West,2021,On-Prem,FIS,78774883,0.0,0,0.0,0.0,8.614247304230489,1.472319611041013,0.7827500000000001,0.21724999999999994,5.3125,Low,0.0,0.0,1,0,0.7688614919445598,0.045383582035362885,0.009824,0.0,0,0,0,0.999315537303217,0.0,0.0,250,2.456
POL-2020848,INS-10848,Fintech-Lending,SEC,Northeast,2021,Azure,Unknown,427327,0.0,0,0.0,0.0,5.286244785313768,-0.6382068378933243,0.56075,0.43925000000000003,25.333333333333332,Extreme,0.0,0.0,0,0,-0.46439292886182304,0.0508646998982706,0.0398,0.0,0,0,1,0.999315537303217,0.0,0.0,10,0.398
POL-2020849,INS-10849,Fintech-Payments,SEC,Midwest,2020,On-Prem,Unknown,928568,0.0,0,0.0,0.0,5.5698700570699335,-0.6048615950441755,0.811,0.18899999999999995,28.108108108108105,Extreme,0.0,0.0,1,0,-0.3718523245880346,0.0956388676358072,0.042640000000000004,0.6931471805599453,0,0,1,0.999315537303217,0.0,0.0,25,1.066
POL-2020850,INS-10850,Asset Manager,NCUA,National,2023,On-Prem,Unknown,583772,0.0,0,0.0,0.0,5.684599655239428,-0.4444788839585516,0.61325,0.38675000000000004,4.7368421052631575,Low,0.0,0.0,2,0,-0.12508311315272003,0.05114217524718718,0.0276,0.0,0,0,1,0.999315537303217,0.0,0.0,15,0.414
POL-2020851,INS-10851,Regional Bank,NCUA,Southwest,2020,AWS,Temenos,262895,0.0,0,0.0,0.0,5.709433146165015,-0.17251231243727808,0.7322500000000001,0.26774999999999993,21.5,High,0.0,0.0,1,0,-0.5251772146791235,0.01662786830728301,0.0376,0.0,0,0,0,0.999315537303217,0.0,0.0,5,0.188
POL-2020852,INS-10852,Insurance Carrier,FRB,Northeast,2023,Hybrid,Unknown,21457450,0.0,0,0.0,0.0,8.55643313515384,1.1879205208164472,0.63975,0.36024999999999996,59.375,Extreme,1.2139665789782612,0.0,0,0,0.4635192541897847,0.009617049104652728,0.01058,1.0986122886681098,1,1,1,0.999315537303217,0.0,0.0,50,0.529
POL-2020853,INS-10853,Asset Manager,OCC,Southeast,2023,On-Prem,Unknown,1267090,0.0,0,0.0,0.0,6.327579577081353,-0.2997323944456322,0.8462500000000001,0.15374999999999994,6.363636363636364,Low,0.0,0.0,2,0,0.22798023056482924,0.02684323550465283,0.011733333333333333,0.0,0,0,1,0.999315537303217,0.0,0.0,15,0.176
POL-2020854,INS-10854,Regional Bank,FDIC,Southwest,2024,GCP,In-House,1124362,0.0,0,0.0,0.0,6.330967899538387,0.17898078291557862,0.8729999999999999,0.1270000000000001,2.162162162162162,Low,0.0,0.0,1,0,-0.25117716448041616,0.026752273943285176,0.03326666666666667,0.6931471805599453,0,0,0,0.999315537303217,0.0,0.0,15,0.499
POL-2020855,INS-10855,Regional Bank,FINRA,Southeast,2023,AWS,FIS,407960,0.0,0,0.0,0.0,5.848171377281505,0.08802738399447545,0.5449999999999999,0.45500000000000007,37.05882352941176,Extreme,0.0,0.0,1,0,-0.06233787333510929,0.014467592592592591,0.016800000000000002,0.0,0,0,0,0.999315537303217,0.0,0.0,5,0.084
POL-2020856,INS-10856,Community Bank,FDIC,National,2021,Azure,Fiserv,17719,0.0,0,0.0,0.0,3.7977338590260183,-1.2041793953186024,0.9165,0.08350000000000002,23.181818181818183,Extreme,0.0,0.0,1,0,-0.8219848687138407,0.02293577981651376,0.042,0.0,0,0,0,0.999315537303217,0.0,0.0,1,0.042
POL-2020857,INS-10857,Fintech-Payments,State,West,2022,On-Prem,Unknown,322308,0.0,0,0.0,0.0,5.8519150821578965,-0.34720577830368354,0.5387500000000001,0.46124999999999994,3.7037037037037033,Low,0.0,0.0,1,0,-0.9154662288826301,0.005765350245027386,0.0495,0.0,0,0,1,0.999315537303217,0.0,0.0,2,0.099
POL-2020858,INS-10858,Community Bank,CFPB,Northeast,2022,Azure,Temenos,34277,0.0,0,0.0,0.0,4.545420181582317,-0.7574932687366539,0.707,0.29300000000000004,97.36842105263158,Extreme,1.7328679513998633,0.5,1,0,-0.9554962171784601,0.01072961373390558,0.048,0.0,0,0,0,0.999315537303217,0.0,0.0,1,0.048
POL-2020859,INS-10859,Fintech-Payments,State,Southwest,2024,GCP,Unknown,327445,0.0,0,0.0,0.0,6.5203265333600715,0.0421068404444516,0.9249999999999999,0.07500000000000007,2.5490196078431375,Low,0.6931471805599453,0.0,1,0,-0.44370271473075207,0.0014753614635585719,0.025,0.0,0,0,1,0.999315537303217,0.0,0.0,1,0.025
POL-2020860,INS-10860,Custodian Bank,FDIC,Midwest,2024,On-Prem,In-House,32873103,0.0,0,0.0,0.0,9.467730748685575,2.0108430430858415,0.575,0.42500000000000004,25.833333333333336,Extreme,0.0,0.0,1,0,-0.28818521288353954,0.001932815338822529,0.03888,0.0,0,0,0,0.999315537303217,0.0,0.0,25,0.972
POL-2020861,INS-10861,Insurance Carrier,CFPB,National,2022,On-Prem,Unknown,7035459,0.0,0,0.0,0.0,8.036832108454066,0.8970434571580407,0.67575,0.32425000000000004,36.0,Extreme,2.3321514512589823,0.25,0,0,0.051823687873024604,0.008085904651012355,0.0236,0.6931471805599453,0,0,1,0.999315537303217,0.0,0.0,25,0.59
POL-2020862,INS-10862,Credit Union,NCUA,Southeast,2023,Hybrid,Finastra,140641,0.0,0,0.0,0.0,4.5685062016165,-1.1624928268245216,0.6214999999999999,0.37850000000000006,4.117647058823529,Low,0.0,0.0,1,0,-0.4291922957665756,0.15723270440251572,0.04126666666666667,0.0,0,1,0,0.999315537303217,0.0,0.0,15,0.619
POL-2020863,INS-10863,Regional Bank,OCC,West,2020,AWS,FIS,2636342,0.0,0,0.0,0.0,7.051855622955894,0.629068787128161,0.8150000000000001,0.18499999999999994,80.71428571428571,Extreme,0.0,0.0,1,0,-0.6146247241896581,0.012998266897746967,0.0496,0.0,0,0,0,0.999315537303217,0.0,0.0,15,0.744
POL-2020864,INS-10864,Community Bank,NCUA,National,2023,Azure,Jack Henry,23449,0.0,0,0.0,0.0,4.231203744939298,-1.0018560503447949,0.67475,0.32525000000000004,3.125,Low,1.47784755121885,0.0,1,0,-0.7774810858923008,0.014749262536873156,0.04,1.3862943611198906,1,0,0,0.999315537303217,0.0,0.0,1,0.04
POL-2020865,INS-10865,Fintech-Payments,State,Southeast,2024,GCP,Unknown,676077,0.0,0,0.0,0.0,5.081404364984463,-0.7685537572530942,0.8075,0.1925,7.105263157894736,Low,0.6931471805599453,0.0,1,0,-0.5053636730526538,0.15625,0.048639999999999996,0.0,0,0,1,0.999315537303217,0.0,0.0,25,1.216
POL-2020866,INS-10866,Regional Bank,State,West,2021,Azure,Jack Henry,449442,1.0,1,1862956.0,868976.0,5.349010480863555,-0.2541719692417425,0.8364999999999999,0.1635000000000001,6.285714285714286,Low,0.0,0.0,1,0,0.2784178510959077,0.07163323782234957,0.009466666666666667,0.0,0,0,0,0.999315537303217,4.145042074394471,0.46645009329259524,15,0.142
POL-2020867,INS-10867,Fintech-Lending,State,Southeast,2020,Azure,Unknown,778295,0.0,0,0.0,0.0,5.5939676086489944,-0.42004308737653845,0.8870000000000001,0.11299999999999988,4.523809523809525,Low,0.6931471805599453,0.0,0,0,-0.22447489478749227,0.05601194921583271,0.03206666666666667,0.6931471805599453,0,0,1,0.999315537303217,0.0,0.0,15,0.481
POL-2020868,INS-10868,Fintech-Lending,SEC,Southwest,2021,GCP,Unknown,71276,0.0,0,0.0,0.0,4.8993312245375815,-1.0905215623644817,0.82025,0.17974999999999997,2.3684210526315788,Low,0.0,0.0,0,0,-0.9777481085892301,0.007507507507507508,0.049,0.0,0,0,1,0.999315537303217,0.0,0.0,1,0.049
POL-2020869,INS-10869,Investment Bank,FDIC,Southwest,2024,GCP,FIS,68664788,0.0,0,0.0,0.0,8.519550410989917,1.5138002053235404,0.8595,0.14049999999999996,2.3255813953488373,Low,0.0,0.0,1,0,-0.03541087120630815,0.04989223277720124,0.045968,0.0,0,0,0,0.999315537303217,0.0,0.0,250,11.492
POL-2020870,INS-10870,Asset Manager,FRB,Southwest,2024,AWS,Unknown,530322,0.0,0,0.0,0.0,6.11257537285704,-0.33062565911647984,0.84025,0.15974999999999995,3.142857142857143,Low,0.0,0.0,1,0,0.19133368874766782,0.011098779134295227,0.0054,0.0,0,0,1,0.999315537303217,0.0,0.0,5,0.027
POL-2020871,INS-10871,Regional Bank,FRB,Midwest,2022,On-Prem,Temenos,455239,0.0,0,0.0,0.0,6.512933330972452,0.2850531293924972,0.9207500000000001,0.07924999999999993,24.651162790697676,Extreme,0.0,0.0,1,0,-0.8042067718287804,0.002972651605231867,0.0445,0.0,0,0,0,0.999315537303217,0.0,0.0,2,0.089
POL-2020872,INS-10872,Hedge Fund,NCUA,Southeast,2023,AWS,Unknown,597222,0.0,0,0.0,0.0,6.57242239305435,-0.07184107486282033,0.741,0.259,22.173913043478258,Extreme,0.0,0.0,1,0,-0.09214624668414317,0.0028007281893292256,0.0125,0.0,0,0,1,0.999315537303217,0.0,0.0,2,0.025
POL-2020873,INS-10873,Insurance Carrier,CFPB,Southwest,2023,On-Prem,Unknown,26951759,0.0,0,0.0,0.0,8.402747082023419,1.1498723697907816,0.69825,0.30174999999999996,23.61111111111111,Extreme,1.2080157624146421,0.0,0,0,0.5658652262453344,0.022430074243545744,0.01154,0.0,0,0,1,0.999315537303217,0.0,0.0,100,1.154
POL-2020874,INS-10874,Regional Bank,OCC,Southeast,2020,On-Prem,Other,5940232,0.0,0,0.0,0.0,6.914730892718563,0.4731768778393835,0.42925,0.57075,16.0,High,1.2817143367794614,0.0,1,0,0.6611033214834297,0.09940357852882704,0.00726,0.6931471805599453,0,0,0,0.999315537303217,0.0,0.0,100,0.726
POL-2020875,INS-10875,Insurance Carrier,CFPB,National,2022,AWS,Unknown,4870640,0.0,0,0.0,0.0,8.076235611617575,1.027749071785685,0.5782500000000002,0.42174999999999985,11.304347826086955,Moderate,0.0,0.0,0,0,-0.17956871880396819,0.003109356052361556,0.027000000000000003,0.0,0,0,1,0.999315537303217,0.0,0.0,10,0.27
POL-2020876,INS-10876,Insurance Carrier,CFPB,National,2021,AWS,Unknown,21664983,0.0,0,0.0,0.0,8.138418698561118,0.8511523695877848,0.7597500000000001,0.24024999999999985,2.25,Low,0.0,0.0,0,0,0.35068943630318933,0.029218407596785977,0.02121,0.6931471805599453,0,0,1,0.999315537303217,0.0,0.0,100,2.121
POL-2020877,INS-10877,Community Bank,FRB,Northeast,2023,AWS,FIS,134525,0.0,0,0.0,0.0,4.851248708584797,-0.6460547038968677,0.6912499999999999,0.3087500000000001,28.61111111111111,Extreme,0.0,0.0,1,0,-0.013383712231415379,0.039401103230890466,0.014599999999999998,0.0,0,0,0,0.999315537303217,0.0,0.0,5,0.073
POL-2020878,INS-10878,National Bank,OCC,Southwest,2024,GCP,Jack Henry,460027904,0.0,0,0.0,0.0,10.463803095585824,2.520077779946979,0.8352499999999999,0.16475000000000006,2.903225806451613,Low,0.0,0.0,1,0,0.41683656982617967,0.007138064442445786,0.025643999999999997,0.0,0,0,0,0.999315537303217,0.0,0.0,250,6.411
POL-2020879,INS-10879,Fintech-Lending,SEC,Northeast,2024,AWS,Unknown,344856,0.0,0,0.0,0.0,5.592105757431579,-0.5073300471078853,0.766,0.23399999999999999,7.674418604651163,Low,0.0,0.0,0,0,-0.7120931025295907,0.018705574261129815,0.046,0.6931471805599453,0,0,1,0.999315537303217,0.0,0.0,5,0.23
POL-2020880,INS-10880,Community Bank,State,National,2021,AWS,Jack Henry,26220,0.0,0,0.0,0.0,4.023564380161053,-1.0293571574760898,0.546,0.45399999999999996,1.904761904761905,Low,0.0,0.0,1,0,-0.09214624668414317,0.03642987249544627,0.0125,0.0,0,0,0,0.999315537303217,0.0,0.0,2,0.025
POL-2020881,INS-10881,Regional Bank,SEC,National,2020,Azure,Temenos,1142558,0.0,0,0.0,0.0,6.544487219573761,0.25175281387826737,0.7892500000000001,0.21074999999999988,4.999999999999999,Low,1.6011699870934737,0.0,1,0,-0.2952785541399717,0.014400921658986175,0.0322,0.0,0,0,0,0.999315537303217,0.0,0.0,10,0.322
POL-2020882,INS-10882,Regional Bank,NCUA,West,2023,Azure,Other,3293481,0.0,0,0.0,0.0,6.211603589401893,0.13738859130005582,0.83075,0.16925,5.0,Low,0.0,0.0,1,0,0.6466395920664292,0.20100502512562815,0.00791,0.0,0,0,0,0.999315537303217,0.0,0.0,100,0.791
POL-2020883,INS-10883,Community Bank,FDIC,National,2021,AWS,Fiserv,198684,1.0,1,54871.0,33251.0,5.288267030694535,-0.4254099913724027,0.8642500000000001,0.13574999999999993,12.5,Moderate,0.0,0.0,1,0,-0.6408870500151269,0.025380710659898477,0.0428,0.0,0,0,0,0.999315537303217,0.27617221316261,0.6059849465109074,5,0.214
POL-2020884,INS-10884,Community Bank,NCUA,National,2022,AWS,Other,96819,0.0,0,0.0,0.0,5.230038525794742,-0.36735493993491114,0.8435,0.15649999999999997,35.71428571428572,Extreme,0.0,0.0,1,0,-0.35916894361338214,0.01076426264800861,0.0245,0.0,0,0,0,0.999315537303217,0.0,0.0,2,0.049
POL-2020885,INS-10885,Credit Union,NCUA,Northeast,2024,Hybrid,Temenos,32848,0.0,0,0.0,0.0,4.1666652238017265,-1.3712128586198686,0.63975,0.36024999999999996,17.586206896551726,High,0.0,0.0,1,0,-0.09214624668414317,0.031496062992125984,0.0125,0.0,0,1,0,0.999315537303217,0.0,0.0,2,0.025
POL-2020886,INS-10886,Community Bank,State,Midwest,2023,GCP,Jack Henry,34078,0.0,0,0.0,0.0,3.7977338590260183,-1.1652481485281254,0.51775,0.48224999999999996,5.111111111111111,Low,0.0,0.0,1,0,0.11122687966889613,0.1146788990825688,0.009,0.0,0,0,0,0.999315537303217,0.0,0.0,5,0.045
POL-2020887,INS-10887,Credit Union,NCUA,Midwest,2023,GCP,Other,18821,0.0,0,0.0,0.0,4.028916756899646,-1.4382430975739313,0.82425,0.17574999999999996,20.81081081081081,High,1.0986122886681098,0.0,1,0,-0.6662216288384513,0.018115942028985508,0.035,0.6931471805599453,0,0,0,0.999315537303217,0.0,0.0,1,0.035
POL-2020888,INS-10888,Fintech-Lending,State,Northeast,2023,Hybrid,Unknown,2244086,0.0,0,0.0,0.0,6.148895555056811,-0.22814454175010113,0.91925,0.08074999999999999,7.380952380952382,Low,1.3862943611198906,0.0,0,0,-0.13817188955743376,0.10702054794520548,0.03762,0.0,0,1,1,0.999315537303217,0.0,0.0,50,1.881
POL-2020889,INS-10889,Credit Union,NCUA,National,2021,On-Prem,Other,64011,0.0,0,0.0,0.0,3.7819143200811256,-1.5069386972260954,0.5947500000000001,0.4052499999999999,8.076923076923077,Moderate,0.8265780128177348,0.0,1,0,-0.49332038769582387,0.23310023310023312,0.0411,0.6931471805599453,0,0,0,0.999315537303217,0.0,0.0,10,0.411
POL-2020890,INS-10890,Regional Bank,OCC,National,2022,On-Prem,Jack Henry,254806,0.0,0,0.0,0.0,5.686297160315181,-0.09902584299986239,0.88275,0.11724999999999997,5.675675675675675,Low,0.0,0.0,1,0,-0.22700186977480655,0.017018379850238255,0.0242,0.0,0,0,0,0.999315537303217,0.0,0.0,5,0.121
POL-2020891,INS-10891,Insurance Carrier,FDIC,National,2020,On-Prem,Unknown,70291713,0.0,0,0.0,0.0,8.76430323810297,1.2865144101248356,0.8335,0.16649999999999998,4.571428571428571,Low,0.0,0.0,0,0,0.42440221290584146,0.039058838233915566,0.025304,0.0,0,0,1,0.999315537303217,0.0,0.0,250,6.326
POL-2020892,INS-10892,Regional Bank,FDIC,Northeast,2024,On-Prem,Fiserv,6712385,0.0,0,0.0,0.0,7.276418080566197,0.751090241487689,0.8502500000000001,0.14974999999999994,3.5,Low,1.1901633127237856,0.0,1,0,-0.2730183515066995,0.03460686600221484,0.043680000000000004,0.0,0,0,0,0.999315537303217,0.0,0.0,50,2.184
POL-2020893,INS-10893,Broker-Dealer,SEC,West,2024,Azure,Unknown,10695800,1.0,1,3387813.0,1683010.0,7.626911278723133,0.6949916821391366,0.8215,0.1785,27.75,Extreme,2.014122529224868,0.3333333333333333,1,0,0.3722864994056281,0.02437003460544914,0.01468,0.0,0,0,1,0.999315537303217,0.3167423661624189,0.4967836182221392,50,0.734
POL-2020894,INS-10894,Credit Union,NCUA,Northeast,2020,GCP,Fiserv,509867,1.0,1,153175.0,37274.0,3.58351893845611,-1.6051855163924191,0.47275,0.52725,4.0,Low,0.0,0.0,1,0,0.7969737427681354,14.285714285714286,0.014183999999999999,0.6931471805599453,0,0,0,0.999315537303217,0.300421482465035,0.24334258201403625,500,7.092
POL-2020895,INS-10895,Community Bank,FDIC,National,2022,Hybrid,Fiserv,1044239,0.0,0,0.0,0.0,5.215479088239032,-0.39455026861453907,0.86875,0.13124999999999998,4.615384615384616,Low,0.0,0.0,1,0,0.4448149369707461,0.5461496450027308,0.01698,0.0,0,1,0,0.999315537303217,0.0,0.0,100,1.698
POL-2020896,INS-10896,Fintech-Payments,SEC,Northeast,2022,GCP,Unknown,1174928,0.0,0,0.0,0.0,5.604330395684541,-0.5356325897964145,0.7110000000000001,0.2889999999999999,14.878048780487806,High,0.0,0.0,1,0,0.1283701943260731,0.09238728750923872,0.02016,0.0,0,0,1,0.999315537303217,0.0,0.0,25,0.504
POL-2020897,INS-10897,Insurance Carrier,FINRA,Southeast,2023,GCP,Unknown,48820433,0.0,0,0.0,0.0,8.553042844309935,1.1746829638260388,0.7405,0.25949999999999995,43.82352941176471,Extreme,0.0,0.0,0,0,0.23570617374251257,0.04824857666698833,0.033784,0.0,0,0,1,0.999315537303217,0.0,0.0,250,8.446
POL-2020898,INS-10898,Regional Bank,CFPB,Southeast,2024,GCP,Other,3929370,0.0,0,0.0,0.0,6.598236511921182,0.32733893887464655,0.541,0.45899999999999996,23.57142857142857,Extreme,0.0,0.0,1,0,-0.225857070149859,0.13646288209606988,0.047119999999999995,0.0,0,0,0,0.999315537303217,0.0,0.0,100,4.712
POL-2020899,INS-10899,Regional Bank,State,Southwest,2020,GCP,Jack Henry,313745,0.0,0,0.0,0.0,6.268906871829571,0.09560903493705386,0.6964999999999999,0.3035000000000001,19.411764705882355,High,0.6931471805599453,0.0,1,0,-0.5928138034264663,0.0037957866767887646,0.035,0.6931471805599453,0,0,0,0.999315537303217,0.0,0.0,2,0.07
POL-2020900,INS-10900,Regional Bank,OCC,West,2024,On-Prem,Other,391488,0.0,0,0.0,0.0,6.608135568957313,0.42864779205859826,0.6805000000000001,0.3194999999999999,4.193548387096774,Low,0.0,0.0,1,0,-0.23678354085414757,0.0027023375219564923,0.019,1.0986122886681098,1,0,0,0.999315537303217,0.0,0.0,2,0.038
POL-2020901,INS-10901,Community Bank,SEC,Southeast,2021,AWS,In-House,96570,1.0,1,457778.0,109526.0,4.135166556742356,-0.859367606331435,0.807,0.19299999999999995,12.1875,Moderate,0.7797905781299385,0.0,1,0,0.12305700438250267,0.16260162601626016,0.0134,0.0,0,0,0,0.999315537303217,4.740374857616237,0.23925570909917035,10,0.134
POL-2020902,INS-10902,Custodian Bank,FDIC,Southeast,2020,GCP,Temenos,74399663,0.0,0,0.0,0.0,8.958861644484616,1.6136453137290914,0.8544999999999999,0.14550000000000007,7.142857142857143,Low,0.0,0.0,1,0,0.03810937801487568,0.032152273165712814,0.042664,0.0,0,0,0,0.999315537303217,0.0,0.0,250,10.666
POL-2020903,INS-10903,Custodian Bank,FDIC,National,2022,Azure,FIS,78543039,0.0,0,0.0,0.0,9.803932375466536,2.1371525010965766,0.45799999999999996,0.542,7.666666666666667,Low,0.0,0.0,1,0,0.22809424306383896,0.0027618511030833306,0.02116,0.6931471805599453,0,0,0,0.999315537303217,0.0,0.0,50,1.058
POL-2020904,INS-10904,Community Bank,State,National,2021,GCP,Temenos,96874,0.0,0,0.0,0.0,4.762173934797756,-0.6522490303348033,0.7952500000000001,0.20474999999999988,11.428571428571427,Moderate,0.6931471805599453,0.0,1,0,0.062272718565202306,0.04310344827586207,0.0112,0.6931471805599453,0,0,0,0.999315537303217,0.0,0.0,5,0.056
POL-2020905,INS-10905,Asset Manager,State,Midwest,2022,Hybrid,Unknown,19828422,0.0,0,0.0,0.0,8.01862546504575,0.7268176014232072,0.749,0.251,6.862745098039216,Low,0.0,0.0,2,0,0.2759230811630024,0.03293807641633729,0.024569999999999998,0.0,0,1,1,0.999315537303217,0.0,0.0,100,2.457
POL-2020906,INS-10906,Credit Union,NCUA,Southeast,2022,On-Prem,Temenos,21850,0.0,0,0.0,0.0,3.9871304779149512,-1.6226151013844927,0.7365,0.26349999999999996,25.0,Extreme,2.187916889890559,0.3333333333333333,1,0,-0.09214624668414317,0.03780718336483932,0.0125,0.0,0,0,0,0.999315537303217,0.0,0.0,2,0.025
POL-2020907,INS-10907,Community Bank,FDIC,National,2021,Azure,Other,14330,0.0,0,0.0,0.0,3.858622228701031,-1.2229822482726913,0.71275,0.28725,2.0,Low,0.0,0.0,1,0,-0.44370271473075207,0.021551724137931036,0.025,0.0,0,0,0,0.999315537303217,0.0,0.0,1,0.025
POL-2020908,INS-10908,Broker-Dealer,FINRA,Northeast,2021,AWS,Unknown,867904,0.0,0,0.0,0.0,6.698144741950512,0.1829685274013193,0.39525,0.60475,14.8,High,1.7328679513998633,0.5,1,0,-0.2537041394677304,0.006173601679219657,0.0254,0.0,0,0,1,0.999315537303217,0.0,0.0,5,0.127
POL-2020909,INS-10909,Hedge Fund,OCC,Southwest,2021,On-Prem,Unknown,393184,1.0,1,431428.0,102244.0,5.8057371971791945,-0.26743131782873925,0.8190000000000001,0.18099999999999994,6.25,Low,0.6931471805599453,0.0,1,0,-0.13354392584957295,0.015096618357487924,0.02,0.0,0,0,1,0.999315537303217,1.0972674371286726,0.236989717867176,5,0.1
POL-2020910,INS-10910,Community Bank,FDIC,Southwest,2023,On-Prem,Other,302779,0.0,0,0.0,0.0,5.2663105704129505,-0.37980575657558746,0.6695,0.3305,28.709677419354836,Extreme,0.0,0.0,1,0,0.03661396443220799,0.07784120394395434,0.02033333333333333,0.0,0,0,0,0.999315537303217,0.0,0.0,15,0.305
POL-2020911,INS-10911,National Bank,OCC,West,2020,Hybrid,Finastra,215540610,1.0,1,6864038.0,2925498.0,10.808858884161006,2.8101698029771343,0.6160000000000001,0.3839999999999999,17.391304347826086,High,0.0,0.0,1,0,0.04028827955694092,0.0010109996764801035,0.0296,0.6931471805599453,0,1,0,0.999315537303217,0.0318456832798237,0.4262065565487837,50,1.48
POL-2020912,INS-10912,Regional Bank,State,Midwest,2024,Azure,Finastra,433768,0.0,0,0.0,0.0,5.689345426858432,-0.20160350732229945,0.90125,0.09875,15.6,High,0.0,0.0,1,0,-0.6691103298409063,0.0339328130302002,0.049,1.0986122886681098,1,0,0,0.999315537303217,0.0,0.0,10,0.49
POL-2020913,INS-10913,Credit Union,NCUA,Northeast,2024,Hybrid,Temenos,31317,0.0,0,0.0,0.0,2.8507065015037334,-2.055232471985454,0.7170000000000001,0.2829999999999999,6.410256410256411,Low,0.0,0.0,1,0,-0.14844333482390454,1.5337423312883436,0.0326,0.0,0,1,0,0.999315537303217,0.0,0.0,25,0.815
POL-2020914,INS-10914,Asset Manager,FDIC,Southeast,2020,AWS,Unknown,5444300,0.0,0,0.0,0.0,8.161003843842218,0.9195523830531527,0.763,0.237,9.999999999999998,Moderate,0.0,0.0,2,0,-0.4910951985547468,0.0028565715428342906,0.040999999999999995,0.0,0,0,1,0.999315537303217,0.0,0.0,10,0.41
POL-2020915,INS-10915,Community Bank,OCC,Southeast,2024,Azure,Finastra,43685,0.0,0,0.0,0.0,3.879499813722586,-1.271517378967682,0.94775,0.05225000000000002,13.958333333333334,Moderate,0.0,0.0,1,0,-0.111292034438803,0.10548523206751055,0.019,1.0986122886681098,1,0,0,0.999315537303217,0.0,0.0,5,0.095
POL-2020916,INS-10916,Community Bank,CFPB,West,2020,On-Prem,Fiserv,75875,0.0,0,0.0,0.0,3.9815490680767565,-1.1810805883558153,0.5105,0.48950000000000005,2.3684210526315788,Low,0.6931471805599453,0.0,1,0,-0.4221143351813603,0.19011406844106463,0.0379,0.0,0,0,0,0.999315537303217,0.0,0.0,10,0.379
POL-2020917,INS-10917,Community Bank,NCUA,Southeast,2020,On-Prem,Finastra,42177,0.0,0,0.0,0.0,3.9080149840306073,-1.1924425824157496,0.8462500000000001,0.15374999999999994,8.68421052631579,Moderate,2.193867706454178,0.3333333333333333,1,0,-0.7209938590938988,0.10245901639344263,0.046400000000000004,0.6931471805599453,0,0,0,0.999315537303217,0.0,0.0,5,0.232
POL-2020918,INS-10918,Custodian Bank,FDIC,Northeast,2022,AWS,Fiserv,14324026,1.0,1,490122.0,0.0,8.770081935367212,1.570050554624327,0.85675,0.14325,10.526315789473683,Moderate,0.0,0.0,1,0,-0.509814051334808,0.0038833744971030026,0.04884,0.0,0,0,0,0.999315537303217,0.034216776763739465,0.0,25,1.221
POL-2020919,INS-10919,Fintech-Lending,CFPB,Midwest,2021,Azure,Unknown,219584,0.0,0,0.0,0.0,5.444147814759576,-0.4906848096728649,0.7835,0.21650000000000003,19.615384615384613,High,0.0,0.0,0,0,-0.33691705220261214,0.008680555555555556,0.0235,0.0,0,0,1,0.999315537303217,0.0,0.0,2,0.047
POL-2020920,INS-10920,Hedge Fund,State,Midwest,2022,On-Prem,Unknown,1037236,0.0,0,0.0,0.0,5.233778845410465,-0.7195547321529174,0.7640000000000001,0.23599999999999988,34.0,Extreme,0.0,0.0,1,0,0.545406214581418,0.2680965147453083,0.0069,0.0,0,0,1,0.999315537303217,0.0,0.0,50,0.345
POL-2020921,INS-10921,Community Bank,CFPB,West,2022,Hybrid,In-House,87780,0.0,0,0.0,0.0,3.7932394694381792,-1.2091829820280637,0.7860000000000001,0.21399999999999986,12.142857142857142,Moderate,1.725936479594264,0.5,1,0,-0.14140116685395132,0.3456221198156682,0.028333333333333332,0.6931471805599453,0,1,0,0.999315537303217,0.0,0.0,15,0.425
POL-2020922,INS-10922,Community Bank,FINRA,Northeast,2023,AWS,Jack Henry,708443,0.0,0,0.0,0.0,4.844187086458591,-0.502705777491638,0.6347500000000001,0.36524999999999985,2.0512820512820515,Low,0.0,0.0,1,0,0.10057817684613546,0.7936507936507936,0.03245,0.0,0,0,0,0.999315537303217,0.0,0.0,100,3.245
POL-2020923,INS-10923,Investment Bank,FRB,Southeast,2022,AWS,Jack Henry,56094404,0.0,0,0.0,0.0,8.645480859717706,1.5059831723095438,0.6025,0.39749999999999996,35.0,Extreme,0.7797905781299385,0.0,1,0,-0.12906134251301005,0.017595101523735793,0.04277,0.0,0,0,0,0.999315537303217,0.0,0.0,100,4.277
POL-2020924,INS-10924,Community Bank,SEC,West,2020,On-Prem,Other,78427,1.0,1,181715.0,72073.0,4.123903364463645,-1.1069039019397098,0.7545000000000001,0.24549999999999994,2.142857142857143,Low,0.6931471805599453,0.0,1,0,0.10525549125388678,0.16447368421052633,0.014199999999999999,0.0,0,0,0,0.999315537303217,2.316995422494804,0.3966265855873208,10,0.142
POL-2020925,INS-10925,Hedge Fund,OCC,Southwest,2022,Azure,Unknown,444046,0.0,0,0.0,0.0,5.40042258948519,-0.6606322661370764,0.59475,0.40525,6.666666666666667,Low,0.0,0.0,1,0,-0.27302666272920173,0.045351473922902494,0.0312,0.0,0,0,1,0.999315537303217,0.0,0.0,10,0.312
POL-2020926,INS-10926,Credit Union,NCUA,Southwest,2024,Hybrid,Temenos,234987,0.0,0,0.0,0.0,4.3463994570307305,-1.1649902289272516,0.7852500000000001,0.21474999999999989,4.615384615384615,Low,1.725936479594264,0.5,1,0,-0.1168100738030946,0.6561679790026247,0.03666,0.0,0,1,0,0.999315537303217,0.0,0.0,50,1.833
POL-2020927,INS-10927,Asset Manager,SEC,National,2021,GCP,Unknown,224536,0.0,0,0.0,0.0,5.915123313851259,-0.27279360644815004,0.81725,0.18274999999999997,5.3125,Low,0.0,0.0,2,0,-0.8709624460610902,0.005411255411255411,0.0475,0.0,0,0,1,0.999315537303217,0.0,0.0,2,0.095
POL-2020928,INS-10928,Broker-Dealer,FINRA,Midwest,2023,On-Prem,Unknown,31799570,0.0,0,0.0,0.0,7.970982156979451,0.8561736233207471,0.6315,0.36850000000000005,7.63157894736842,Low,0.0,0.0,1,0,0.33201235976832477,0.08636473555117975,0.029456,0.0,0,0,1,0.999315537303217,0.0,0.0,250,7.364
POL-2020929,INS-10929,Credit Union,NCUA,Midwest,2021,GCP,Temenos,504161,0.0,0,0.0,0.0,4.919980925828125,-0.8766064143396585,0.6452500000000001,0.3547499999999999,2.5,Low,0.0,0.0,1,0,0.3678361211234741,0.36764705882352944,0.014879999999999999,0.6931471805599453,0,0,0,0.999315537303217,0.0,0.0,50,0.744
POL-2020930,INS-10930,Regional Bank,FDIC,National,2021,Hybrid,Jack Henry,680332,0.0,0,0.0,0.0,6.0748861552470546,0.0729285157363578,0.46599999999999997,0.534,9.428571428571429,Moderate,0.6931471805599453,0.0,1,0,-0.25967552788273984,0.02305209774089442,0.0306,0.6931471805599453,0,1,0,0.999315537303217,0.0,0.0,10,0.306
POL-2020931,INS-10931,Regional Bank,FRB,Southwest,2023,Hybrid,Temenos,5296817,0.0,0,0.0,0.0,6.876161407390958,0.575100257744196,0.64225,0.35775,22.758620689655174,Extreme,0.0,0.0,1,0,0.5409431078652721,0.10331645831180908,0.01266,0.0,0,1,0,0.999315537303217,0.0,0.0,100,1.266
POL-2020932,INS-10932,Asset Manager,OCC,National,2020,Hybrid,Unknown,2471114,0.0,0,0.0,0.0,7.413427647507327,0.5287133839615753,0.745,0.255,8.064516129032258,Moderate,1.6094379124341003,0.0,2,0,0.07632803241988587,0.006034638826866213,0.0155,0.6931471805599453,0,1,1,0.999315537303217,0.0,0.0,10,0.155
POL-2020933,INS-10933,Insurance Carrier,FRB,National,2024,Hybrid,Unknown,61773158,0.0,0,0.0,0.0,8.523374050491318,0.9940263241789437,0.60875,0.39125,26.551724137931036,Extreme,0.0,0.0,0,0,-0.10020837899447,0.04970178926441352,0.04888,0.0,0,1,1,0.999315537303217,0.0,0.0,250,12.22
POL-2020934,INS-10934,National Bank,FRB,Southwest,2021,GCP,Fiserv,182813321,0.0,0,0.0,0.0,9.645610206776551,2.1455956827329525,0.7097500000000001,0.2902499999999999,5.348837209302326,Low,0.0,0.0,1,0,0.5370857910099803,0.016178297784220336,0.020239999999999998,0.6931471805599453,0,0,0,0.999315537303217,0.0,0.0,250,5.06
POL-2020935,INS-10935,Broker-Dealer,FINRA,Northeast,2024,Hybrid,Unknown,687257,0.0,0,0.0,0.0,6.45629858702298,0.002546368557671652,0.8154999999999999,0.1845000000000001,2.8571428571428577,Low,0.0,0.0,1,0,-0.129093547567419,0.007865345288658171,0.0198,0.6931471805599453,0,1,1,0.999315537303217,0.0,0.0,5,0.099
POL-2020936,INS-10936,Credit Union,NCUA,Southwest,2024,GCP,FIS,125787,0.0,0,0.0,0.0,3.487375077903208,-1.5946465473811546,0.838,0.16200000000000003,2.6470588235294117,Low,0.7875884839112379,0.0,1,0,0.029607371679771344,1.5772870662460567,0.03008,0.0,0,0,0,0.999315537303217,0.0,0.0,50,1.504
POL-2020937,INS-10937,Community Bank,FRB,Southwest,2020,AWS,Jack Henry,157834,2.0,1,45941733.0,30707108.0,3.720862499966987,-1.3350833216201277,0.76025,0.23975000000000002,10.0,Moderate,0.6931471805599453,0.0,1,0,-0.3847228463887644,1.240694789081886,0.0487,0.0,0,0,0,0.999315537303217,291.0762763409658,0.6683924613814634,50,2.435
POL-2020938,INS-10938,Regional Bank,FRB,Northeast,2024,GCP,Fiserv,592914,0.0,0,0.0,0.0,6.9172104377528925,0.5106121457984115,0.8335,0.16649999999999998,3.333333333333333,Low,0.0,0.0,1,0,-0.8598365003557052,0.0019831432821021317,0.047,0.0,0,0,0,0.999315537303217,0.0,0.0,2,0.094
POL-2020939,INS-10939,Community Bank,FDIC,Southwest,2023,On-Prem,In-House,193747,0.0,0,0.0,0.0,4.460144413937834,-0.7688347794588849,0.8390000000000001,0.16099999999999992,50.625,Extreme,1.4729377586898837,0.0,1,0,-0.216979160369076,0.29239766081871343,0.03568,0.6931471805599453,0,0,0,0.999315537303217,0.0,0.0,25,0.892
POL-2020940,INS-10940,Investment Bank,OCC,Southwest,2022,GCP,In-House,48513924,0.0,0,0.0,0.0,8.670463483816189,1.3794377331057506,0.56125,0.43875,7.931034482758621,Low,0.0,0.0,1,0,-0.15287086632253388,0.0171609006040637,0.043840000000000004,0.0,0,0,0,0.999315537303217,0.0,0.0,100,4.384
POL-2020941,INS-10941,Community Bank,NCUA,West,2023,Azure,Temenos,61947,0.0,0,0.0,0.0,4.762173934797756,-0.5742897433527033,0.53975,0.46025000000000005,11.724137931034484,Moderate,0.7875884839112379,0.0,1,0,-0.35916894361338214,0.017241379310344827,0.0245,0.0,0,0,0,0.999315537303217,0.0,0.0,2,0.049
POL-2020942,INS-10942,Fintech-Lending,CFPB,Southeast,2024,AWS,Unknown,403270,0.0,0,0.0,0.0,4.742320024135325,-1.0768381942628913,0.45275,0.54725,20.0,High,0.0,0.0,0,0,0.08386641150453322,0.2198768689533861,0.022160000000000003,0.6931471805599453,0,0,1,0.999315537303217,0.0,0.0,25,0.554
POL-2020943,INS-10943,Regional Bank,FINRA,Northeast,2022,GCP,In-House,1763047,0.0,0,0.0,0.0,6.473736363455911,0.3037810341840445,0.9467500000000001,0.05324999999999991,7.291666666666667,Low,1.1901633127237856,0.0,1,0,0.007319905051484721,0.038645849435770596,0.0256,0.0,0,0,0,0.999315537303217,0.0,0.0,25,0.64
POL-2020944,INS-10944,Regional Bank,State,Southeast,2023,Azure,Finastra,418481,0.0,0,0.0,0.0,5.727824469136439,-0.15990642644044714,0.9760000000000001,0.02399999999999991,2.5490196078431375,Low,0.6931471805599453,0.0,1,0,-0.3175304455507416,0.0326477309826967,0.0332,0.0,0,0,0,0.999315537303217,0.0,0.0,10,0.332
POL-2020945,INS-10945,Community Bank,State,Southeast,2020,AWS,Temenos,28838,0.0,0,0.0,0.0,4.074141854904581,-1.220018660418061,0.7965000000000001,0.2034999999999999,10.0,Moderate,0.0,0.0,1,0,-0.1922797580326078,0.03460207612456748,0.017,0.0,0,0,0,0.999315537303217,0.0,0.0,2,0.034
POL-2020946,INS-10946,Community Bank,FDIC,Southeast,2024,AWS,Temenos,44984,0.0,0,0.0,0.0,4.314817884980432,-0.8325171442604025,0.8192499999999999,0.18075000000000008,14.166666666666666,High,0.6931471805599453,0.0,1,0,-0.09214624668414317,0.02710027100271003,0.0125,0.6931471805599453,0,0,0,0.999315537303217,0.0,0.0,2,0.025
POL-2020947,INS-10947,Regional Bank,OCC,Southwest,2020,Hybrid,Temenos,147007,1.0,1,2105469.0,1044.0,6.018349875889364,0.001750727697335706,0.6765,0.3235,12.702702702702702,Moderate,0.0,0.0,1,0,-0.9332443257676902,0.0024396194193705783,0.047,0.0,0,1,0,0.999315537303217,14.322236356091887,0.0004958515181178161,1,0.047
POL-2020948,INS-10948,Community Bank,State,National,2022,GCP,FIS,29818,0.0,0,0.0,0.0,4.560172820057356,-0.7423269821660426,0.7127500000000001,0.2872499999999999,32.857142857142854,Extreme,0.0,0.0,1,0,-0.7552291944815309,0.010570824524312896,0.039,0.6931471805599453,0,0,0,0.999315537303217,0.0,0.0,1,0.039
POL-2020949,INS-10949,Credit Union,NCUA,Southeast,2023,AWS,FIS,432109,0.0,0,0.0,0.0,4.984291318756654,-0.8063090085169905,0.73675,0.26325,4.4897959183673475,Low,0.7875884839112379,0.0,1,0,0.5685481816486188,0.34458993797381116,0.00586,0.6931471805599453,0,0,0,0.999315537303217,0.0,0.0,50,0.293
POL-2020950,INS-10950,Community Bank,FRB,Midwest,2023,GCP,Temenos,18363,0.0,0,0.0,0.0,3.66612246699132,-1.3312561178258548,0.9567500000000001,0.0432499999999999,4.4897959183673475,Low,1.1961141292874042,0.0,1,0,-0.5260581291941565,0.05249343832020997,0.032,0.6931471805599453,0,0,0,0.999315537303217,0.0,0.0,2,0.064
POL-2020951,INS-10951,Broker-Dealer,FINRA,West,2024,Hybrid,Unknown,626614,1.0,1,1223913.0,199758.0,6.090857290986017,-0.2104205405064823,0.8412499999999999,0.15875000000000006,3.7142857142857144,Low,0.0,0.0,1,0,-0.5830321323471253,0.011343012704174229,0.0402,0.0,0,1,1,0.999315537303217,1.953216812902361,0.16321258128641497,5,0.201
POL-2020952,INS-10952,Community Bank,FRB,National,2024,Hybrid,In-House,145599,0.0,0,0.0,0.0,3.8607297110405954,-1.0910620623632254,0.7972499999999999,0.2027500000000001,4.285714285714286,Low,1.4729377586898837,0.0,1,0,-0.3411091392236555,1.075268817204301,0.046740000000000004,0.0,0,1,0,0.999315537303217,0.0,0.0,50,2.337
POL-2020953,INS-10953,Credit Union,NCUA,Northeast,2021,Hybrid,FIS,98776,0.0,0,0.0,0.0,4.674696248636701,-1.1284786853559543,0.7807499999999999,0.21925000000000006,3.6,Low,0.0,0.0,1,0,-0.5474291060898934,0.047080979284369114,0.0386,0.0,0,1,0,0.999315537303217,0.0,0.0,5,0.193
POL-2020954,INS-10954,Asset Manager,FRB,West,2021,GCP,Unknown,870230,1.0,1,39096.0,6900.0,7.4583591527565405,0.6039805222198941,0.43574999999999997,0.56425,2.962962962962963,Low,0.0,0.0,2,0,-0.7597029890072406,0.0011538683436219928,0.0425,0.6931471805599453,0,0,1,0.999315537303217,0.04492605403169277,0.17648864333947206,2,0.085
POL-2020955,INS-10955,Fintech-Lending,SEC,Northeast,2024,On-Prem,Unknown,112259,0.0,0,0.0,0.0,4.546481189639412,-1.065164836845114,0.88075,0.11924999999999997,1.8421052631578947,Low,0.0,0.0,0,0,-0.6764900762723589,0.05359056806002144,0.0444,0.6931471805599453,0,0,1,0.999315537303217,0.0,0.0,5,0.222
POL-2020956,INS-10956,Credit Union,NCUA,National,2024,GCP,Fiserv,28733,1.0,1,99453.0,13454.0,3.054001181677967,-2.0584233314896303,0.64725,0.35275,65.0,Extreme,0.0,0.0,1,0,0.12083181524142567,0.49504950495049505,0.013500000000000002,0.0,0,0,0,0.999315537303217,3.4612814533811296,0.13527998149879844,10,0.135
POL-2020957,INS-10957,Fintech-Payments,SEC,West,2021,Hybrid,Unknown,1393405,0.0,0,0.0,0.0,6.707961976276143,0.018962122653509283,0.6375,0.36250000000000004,2.3684210526315788,Low,0.0,0.0,1,0,-0.7521465070689765,0.00611321677466683,0.047799999999999995,0.6931471805599453,0,1,1,0.999315537303217,0.0,0.0,5,0.239
POL-2020958,INS-10958,Insurance Carrier,SEC,Southeast,2023,Azure,Unknown,2948898,0.0,0,0.0,0.0,8.047669447007353,0.7266670716467468,0.67375,0.32625000000000004,19.999999999999996,High,0.0,0.0,0,0,-0.5696809975006634,0.0015997440409534474,0.0396,0.0,0,0,1,0.999315537303217,0.0,0.0,5,0.198
POL-2020959,INS-10959,Hedge Fund,SEC,Southeast,2020,GCP,Unknown,271555,0.0,0,0.0,0.0,5.097424424168647,-0.8721549446271571,0.91525,0.08474999999999999,2.3809523809523814,Low,0.0,0.0,1,0,-0.18179390794504524,0.06150061500615006,0.027100000000000003,0.0,0,0,1,0.999315537303217,0.0,0.0,10,0.271
POL-2020960,INS-10960,Community Bank,FRB,Midwest,2020,GCP,Fiserv,66787,0.0,0,0.0,0.0,4.447346100794524,-0.8671019935955891,0.4225,0.5775,10.0,Moderate,0.0,0.0,1,0,-0.5474291060898934,0.059241706161137435,0.0386,0.0,0,0,0,0.999315537303217,0.0,0.0,5,0.193
POL-2020961,INS-10961,Custodian Bank,FRB,National,2021,GCP,Finastra,1509925,0.0,0,0.0,0.0,8.188994633327166,1.3272119158671503,0.5880000000000001,0.4119999999999999,38.333333333333336,Extreme,0.0,0.0,1,0,-0.8442367601246105,0.00027777006194272384,0.043,0.0,0,0,0,0.999315537303217,0.0,0.0,1,0.043
POL-2020962,INS-10962,Fintech-Lending,SEC,Midwest,2022,GCP,Unknown,743870,0.0,0,0.0,0.0,6.25632569177406,-0.05339891660700507,0.32400000000000007,0.6759999999999999,4.090909090909091,Low,1.4876671362767826,0.0,0,0,-0.4450704056003518,0.009609840476648089,0.034,0.0,0,0,1,0.999315537303217,0.0,0.0,5,0.17
POL-2020963,INS-10963,Regional Bank,FRB,Midwest,2022,Hybrid,FIS,3140089,0.0,0,0.0,0.0,6.180223671560361,0.054833298358214926,0.61825,0.38175000000000003,19.6875,High,0.7875884839112379,0.0,1,0,0.10169077141667382,0.20742584526031943,0.032400000000000005,0.0,0,1,0,0.999315537303217,0.0,0.0,100,3.24
POL-2020964,INS-10964,Credit Union,NCUA,Southwest,2024,GCP,In-House,132950,0.0,0,0.0,0.0,4.37197629882038,-1.237884062193287,0.44475,0.55525,6.285714285714286,Low,0.7953863896925372,0.0,1,0,-0.5953397516336575,0.1918158567774936,0.04873333333333333,0.0,0,0,0,0.999315537303217,0.0,0.0,15,0.731
POL-2020965,INS-10965,Hedge Fund,State,Southeast,2023,On-Prem,Unknown,548088,0.0,0,0.0,0.0,5.879694646264972,-0.4340648263103459,0.6467499999999999,0.35325000000000006,13.243243243243242,Moderate,0.8031842954738366,0.0,1,0,-0.37386435308588806,0.014017381553125877,0.0308,0.0,0,0,1,0.999315537303217,0.0,0.0,5,0.154
POL-2020966,INS-10966,Regional Bank,FRB,Southeast,2021,On-Prem,Finastra,769267,0.0,0,0.0,0.0,5.80392942326114,-0.06301887846619147,0.6084999999999999,0.39150000000000007,11.470588235294118,Moderate,0.6931471805599453,0.0,1,0,0.23873957572349191,0.07562008469449485,0.0152,0.0,0,0,0,0.999315537303217,0.0,0.0,25,0.38
POL-2020967,INS-10967,Community Bank,FINRA,Northeast,2022,AWS,Fiserv,90845,0.0,0,0.0,0.0,3.7954891891721947,-1.3444065665524452,0.83625,0.16374999999999995,8.125,Moderate,1.1961141292874042,0.0,1,0,-0.3202279365150484,0.5747126436781609,0.04032,0.6931471805599453,0,0,0,0.999315537303217,0.0,0.0,25,1.008
POL-2020968,INS-10968,Broker-Dealer,SEC,Southwest,2023,On-Prem,Unknown,740648,0.0,0,0.0,0.0,6.053499938027435,-0.3272919693594624,0.60375,0.39625,16.333333333333332,High,0.8187801070364353,0.0,1,0,0.09857992383065581,0.023551577955723033,0.014499999999999999,0.0,0,0,1,0.999315537303217,0.0,0.0,10,0.145
POL-2020969,INS-10969,Fintech-Payments,CFPB,Southeast,2020,Hybrid,Unknown,1596771,0.0,0,0.0,0.0,5.8377304471659395,-0.4005032685424845,0.56725,0.43274999999999997,15.769230769230768,High,0.0,0.0,1,0,0.1461717074546891,0.07309941520467836,0.01936,0.0,0,1,1,0.999315537303217,0.0,0.0,25,0.484
POL-2020970,INS-10970,Credit Union,NCUA,National,2020,Azure,FIS,90102,1.0,1,7796.0,566.0,3.8199077165203406,-1.649814884343378,0.67025,0.32975,18.787878787878785,High,1.2020649458510235,0.0,1,0,-0.35583096277228016,0.5605381165919282,0.04192,0.0,0,0,0,0.999315537303217,0.08652416150584892,0.07260133401744484,25,1.048
POL-2020971,INS-10971,Credit Union,NCUA,Southeast,2021,Hybrid,FIS,228681,0.0,0,0.0,0.0,5.147494476813453,-0.6034311210475392,0.7575000000000001,0.24249999999999994,10.869565217391305,Moderate,0.0,0.0,1,0,0.11860662610034867,0.05847953216374269,0.013600000000000001,0.6931471805599453,0,1,0,0.999315537303217,0.0,0.0,10,0.136
POL-2020972,INS-10972,Regional Bank,State,Southeast,2020,Azure,FIS,180255,0.0,0,0.0,0.0,5.2847254130285695,-0.46847001475840533,0.87075,0.12924999999999998,4.102564102564103,Low,0.0,0.0,1,0,-0.06233787333510929,0.025471217524197655,0.016800000000000002,0.6931471805599453,0,0,0,0.999315537303217,0.0,0.0,5,0.084
POL-2020973,INS-10973,Regional Bank,FDIC,Southwest,2022,AWS,Fiserv,322761,0.0,0,0.0,0.0,5.639777144680289,-0.18432941786253684,0.53325,0.46675,19.473684210526315,High,1.3073486235150507,0.0,1,0,-0.6097344020400491,0.01783166904422254,0.0414,0.0,0,0,0,0.999315537303217,0.0,0.0,5,0.207
POL-2020974,INS-10974,Community Bank,FDIC,Northeast,2020,Azure,Finastra,25296,0.0,0,0.0,0.0,3.9569963710708773,-1.154393538703945,0.699,0.30100000000000005,10.4,Moderate,0.7797905781299385,0.0,1,0,-0.09214624668414317,0.038986354775828465,0.0125,0.0,0,0,0,0.999315537303217,0.0,0.0,2,0.025
POL-2020975,INS-10975,Hedge Fund,SEC,Northeast,2023,GCP,Unknown,983348,0.0,0,0.0,0.0,5.961005339623274,-0.2814556094019233,0.595,0.405,1.875,Low,0.0,0.0,1,0,0.13600574606698032,0.03875968992248062,0.015866666666666664,1.0986122886681098,1,0,1,0.999315537303217,0.0,0.0,15,0.238
POL-2020976,INS-10976,Credit Union,NCUA,Southeast,2020,Azure,Other,150080,1.0,1,239145.0,39564.0,3.4719664525503626,-1.8167633299335388,0.7220000000000001,0.2779999999999999,19.130434782608692,High,0.7797905781299385,0.0,1,0,0.19870901796763074,3.2051282051282053,0.02804,0.0,0,0,0,0.999315537303217,1.5934501599147122,0.1654393777833532,100,2.804
POL-2020977,INS-10977,Insurance Carrier,SEC,Southeast,2023,AWS,Unknown,4792590,0.0,0,0.0,0.0,8.120945472357683,0.9739444711543183,0.7780000000000001,0.22199999999999986,8.717948717948719,Moderate,0.0,0.0,0,0,0.21428975916665935,0.0029733587059942914,0.0093,0.6931471805599453,0,0,1,0.999315537303217,0.0,0.0,10,0.093
POL-2020978,INS-10978,Fintech-Payments,SEC,Southwest,2022,Hybrid,Unknown,472005,0.0,0,0.0,0.0,5.754158681981268,-0.4281399377409001,0.8462500000000001,0.15374999999999994,18.787878787878785,High,1.1901633127237856,0.0,1,0,-0.41836813590742794,0.01589825119236884,0.0328,0.0,0,1,1,0.999315537303217,0.0,0.0,5,0.164
POL-2020979,INS-10979,Fintech-Payments,SEC,West,2021,On-Prem,Unknown,561700,0.0,0,0.0,0.0,5.511006459958388,-0.5062367903262607,0.7502500000000001,0.24974999999999992,8.372093023255815,Moderate,0.6931471805599453,0.0,1,0,-0.17734352966289113,0.040584415584415584,0.0269,0.6931471805599453,0,0,1,0.999315537303217,0.0,0.0,10,0.269
POL-2020980,INS-10980,National Bank,FDIC,Northeast,2024,GCP,Fiserv,157590974,0.0,0,0.0,0.0,10.357148997739671,2.410756603418403,0.51475,0.48524999999999996,49.99999999999999,Extreme,0.0,0.0,1,0,-0.10968946855164818,0.001588294901891024,0.03634,0.6931471805599453,0,0,0,0.999315537303217,0.0,0.0,50,1.817
POL-2020981,INS-10981,Regional Bank,OCC,Midwest,2024,Azure,Jack Henry,4062665,0.0,0,0.0,0.0,6.630683385642372,0.34336639055068546,0.8032499999999999,0.1967500000000001,13.88888888888889,Moderate,0.0,0.0,1,0,-0.1384071369055334,0.13210039630118892,0.04319,0.0,0,0,0,0.999315537303217,0.0,0.0,100,4.319
POL-2020982,INS-10982,Fintech-Lending,State,National,2023,Azure,Unknown,777255,0.0,0,0.0,0.0,5.457455587886334,-0.7371721189415869,0.5840000000000001,0.4159999999999999,6.969696969696969,Low,1.5023965138636814,0.0,0,0,-0.09325864412519519,0.10706638115631692,0.03012,0.0,0,0,1,0.999315537303217,0.0,0.0,25,0.753
POL-2020983,INS-10983,Regional Bank,FDIC,National,2020,AWS,Finastra,817571,0.0,0,0.0,0.0,6.57702651698799,0.3800900866211576,0.8925000000000002,0.10749999999999982,13.953488372093023,Moderate,1.8739892692904554,0.0,1,0,-0.2314522480569605,0.006969612489545581,0.024399999999999998,1.3862943611198906,1,0,0,0.999315537303217,0.0,0.0,5,0.122
POL-2020984,INS-10984,Community Bank,FDIC,Northeast,2021,On-Prem,Finastra,6387,0.0,0,0.0,0.0,2.917770732084279,-1.7752382633563064,0.9035000000000001,0.09649999999999992,9.75,Moderate,0.0,0.0,1,0,-0.44370271473075207,0.05714285714285714,0.025,1.3862943611198906,1,0,0,0.999315537303217,0.0,0.0,1,0.025
POL-2020985,INS-10985,Insurance Carrier,NCUA,National,2024,AWS,Unknown,38214681,0.0,0,0.0,0.0,8.612721529240552,1.2360786143729687,0.8265,0.1735,3.225806451612903,Low,1.2881229084633585,0.0,0,0,-0.05496254411514623,0.01818115704883459,0.03944,0.6931471805599453,0,0,1,0.999315537303217,0.0,0.0,100,3.944
POL-2020986,INS-10986,Fintech-Lending,State,Northeast,2020,On-Prem,Unknown,133525,1.0,1,612420.0,179064.0,5.254365479018854,-0.7338687491101687,0.68475,0.31525000000000003,7.2727272727272725,Low,2.4419196726406383,0.2,0,0,-0.09214624668414317,0.010504201680672268,0.0125,0.0,0,0,1,0.999315537303217,4.586556824564688,0.2923875771529343,2,0.025
POL-2020987,INS-10987,Fintech-Lending,SEC,West,2024,GCP,Unknown,530753,0.0,0,0.0,0.0,5.87577307261179,-0.3688193342050847,0.7515,0.24850000000000005,13.461538461538462,Moderate,1.7328679513998633,0.5,0,0,0.11122687966889613,0.014072614691809739,0.009,0.0,0,0,1,0.999315537303217,0.0,0.0,5,0.045
POL-2020988,INS-10988,Community Bank,FRB,National,2020,On-Prem,Fiserv,474251,0.0,0,0.0,0.0,4.02535169073515,-1.024163923349441,0.7182499999999999,0.28175000000000006,31.333333333333332,Extreme,0.0,0.0,1,0,0.5250697696481645,4.545454545454546,0.02078,0.0,0,0,0,0.999315537303217,0.0,0.0,250,5.195
POL-2020989,INS-10989,Community Bank,NCUA,Southwest,2024,On-Prem,Jack Henry,63180,0.0,0,0.0,0.0,5.239628370199357,-0.37863733996481647,0.73375,0.26625,19.130434782608692,High,0.0,0.0,1,0,-0.44370271473075207,0.005330490405117271,0.025,0.0,0,0,0,0.999315537303217,0.0,0.0,1,0.025
POL-2020990,INS-10990,Fintech-Payments,State,Midwest,2023,Hybrid,Unknown,172879,0.0,0,0.0,0.0,5.258016069774511,-0.63472108516043,0.8195,0.1805,9.696969696969695,Moderate,1.7190050077886643,0.5,1,0,-0.6039397491318511,0.010465724751439037,0.0355,0.6931471805599453,0,1,1,0.999315537303217,0.0,0.0,2,0.071
POL-2020991,INS-10991,Community Bank,OCC,Midwest,2021,Hybrid,Fiserv,82628,1.0,1,428988.0,297310.0,5.32884657158286,-0.39415067912712926,0.6002500000000001,0.39974999999999994,8.695652173913043,Moderate,0.0,0.0,1,0,-0.8887405429461503,0.004873294346978558,0.045,0.0,0,1,0,0.999315537303217,5.191799390037276,0.6930496890355907,1,0.045
POL-2020992,INS-10992,Community Bank,NCUA,Northeast,2020,GCP,FIS,52668,0.0,0,0.0,0.0,5.08821342874163,-0.3583404093975637,0.7815,0.21850000000000003,17.857142857142854,High,0.0,0.0,1,0,-0.44370271473075207,0.006207324643078833,0.025,0.6931471805599453,0,0,0,0.999315537303217,0.0,0.0,1,0.025
POL-2020993,INS-10993,Custodian Bank,FDIC,Midwest,2022,AWS,Fiserv,88741964,0.0,0,0.0,0.0,8.883626368550644,1.6148847728199331,0.6415,0.35850000000000004,1.9444444444444444,Low,0.8031842954738366,0.0,1,0,-0.0816948053407095,0.03466492879823625,0.048048,0.6931471805599453,0,0,0,0.999315537303217,0.0,0.0,250,12.012
POL-2020994,INS-10994,Asset Manager,State,Northeast,2024,GCP,Unknown,2042690,0.0,0,0.0,0.0,7.171426381472415,0.3984002429845166,0.7242500000000001,0.27574999999999994,12.222222222222221,Moderate,0.0,0.0,2,0,0.011797547328653124,0.007688167909587145,0.0184,0.0,0,0,1,0.999315537303217,0.0,0.0,10,0.184
POL-2020995,INS-10995,Regional Bank,FRB,National,2020,Hybrid,Fiserv,2779498,0.0,0,0.0,0.0,6.487075005067492,0.2571612002950072,0.60775,0.39225,32.69230769230769,Extreme,0.0,0.0,1,0,0.21607822170202323,0.0762660158633313,0.0217,0.0,0,1,0,0.999315537303217,0.0,0.0,50,1.085
POL-2020996,INS-10996,Broker-Dealer,FINRA,Southwest,2022,AWS,Unknown,213147,0.0,0,0.0,0.0,5.651084685655752,-0.6634391284363451,0.5627500000000001,0.4372499999999999,5.609756097560976,Low,0.0,0.0,1,0,-0.39254678072953697,0.007052186177715091,0.026,0.0,0,0,1,0.999315537303217,0.0,0.0,2,0.052
POL-2020997,INS-10997,National Bank,FDIC,National,2021,AWS,Temenos,202662848,0.0,0,0.0,0.0,10.587987452903523,2.3177633583573294,0.88875,0.11124999999999996,7.142857142857144,Low,0.6931471805599453,0.0,1,0,-0.04960936174256936,0.0012608877658581855,0.033639999999999996,0.6931471805599453,0,0,0,0.999315537303217,0.0,0.0,50,1.682
POL-2020998,INS-10998,Fintech-Lending,CFPB,Southeast,2024,GCP,Unknown,111992,0.0,0,0.0,0.0,5.518255786913298,-0.5666762340992039,0.7855,0.21450000000000002,14.13793103448276,High,2.176015256763321,0.3333333333333333,0,0,-0.8664886515353803,0.004029008863819501,0.044,0.6931471805599453,0,0,1,0.999315537303217,0.0,0.0,1,0.044
POL-2020999,INS-10999,National Bank,FRB,Southwest,2020,On-Prem,Jack Henry,153783684,0.0,0,0.0,0.0,9.278709048694106,1.9023214994050879,0.85075,0.14925,12.75,Moderate,0.7797905781299385,0.0,1,0,-0.057306732354505674,0.02335008312629593,0.046952,0.0,0,0,0,0.999315537303217,0.0,0.0,250,11.738
POL-2021000,INS-11000,Regional Bank,SEC,Southwest,2024,Hybrid,Temenos,594982,0.0,0,0.0,0.0,6.227524323688738,-0.027460740091439062,0.5805,0.4195,34.25,Extreme,1.0986122886681098,0.0,1,0,-0.2581545177498845,0.009891196834817012,0.0256,0.0,0,1,0,0.999315537303217,0.0,0.0,5,0.128
POL-2021001,INS-11001,National Bank,FDIC,Southwest,2024,AWS,Jack Henry,490370945,0.0,0,0.0,0.0,10.457924237756693,2.6099122638335768,0.73325,0.26675000000000004,7.380952380952382,Low,1.3862943611198906,0.0,1,0,0.10851436243855173,0.007180152908536341,0.0395,0.0,0,0,0,0.999315537303217,0.0,0.0,250,9.875
POL-2021002,INS-11002,Insurance Carrier,FRB,Northeast,2021,GCP,Unknown,3908064,0.0,0,0.0,0.0,7.774519575705891,0.7257547985170397,0.8415,0.15849999999999997,12.745098039215687,Moderate,0.0,0.0,0,0,-0.17956871880396819,0.004204860819106888,0.027000000000000003,0.0,0,0,1,0.999315537303217,0.0,0.0,10,0.27
POL-2021003,INS-11003,Fintech-Lending,State,Midwest,2021,On-Prem,Unknown,297090,1.0,1,1805787.0,606690.0,4.799090878625398,-0.8399876663183421,0.7685000000000001,0.23149999999999993,10.344827586206897,Moderate,0.0,0.0,0,0,-0.5867783316210575,0.08305647840531562,0.0453,0.6931471805599453,0,0,1,0.999315537303217,6.078249015449864,0.3359698569100342,10,0.453
POL-2021004,INS-11004,Fintech-Payments,CFPB,Southwest,2020,Azure,Unknown,1001243,1.0,1,1096690.0,26131.0,5.750347943803522,-0.41919496072175977,0.81125,0.18874999999999997,9.6875,Moderate,2.2733310513131664,0.2,1,0,0.3377562281912942,0.04787743376954995,0.0068,0.0,0,0,1,0.999315537303217,1.095328506666214,0.023827152613774175,15,0.102
POL-2021005,INS-11005,Community Bank,NCUA,Northeast,2024,On-Prem,Jack Henry,319430,0.0,0,0.0,0.0,5.098035484377089,-0.4887582362877276,0.7140000000000001,0.2859999999999999,14.34782608695652,High,2.4693368307448047,0.25,1,0,-0.0968973840324115,0.09219422249539029,0.026333333333333334,0.0,0,0,0,0.999315537303217,0.0,0.0,15,0.395
POL-2021006,INS-11006,Asset Manager,State,Midwest,2021,On-Prem,Unknown,351258,1.0,1,315979.0,152824.0,6.76849321164863,0.07124994725372846,0.55975,0.44025000000000003,10.277777777777777,Moderate,0.0,0.0,2,0,-0.7997329773030707,0.0011507479861910242,0.041,0.0,0,0,1,0.999315537303217,0.8995638533499593,0.48365239462116155,1,0.041
POL-2021007,INS-11007,Community Bank,FRB,Northeast,2020,AWS,Fiserv,78729,0.0,0,0.0,0.0,4.6520537718869415,-0.6876368164587948,0.7740000000000001,0.22599999999999987,19.0625,High,0.0,0.0,1,0,-0.614184780322203,0.04816955684007707,0.0416,0.0,0,0,0,0.999315537303217,0.0,0.0,5,0.208
POL-2021008,INS-11008,Fintech-Lending,CFPB,Southeast,2023,AWS,Unknown,71132,1.0,1,13429.0,9122.0,4.56746831880408,-1.1635556308380106,0.6472500000000001,0.3527499999999999,9.25925925925926,Moderate,0.0,0.0,0,0,-0.12552408380029803,0.020986358866736624,0.014,0.0,0,0,1,0.999315537303217,0.18878985547995275,0.6792761933129794,2,0.028
POL-2021009,INS-11009,Community Bank,State,Southwest,2022,Hybrid,Temenos,100772,0.0,0,0.0,0.0,4.590056548178043,-0.6965168327465762,0.7632500000000001,0.2367499999999999,55.0,Extreme,0.0,0.0,1,0,-0.7877495333262085,0.05128205128205128,0.0494,0.6931471805599453,0,1,0,0.999315537303217,0.0,0.0,5,0.247
POL-2021010,INS-11010,Insurance Carrier,OCC,West,2022,Hybrid,Unknown,1493116,1.0,1,6920657.0,2649423.0,7.424881015296608,0.42585197408496817,0.6785000000000001,0.3214999999999999,6.875,Low,0.7797905781299385,0.0,0,0,0.01776893574366248,0.002982937596945472,0.0132,0.0,0,1,1,0.999315537303217,4.635043091092721,0.38282824882088506,5,0.066
POL-2021011,INS-11011,Hedge Fund,CFPB,Southwest,2021,Azure,Unknown,2668232,0.0,0,0.0,0.0,5.118592435601348,-0.8634090193625003,0.83575,0.16425,7.222222222222222,Low,0.0,0.0,1,0,0.4475441799730422,1.5051173991571343,0.024264,0.6931471805599453,0,0,1,0.999315537303217,0.0,0.0,250,6.066
POL-2021012,INS-11012,Fintech-Payments,CFPB,Southeast,2023,On-Prem,Unknown,1450866,0.0,0,0.0,0.0,6.375365477300306,0.02263367126263745,0.7845000000000001,0.2154999999999999,18.37837837837838,High,0.0,0.0,1,0,0.07221699068943982,0.025588536335721595,0.018733333333333334,0.0,0,0,1,0.999315537303217,0.0,0.0,15,0.281
POL-2021013,INS-11013,Regional Bank,FRB,West,2021,Azure,Temenos,1392380,0.0,0,0.0,0.0,6.70196036600254,0.24837999854171466,0.6717500000000001,0.32824999999999993,4.6875,Low,1.5907727793850743,0.0,1,0,0.301072135668662,0.012300123001230012,0.0054,0.0,0,0,0,0.999315537303217,0.0,0.0,10,0.054
POL-2021014,INS-11014,Custodian Bank,FRB,Midwest,2024,AWS,Finastra,40812172,0.0,0,0.0,0.0,9.599831912573032,2.0283063963581895,0.645,0.355,12.121212121212121,Moderate,0.0,0.0,1,0,0.026901569492962407,0.0016936177707925454,0.02472,0.6931471805599453,0,0,0,0.999315537303217,0.0,0.0,25,0.618
POL-2021015,INS-11015,Asset Manager,State,Midwest,2023,AWS,Unknown,2928225,0.0,0,0.0,0.0,7.173805051306804,0.48139985122897927,0.7232500000000001,0.27674999999999994,21.590909090909093,High,0.0,0.0,2,0,-0.2419012787491382,0.019174720049087286,0.0368,0.0,0,0,1,0.999315537303217,0.0,0.0,25,0.92
POL-2021016,INS-11016,National Bank,FRB,National,2024,On-Prem,In-House,283602632,0.0,0,0.0,0.0,10.046258008271394,2.291627682843156,0.643,0.357,119.99999999999999,Extreme,0.0,0.0,1,0,0.5270279360923122,0.010837382902077744,0.020692,0.0,0,0,0,0.999315537303217,0.0,0.0,250,5.173
POL-2021017,INS-11017,Credit Union,NCUA,Northeast,2020,AWS,In-House,154838,0.0,0,0.0,0.0,4.152613470346076,-1.266523166449772,0.781,0.21899999999999997,6.0,Low,0.0,0.0,1,0,-0.2757241536935085,0.3993610223642172,0.03832,0.0,0,0,0,0.999315537303217,0.0,0.0,25,0.958
POL-2021018,INS-11018,Asset Manager,OCC,Southwest,2024,Azure,Unknown,2331248,0.0,0,0.0,0.0,7.112082916038706,0.06151441036180468,0.8635,0.13649999999999995,8.5,Moderate,1.3458000536184347,0.0,2,0,-0.5389682933930404,0.012237904870686139,0.0462,0.6931471805599453,0,0,1,0.999315537303217,0.0,0.0,15,0.693
POL-2021019,INS-11019,National Bank,FRB,National,2021,On-Prem,In-House,221112313,0.0,0,0.0,0.0,9.675720830819664,2.0757974178307075,0.7527500000000001,0.24724999999999986,8.888888888888888,Moderate,0.0,0.0,1,0,0.48501636510877866,0.015698389973124355,0.02258,0.0,0,0,0,0.999315537303217,0.0,0.0,250,5.645
POL-2021020,INS-11020,Community Bank,State,National,2022,AWS,Fiserv,61606,1.0,1,1275212.0,545431.0,4.183575695950044,-0.9016706350954055,0.616,0.384,8.0,Low,0.0,0.0,1,0,-0.7343449939403607,0.07739938080495357,0.047,0.0,0,0,0,0.999315537303217,20.699477323637307,0.4277179010235161,5,0.235
POL-2021021,INS-11021,Regional Bank,CFPB,Midwest,2021,Hybrid,Fiserv,1846222,0.0,0,0.0,0.0,6.402083020456941,0.3163756953531989,0.5515000000000001,0.4484999999999999,14.545454545454545,High,0.0,0.0,1,0,-0.321118012171479,0.04152134196977246,0.04035999999999999,0.0,0,1,0,0.999315537303217,0.0,0.0,25,1.009
POL-2021022,INS-11022,Custodian Bank,FDIC,Southwest,2021,On-Prem,Fiserv,20735266,0.0,0,0.0,0.0,9.08660088181413,1.750947359894705,0.5385000000000001,0.4614999999999999,14.09090909090909,High,0.0,0.0,1,0,0.40607379913248165,0.002829622754694344,0.00768,0.0,0,0,0,0.999315537303217,0.0,0.0,25,0.192
POL-2021023,INS-11023,Credit Union,NCUA,National,2024,Azure,Other,45687,0.0,0,0.0,0.0,4.497584975308154,-1.2514807754265997,0.567,0.43300000000000005,4.827586206896552,Low,0.7797905781299385,0.0,1,0,-0.4481765092564619,0.022522522522522525,0.0285,0.0,0,0,0,0.999315537303217,0.0,0.0,2,0.057
POL-2021024,INS-11024,Fintech-Payments,State,Northeast,2022,AWS,Unknown,4442090,1.0,1,64470.0,27408.0,6.353674146545189,0.19837863194723335,0.84525,0.15475000000000005,8.285714285714286,Moderate,0.0,0.0,1,0,0.05095645900011858,0.17433751743375173,0.03468,0.0,0,0,1,0.999315537303217,0.014513438494042219,0.4251279664960447,100,3.468
POL-2021025,INS-11025,Fintech-Payments,State,West,2021,On-Prem,Unknown,1346643,0.0,0,0.0,0.0,6.1864143640514095,-0.02308421877142817,0.64025,0.35975,10.909090909090908,Moderate,0.0,0.0,1,0,0.03513050500482334,0.030921459492888062,0.020399999999999998,0.0,0,0,1,0.999315537303217,0.0,0.0,15,0.306
POL-2021026,INS-11026,Custodian Bank,OCC,Midwest,2022,Hybrid,Fiserv,8710014,0.0,0,0.0,0.0,8.514409320039622,1.3801471568959665,0.7442500000000001,0.2557499999999999,8.88888888888889,Moderate,1.559581156259877,0.0,1,0,-0.6057239676253502,0.0030089667208280674,0.0492,1.3862943611198906,1,1,0,0.999315537303217,0.0,0.0,15,0.738
POL-2021027,INS-11027,Fintech-Payments,State,Southeast,2023,AWS,Unknown,198101,0.0,0,0.0,0.0,5.750347943803522,-0.38813056045813443,0.9515000000000001,0.04849999999999988,11.276595744680852,Moderate,1.559581156259877,0.0,1,0,-0.44370271473075207,0.0031918289179699967,0.025,0.6931471805599453,0,0,1,0.999315537303217,0.0,0.0,1,0.025
POL-2021028,INS-11028,Regional Bank,FRB,Midwest,2023,AWS,Fiserv,650465,0.0,0,0.0,0.0,7.0554853910064725,0.6372938608741473,0.6112500000000001,0.38874999999999993,24.333333333333332,Extreme,0.0,0.0,1,0,-0.1811538123272228,0.0017268174753928508,0.0165,0.0,0,0,0,0.999315537303217,0.0,0.0,2,0.033
POL-2021029,INS-11029,Credit Union,NCUA,Northeast,2021,AWS,Temenos,38666,0.0,0,0.0,0.0,3.5553480614894135,-1.6709080000178762,0.7244999999999999,0.2755000000000001,5.135135135135135,Low,0.6931471805599453,0.0,1,0,-0.34645790438474244,0.29411764705882354,0.034499999999999996,0.0,0,0,0,0.999315537303217,0.0,0.0,10,0.345
POL-2021030,INS-11030,Community Bank,NCUA,Southeast,2023,GCP,Fiserv,267223,1.0,1,36380.0,6555.0,4.939497266262916,-0.44944404400270893,0.8745000000000002,0.12549999999999983,22.439024390243905,Extreme,0.0,0.0,1,0,-0.1547523017004132,0.10814708002883923,0.028933333333333332,0.0,0,0,0,0.999315537303217,0.13614097588905147,0.1801814183617372,15,0.434
POL-2021031,INS-11031,Hedge Fund,CFPB,West,2024,Hybrid,Unknown,5322233,0.0,0,0.0,0.0,5.89330029832075,-0.4605854454215923,0.8515,0.14849999999999997,12.63157894736842,Moderate,1.5855741755308748,0.0,1,0,0.5045980295502561,0.6913716814159292,0.0217,0.0,0,1,1,0.999315537303217,0.0,0.0,250,5.425
POL-2021032,INS-11032,Insurance Carrier,OCC,West,2020,Hybrid,Unknown,1334903,0.0,0,0.0,0.0,8.130353547431238,0.8454135528573148,0.7355,0.26449999999999996,10.32258064516129,Moderate,0.6931471805599453,0.0,0,0,-0.44370271473075207,0.0002945508100147275,0.025,0.0,0,1,1,0.999315537303217,0.0,0.0,1,0.025
POL-2021033,INS-11033,National Bank,FDIC,National,2021,GCP,Fiserv,101458491,0.0,0,0.0,0.0,10.245448271274762,2.3367893570188762,0.71975,0.28025,14.444444444444443,High,0.0,0.0,1,0,0.059834368780901925,0.0008880016765471653,0.023239999999999997,0.0,0,0,0,0.999315537303217,0.0,0.0,25,0.581
POL-2021034,INS-11034,Regional Bank,NCUA,Southwest,2024,On-Prem,Finastra,788868,0.0,0,0.0,0.0,6.190110466821792,0.12000589471859495,0.5072500000000001,0.4927499999999999,7.826086956521738,Low,1.1901633127237856,0.0,1,0,-0.49777076597797787,0.020538098172109262,0.041299999999999996,0.0,0,0,0,0.999315537303217,0.0,0.0,10,0.413
POL-2021035,INS-11035,Community Bank,SEC,Southeast,2022,Azure,Other,435527,0.0,0,0.0,0.0,5.752890048763229,-0.02168734172896879,0.61675,0.38325,2.5,Low,0.0,0.0,1,0,-0.6045798447496735,0.031836994587710915,0.0461,0.0,0,0,0,0.999315537303217,0.0,0.0,10,0.461
POL-2021036,INS-11036,Fintech-Lending,CFPB,West,2023,AWS,Unknown,175968,0.0,0,0.0,0.0,4.702296896718814,-1.0654209058549415,0.7727499999999999,0.22725000000000006,31.538461538461537,Extreme,0.0,0.0,0,0,-0.7343449939403607,0.045787545787545784,0.047,0.6931471805599453,0,0,1,0.999315537303217,0.0,0.0,5,0.235
POL-2021037,INS-11037,Hedge Fund,FRB,West,2022,GCP,Unknown,292136,0.0,0,0.0,0.0,6.219595639933231,-0.23781107378761288,0.7440000000000001,0.2559999999999999,16.0,High,1.21991739554188,0.0,0,0,-0.9332443257676902,0.0019940179461615153,0.047,0.6931471805599453,0,0,1,0.999315537303217,0.0,0.0,1,0.047
POL-2021038,INS-11038,Fintech-Payments,State,Midwest,2024,On-Prem,Unknown,206578,0.0,0,0.0,0.0,5.86220971125072,-0.5198345407234416,0.70625,0.29374999999999996,12.0,Moderate,0.0,0.0,1,0,-0.465954606141522,0.0028530670470756064,0.026,0.0,0,0,1,0.999315537303217,0.0,0.0,1,0.026
POL-2021039,INS-11039,Regional Bank,OCC,Northeast,2022,AWS,Jack Henry,2930687,0.0,0,0.0,0.0,7.036851852316547,0.646080850775222,0.79225,0.20775,6.25,Low,0.0,0.0,1,0,0.4479073549847291,0.02199155524278677,0.0058,1.0986122886681098,1,0,0,0.999315537303217,0.0,0.0,25,0.145
POL-2021040,INS-11040,Hedge Fund,SEC,West,2022,Azure,Unknown,393506,0.0,0,0.0,0.0,6.652475857637857,-0.032190806714359727,0.8602500000000001,0.13974999999999993,7.209302325581396,Low,0.6931471805599453,0.0,1,0,-0.7329773030707609,0.0012924906294429364,0.038,0.6931471805599453,0,0,1,0.999315537303217,0.0,0.0,1,0.038
POL-2021041,INS-11041,Broker-Dealer,FINRA,Midwest,2020,Azure,Unknown,797475,1.0,1,523172.0,270161.0,6.339123973119759,-0.14333700880332587,0.70425,0.29574999999999996,8.333333333333334,Moderate,1.2020649458510235,0.0,1,0,-0.5296275929612775,0.008844861135680171,0.0378,0.0,0,0,1,0.999315537303217,0.6560356124016427,0.5163904031561322,5,0.189
POL-2021042,INS-11042,Asset Manager,FRB,West,2022,On-Prem,Unknown,625817,0.0,0,0.0,0.0,6.993841227895266,-0.03940841265163234,0.7415000000000002,0.25849999999999984,77.39130434782608,Extreme,1.7328679513998633,0.5,2,0,-0.17002786662183786,0.001836715951878042,0.016,0.0,0,0,1,0.999315537303217,0.0,0.0,2,0.032
POL-2021043,INS-11043,Regional Bank,State,Northeast,2024,Hybrid,Finastra,377169,0.0,0,0.0,0.0,5.877735781779639,-0.024289501724895534,0.813,0.18700000000000006,2.653061224489796,Low,0.6931471805599453,0.0,1,0,-0.4940245667040455,0.014044943820224719,0.036199999999999996,0.6931471805599453,0,1,0,0.999315537303217,0.0,0.0,5,0.181
POL-2021044,INS-11044,Regional Bank,CFPB,Midwest,2020,AWS,Temenos,291306,0.0,0,0.0,0.0,5.75984769858915,-0.16430828675392412,0.82625,0.17374999999999996,15.588235294117647,High,0.0,0.0,1,0,-0.1602461955424969,0.015807777426493835,0.0212,0.6931471805599453,0,0,0,0.999315537303217,0.0,0.0,5,0.106
POL-2021045,INS-11045,Broker-Dealer,FINRA,Northeast,2023,GCP,Unknown,6413803,0.0,0,0.0,0.0,6.108135853911675,-0.1751313035967248,0.49624999999999997,0.50375,35.0,Extreme,0.0,0.0,0,0,0.40722375273672706,0.5574136008918618,0.026076000000000002,0.6931471805599453,0,0,1,0.999315537303217,0.0,0.0,250,6.519
POL-2021046,INS-11046,Community Bank,State,Southeast,2020,AWS,Fiserv,1039215,0.0,0,0.0,0.0,4.423648309364701,-0.8987432199272813,0.6627500000000001,0.33724999999999994,6.0,Low,2.4545939962010572,0.2,1,0,0.5860703159768581,6.067961165048543,0.023662,0.0,0,0,0,0.999315537303217,0.0,0.0,500,11.831
POL-2021047,INS-11047,National Bank,OCC,Northeast,2024,GCP,FIS,183541585,1.0,1,3436542.0,1653977.0,10.022869309556208,2.262218106543519,0.90775,0.09225000000000005,3.333333333333334,Low,1.0986122886681098,0.0,1,0,0.677124683299184,0.004437541601952518,0.006540000000000001,1.0986122886681098,1,0,0,0.999315537303217,0.0187235061743637,0.4812910769023047,100,0.654
POL-2021048,INS-11048,Broker-Dealer,SEC,Northeast,2023,Azure,Unknown,247937,0.0,0,0.0,0.0,6.025382765311443,-0.37067582008106226,0.8217500000000001,0.1782499999999999,3.8709677419354835,Low,1.5803755716766754,0.0,1,0,-0.7151992061857008,0.0048449612403100775,0.0405,0.0,0,0,1,0.999315537303217,0.0,0.0,2,0.081
POL-2021049,INS-11049,Hedge Fund,FINRA,National,2023,On-Prem,Unknown,1179232,0.0,0,0.0,0.0,6.155282632337377,-0.2646614206983335,0.7474999999999999,0.25250000000000006,8.936170212765958,Moderate,0.0,0.0,1,0,-0.4321592146213449,0.031901318587834966,0.0414,0.6931471805599453,0,0,1,0.999315537303217,0.0,0.0,15,0.621
POL-2021050,INS-11050,Insurance Carrier,FDIC,Midwest,2021,Hybrid,Unknown,10159931,1.0,1,1415392.0,752009.0,8.116357351691736,1.0903740793519907,0.8935000000000001,0.10649999999999993,18.5,High,0.8031842954738366,0.0,0,0,-0.2739440023806468,0.0074675906565505705,0.038239999999999996,0.0,0,1,1,0.999315537303217,0.13931118232988,0.5313079344803419,25,0.956
POL-2021051,INS-11051,Broker-Dealer,FINRA,Northeast,2021,Azure,Unknown,310903,1.0,1,724519.0,405303.0,6.566953684199695,-0.1441147322380902,0.83875,0.16125,7.1875,Low,0.0,0.0,1,0,-0.5549621717846016,0.00140805406927626,0.03,0.0,0,0,1,0.999315537303217,2.330369922451697,0.5594097601305141,1,0.03
POL-2021052,INS-11052,Asset Manager,CFPB,Midwest,2022,On-Prem,Unknown,1154197,0.0,0,0.0,0.0,6.749462699987544,0.13117964236138346,0.7235,0.27649999999999997,2.2222222222222223,Low,1.0986122886681098,0.0,2,0,-0.14174050340565936,0.01172882946281961,0.0253,0.0,0,0,1,0.999315537303217,0.0,0.0,10,0.253
POL-2021053,INS-11053,Regional Bank,FRB,West,2021,Azure,Finastra,1088786,0.0,0,0.0,0.0,7.124719779219631,0.7499222504434216,0.65375,0.34624999999999995,16.5,High,0.0,0.0,1,0,-0.6764900762723589,0.0040280351244662855,0.0444,0.0,0,0,0,0.999315537303217,0.0,0.0,5,0.222
POL-2021054,INS-11054,Community Bank,FDIC,Southeast,2021,AWS,Temenos,375539,0.0,0,0.0,0.0,4.341204640153626,-0.8917135568502577,0.8622500000000001,0.13774999999999993,4.666666666666667,Low,0.6931471805599453,0.0,1,0,0.16599873759379902,1.3192612137203166,0.02951,0.0,0,0,0,0.999315537303217,0.0,0.0,100,2.951
POL-2021055,INS-11055,Credit Union,NCUA,West,2021,GCP,Temenos,70476,0.0,0,0.0,0.0,3.893859034800475,-1.3539248615399924,0.5377500000000001,0.46224999999999994,25.217391304347824,Extreme,0.0,0.0,1,0,-0.3575838500901274,0.20790020790020788,0.034999999999999996,0.0,0,0,0,0.999315537303217,0.0,0.0,10,0.35
POL-2021056,INS-11056,Regional Bank,State,West,2023,AWS,Jack Henry,936072,0.0,0,0.0,0.0,6.74770389083391,0.35276802627480114,0.9055000000000001,0.09449999999999992,14.651162790697676,High,0.0,0.0,1,0,-0.2982079222892703,0.0058747503231112675,0.0274,0.6931471805599453,0,0,0,0.999315537303217,0.0,0.0,5,0.137
POL-2021057,INS-11057,Regional Bank,FINRA,Southwest,2023,Hybrid,Fiserv,322684,0.0,0,0.0,0.0,6.394760637931307,0.19627301762334204,0.73725,0.26275000000000004,12.85714285714286,Moderate,0.6931471805599453,0.0,1,0,-0.615065694837236,0.0033461602810774633,0.036,0.0,0,1,0,0.999315537303217,0.0,0.0,2,0.072
POL-2021058,INS-11058,Asset Manager,FDIC,Northeast,2020,AWS,Unknown,674089,0.0,0,0.0,0.0,6.0127366823835215,-0.10916771088090071,0.7775,0.22250000000000003,27.5,Extreme,1.5647797601140765,0.0,2,0,-0.5716044007955029,0.03680078508341511,0.04766666666666666,0.0,0,0,1,0.999315537303217,0.0,0.0,15,0.715
POL-2021059,INS-11059,Asset Manager,State,Northeast,2022,Azure,Unknown,3764780,0.0,0,0.0,0.0,7.611248751596227,0.6835998620077149,0.7730000000000001,0.22699999999999987,2.7083333333333335,Low,0.0,0.0,2,0,-0.2051899222314918,0.0074264778690959505,0.031200000000000002,0.0,0,0,1,0.999315537303217,0.0,0.0,15,0.468
POL-2021060,INS-11060,Community Bank,SEC,National,2021,GCP,Finastra,30311,1.0,1,611048.0,29720.0,4.247065649239764,-1.0968081699668353,0.8255,0.1745,17.352941176470587,High,0.0,0.0,1,0,-0.35916894361338214,0.029027576197387515,0.0245,0.0,0,0,0,0.999315537303217,20.159282108805385,0.048637750225841506,2,0.049
POL-2021061,INS-11061,Asset Manager,FINRA,National,2024,AWS,Unknown,852346,0.0,0,0.0,0.0,6.597554895099754,0.09645600338383586,0.6807500000000001,0.3192499999999999,12.5,Moderate,2.176015256763321,0.3333333333333333,2,0,0.17353217561905188,0.00682780281305476,0.0062,0.0,0,0,1,0.999315537303217,0.0,0.0,5,0.031
POL-2021062,INS-11062,Asset Manager,OCC,Midwest,2020,AWS,Unknown,769425,0.0,0,0.0,0.0,6.6006864927301665,-0.014235728171093004,0.677,0.32299999999999995,13.225806451612902,Moderate,0.0,0.0,2,0,0.09787574482243415,0.006806425265450585,0.009600000000000001,0.0,0,0,1,0.999315537303217,0.0,0.0,5,0.048
POL-2021063,INS-11063,Regional Bank,OCC,Southwest,2022,AWS,FIS,1135334,0.0,0,0.0,0.0,7.9981337627231435,1.2225678809425764,0.8345,0.16549999999999998,17.5,High,2.014122529224868,0.3333333333333333,1,0,-0.44370271473075207,0.00033620225927918234,0.025,0.0,0,0,0,0.999315537303217,0.0,0.0,1,0.025
POL-2021064,INS-11064,Custodian Bank,OCC,Northeast,2021,GCP,FIS,3061645,0.0,0,0.0,0.0,8.433398453672972,1.3453185568820485,0.9010000000000001,0.09899999999999987,10.19607843137255,Moderate,0.0,0.0,1,0,-0.6706954233641609,0.0004350568836875421,0.0385,0.0,0,0,0,0.999315537303217,0.0,0.0,2,0.077
POL-2021065,INS-11065,Asset Manager,SEC,Northeast,2022,GCP,Unknown,943436,0.0,0,0.0,0.0,6.063087290780949,-0.24442906800628006,0.8537500000000001,0.14624999999999988,47.25,Extreme,0.6931471805599453,0.0,2,0,0.10485309809190241,0.03498950314905529,0.017266666666666666,1.0986122886681098,1,0,1,0.999315537303217,0.0,0.0,15,0.259
POL-2021066,INS-11066,Asset Manager,OCC,Southwest,2024,Azure,Unknown,689911,0.0,0,0.0,0.0,6.454569434662561,0.13930611371826432,0.7125,0.2875,31.0,Extreme,2.9186466468949446,0.6666666666666666,2,0,-0.8011006681726704,0.00787897888433659,0.05,0.0,0,0,1,0.999315537303217,0.0,0.0,5,0.25
POL-2021067,INS-11067,Asset Manager,State,National,2021,AWS,Unknown,707809,0.0,0,0.0,0.0,5.90889782345102,-0.2890288657978935,0.7605000000000002,0.23949999999999982,0.8888888888888888,Low,1.6983593570960842,0.0,2,0,0.044031261569131286,0.04083855159270351,0.02,0.0,0,0,1,0.999315537303217,0.0,0.0,15,0.3
POL-2021068,INS-11068,Broker-Dealer,FINRA,West,2022,Azure,Unknown,1910325,0.0,0,0.0,0.0,6.800281420676904,0.21902182303648365,0.68275,0.31725000000000003,6.470588235294118,Low,1.313757195198948,0.0,0,0,0.005121979905422125,0.011147029316687103,0.0187,0.0,0,0,1,0.999315537303217,0.0,0.0,10,0.187
POL-2021069,INS-11069,Fintech-Lending,CFPB,Midwest,2023,Azure,Unknown,4142427,0.0,0,0.0,0.0,6.285439279182783,-0.1758784613206222,0.83825,0.16174999999999995,40.0,Extreme,0.0,0.0,0,0,0.19982161253816932,0.1866716445771887,0.02799,0.0,0,0,1,0.999315537303217,0.0,0.0,100,2.799
POL-2021070,INS-11070,Community Bank,CFPB,Midwest,2024,AWS,FIS,79288,0.0,0,0.0,0.0,3.5322256440685598,-1.5868380972633893,0.6577500000000001,0.34224999999999994,19.705882352941178,High,0.0,0.0,1,0,0.27345252632429295,0.753012048192771,0.013640000000000001,0.6931471805599453,0,0,0,0.999315537303217,0.0,0.0,25,0.341
POL-2021071,INS-11071,Asset Manager,FRB,Midwest,2021,AWS,Unknown,2022524,1.0,1,468263.0,59835.0,7.330405211844402,0.6027413734235786,0.7472500000000001,0.2527499999999999,31.25,Extreme,0.0,0.0,2,0,-0.5511753053638258,0.006557377049180328,0.0437,0.6931471805599453,0,0,1,0.999315537303217,0.2315240758576907,0.12778075568644118,10,0.437
POL-2021072,INS-11072,Regional Bank,SEC,Northeast,2022,GCP,Temenos,325739,0.0,0,0.0,0.0,6.8839747503167334,0.5191000495162025,0.72475,0.27525,22.105263157894736,Extreme,0.0,0.0,1,0,-0.465954606141522,0.0010251153254741158,0.026,0.0,0,0,0,0.999315537303217,0.0,0.0,1,0.026
POL-2021073,INS-11073,Community Bank,FRB,Northeast,2022,GCP,In-House,207271,1.0,1,62985.0,5652.0,4.055257173514054,-1.1609862419984232,0.6665000000000001,0.3334999999999999,17.56756756756757,High,1.1901633127237856,0.0,1,0,0.5543069711457259,0.8818342151675485,0.006500000000000001,0.0,0,0,0,0.999315537303217,0.30387753231276926,0.08973565134555847,50,0.325
POL-2021074,INS-11074,Investment Bank,FRB,National,2020,On-Prem,In-House,2130574,1.0,1,130824.0,110419.0,8.2909949793728,1.3810864089607933,0.5542499999999999,0.4457500000000001,25.789473684210524,Extreme,1.47784755121885,0.0,1,0,-0.5772140631953715,0.00025082773151399615,0.031,0.6931471805599453,0,0,0,0.999315537303217,0.0614031711642027,0.8440270898306121,1,0.031
POL-2021075,INS-11075,Regional Bank,FDIC,Southwest,2022,GCP,In-House,1303097,0.0,0,0.0,0.0,7.20934025660291,0.5371606223150619,0.83275,0.16725,6.153846153846154,Low,0.7797905781299385,0.0,1,0,-0.4495207838825057,0.003700962250185048,0.0342,1.0986122886681098,1,0,0,0.999315537303217,0.0,0.0,5,0.171
POL-2021076,INS-11076,Fintech-Payments,CFPB,Midwest,2022,AWS,Unknown,1023379,0.0,0,0.0,0.0,6.158672466091889,-0.11304406424984721,0.65175,0.34824999999999995,20.0,High,0.0,0.0,1,0,-0.38206093064197433,0.0211954217888936,0.0361,0.0,0,0,1,0.999315537303217,0.0,0.0,10,0.361
POL-2021077,INS-11077,Asset Manager,State,West,2021,On-Prem,Unknown,4434105,0.0,0,0.0,0.0,6.967438281143311,0.43556270268333225,0.7260000000000001,0.2739999999999999,16.538461538461537,High,0.0,0.0,2,0,0.5115833396370477,0.04714757190004715,0.00842,0.6931471805599453,0,0,1,0.999315537303217,0.0,0.0,50,0.421
POL-2021078,INS-11078,Insurance Carrier,State,Southwest,2022,On-Prem,Unknown,3393629,1.0,1,1035714.0,443219.0,8.235731730777513,0.9174457122057221,0.8140000000000002,0.18599999999999983,4.5,Low,1.1961141292874042,0.0,0,0,-0.4450704056003518,0.0013254161806807337,0.034,0.6931471805599453,0,0,1,0.999315537303217,0.3051936437365428,0.4279357042581253,5,0.17
POL-2021079,INS-11079,Credit Union,NCUA,Midwest,2023,Azure,Other,32858,0.0,0,0.0,0.0,4.138361447638875,-1.4773524574672825,0.8697499999999999,0.1302500000000001,17.22222222222222,High,0.0,0.0,1,0,-0.09214624668414317,0.03241491085899514,0.0125,0.0,0,0,0,0.999315537303217,0.0,0.0,2,0.025
POL-2021080,INS-11080,Broker-Dealer,FINRA,National,2024,AWS,Unknown,8220206,0.0,0,0.0,0.0,7.893833233429531,0.8013731742786606,0.61825,0.38175000000000003,19.333333333333332,High,2.1343595408179885,0.3333333333333333,1,0,-0.4537392849796678,0.009329402545061014,0.04632,0.0,0,0,1,0.999315537303217,0.0,0.0,25,1.158
POL-2021081,INS-11081,Asset Manager,FDIC,Northeast,2020,GCP,Unknown,899197,0.0,0,0.0,0.0,6.72898740038748,0.12086473007701859,0.6395,0.36050000000000004,4.482758620689656,Low,0.0,0.0,2,0,-0.20029960008188266,0.005985873338920149,0.023,0.6931471805599453,0,0,1,0.999315537303217,0.0,0.0,5,0.115
POL-2021082,INS-11082,Fintech-Lending,SEC,National,2020,AWS,Unknown,720622,0.0,0,0.0,0.0,5.662265794453267,-0.4655050860319661,0.6385,0.36150000000000004,30.0,Extreme,0.0,0.0,0,0,0.14638996205867288,0.05230125523012552,0.0154,0.6931471805599453,0,0,1,0.999315537303217,0.0,0.0,15,0.231
POL-2021083,INS-11083,Hedge Fund,FRB,Midwest,2023,AWS,Unknown,1000468,1.0,1,49690.0,25502.0,5.144583266605995,-0.7476612228953076,0.5787500000000001,0.4212499999999999,47.826086956521735,Extreme,1.2080157624146421,0.0,1,0,0.43459179535578385,0.2932551319648094,0.01188,0.6931471805599453,0,0,1,0.999315537303217,0.04966675595821156,0.5132219762527671,50,0.594
POL-2021084,INS-11084,Community Bank,FDIC,West,2020,Azure,FIS,59830,0.0,0,0.0,0.0,3.708682081410116,-1.3404727098458633,0.7812500000000001,0.2187499999999999,24.166666666666668,Extreme,1.7051420641774653,0.5,1,0,-0.38206093064197433,0.2512562814070352,0.0361,0.6931471805599453,0,0,0,0.999315537303217,0.0,0.0,10,0.361
POL-2021085,INS-11085,Fintech-Lending,CFPB,Southwest,2023,On-Prem,Unknown,3076694,1.0,1,5291285.0,3476175.0,5.769258056615112,-0.30078183708254946,0.41475000000000006,0.5852499999999999,31.11111111111111,Extreme,1.6566217615382692,0.5,0,0,0.6424117326983829,0.31318509238960224,0.008100000000000001,0.6931471805599453,0,0,1,0.999315537303217,1.719795663787169,0.6569623446856482,100,0.81
POL-2021086,INS-11086,Fintech-Lending,CFPB,National,2024,Hybrid,Unknown,448117,0.0,0,0.0,0.0,5.310739886546594,-0.6825576512089581,0.9137500000000002,0.08624999999999983,8.536585365853659,Moderate,0.0,0.0,0,0,-0.20404579935581524,0.04962779156327544,0.028100000000000003,0.0,0,1,1,0.999315537303217,0.0,0.0,10,0.281
POL-2021087,INS-11087,Regional Bank,FINRA,Southwest,2021,GCP,Temenos,113661,0.0,0,0.0,0.0,5.281679725395013,-0.354470583712225,0.8475,0.15249999999999997,10.24390243902439,Moderate,0.0,0.0,1,0,-0.11439813809491306,0.010219724067450179,0.0135,0.0,0,0,0,0.999315537303217,0.0,0.0,2,0.027
POL-2021088,INS-11088,Hedge Fund,FDIC,Southwest,2022,Azure,Unknown,336818,0.0,0,0.0,0.0,5.43851399704132,-0.67775479900912,0.79625,0.20375,17.714285714285715,High,0.6931471805599453,0.0,1,0,-0.5429787278077395,0.02182453077258839,0.038400000000000004,0.0,0,0,1,0.999315537303217,0.0,0.0,5,0.192
POL-2021089,INS-11089,Hedge Fund,NCUA,Midwest,2020,Azure,Unknown,138030,1.0,1,432173.0,228253.0,5.547128664610824,-0.6025601056904367,0.6572500000000001,0.3427499999999999,14.545454545454545,High,0.0,0.0,1,0,-0.6217178460169114,0.003913894324853229,0.033,0.0,0,0,1,0.999315537303217,3.1310077519379846,0.5281519206428907,1,0.033
POL-2021090,INS-11090,Community Bank,FINRA,Midwest,2021,Hybrid,In-House,1022803,2.0,1,153927.0,4834.0,5.543222409643759,-0.4165940056683641,0.775,0.22499999999999998,23.783783783783782,Extreme,2.1903450905694273,0.25,1,0,0.19694159508876125,0.19646365422396855,0.022559999999999997,0.0,0,1,0,0.999315537303217,0.1504952566623289,0.03140449693685968,50,1.128
POL-2021091,INS-11091,Broker-Dealer,FINRA,Southeast,2022,GCP,Unknown,2036179,1.0,1,1798729.0,175419.0,6.916615907414333,0.18169728077696867,0.552,0.44799999999999995,11.11111111111111,Moderate,1.313757195198948,0.0,1,0,0.018473114751884123,0.009921619208254788,0.018099999999999998,0.0,0,0,1,0.999315537303217,0.8833845158014104,0.09752386268303896,10,0.181
POL-2021092,INS-11092,Credit Union,NCUA,Southwest,2020,Azure,Finastra,14013,0.0,0,0.0,0.0,2.975529566236472,-1.8656378464033512,0.6565000000000001,0.3434999999999999,6.153846153846154,Low,0.0,0.0,1,0,-0.3338109485465022,0.26881720430107525,0.028999999999999998,0.0,0,0,0,0.999315537303217,0.0,0.0,5,0.145
POL-2021093,INS-11093,Fintech-Payments,SEC,West,2024,GCP,Unknown,1396327,0.0,0,0.0,0.0,6.113682179832232,-0.17981559236422395,0.6320000000000001,0.3679999999999999,6.341463414634147,Low,0.0,0.0,1,0,0.09298542267282511,0.03325942350332594,0.0178,0.6931471805599453,0,0,1,0.999315537303217,0.0,0.0,15,0.267
POL-2021094,INS-11094,Regional Bank,FDIC,Northeast,2020,On-Prem,Temenos,533474,1.0,1,1313003.0,562037.0,6.961959332995649,0.4956969909925149,0.7225,0.27749999999999997,52.63157894736842,Extreme,1.725936479594264,0.5,1,0,-0.23678354085414757,0.001896273821939888,0.019,0.6931471805599453,0,0,0,0.999315537303217,2.4612314751984163,0.4280546198295053,2,0.038
POL-2021095,INS-11095,Fintech-Payments,CFPB,Southwest,2021,AWS,Unknown,1167982,0.0,0,0.0,0.0,6.049261645834199,-0.39563291544012785,0.7939999999999999,0.20600000000000007,5.862068965517242,Low,0.0,0.0,1,0,-0.13843424799918203,0.035477767265846734,0.0282,0.0,0,0,1,0.999315537303217,0.0,0.0,15,0.423
POL-2021096,INS-11096,Regional Bank,OCC,Southeast,2020,AWS,Jack Henry,537161,0.0,0,0.0,0.0,6.191748804276109,0.317822191332968,0.7420000000000001,0.2579999999999999,8.8,Moderate,0.7797905781299385,0.0,1,0,-0.596383267193587,0.010252204223908141,0.040799999999999996,0.0,0,0,0,0.999315537303217,0.0,0.0,5,0.204
POL-2021097,INS-11097,Custodian Bank,FRB,Southwest,2024,GCP,In-House,2920207,1.0,1,35634.0,0.0,8.461807323335503,1.4296489639346772,0.7255,0.27449999999999997,4.615384615384616,Low,0.8187801070364353,0.0,1,0,-0.637317586248006,0.0004228687415426251,0.037,0.6931471805599453,0,0,0,0.999315537303217,0.012202559613068526,0.0,2,0.074
POL-2021098,INS-11098,Investment Bank,FDIC,Northeast,2024,AWS,Fiserv,8817823,0.0,0,0.0,0.0,8.225636957415857,1.337821352928229,0.7575000000000001,0.24249999999999994,12.439024390243903,Moderate,0.0,0.0,0,0,0.09857992383065581,0.0026777346364975233,0.014499999999999999,0.6931471805599453,0,0,0,0.999315537303217,0.0,0.0,10,0.145
POL-2021099,INS-11099,National Bank,OCC,National,2023,Hybrid,In-House,429837852,0.0,0,0.0,0.0,10.999493113305947,2.831130468362867,0.66875,0.33125000000000004,15.517241379310345,High,2.014122529224868,0.3333333333333333,1,0,-0.2899425174128766,0.0016710448040532862,0.05,1.0986122886681098,1,1,0,0.999315537303217,0.0,0.0,100,5.0
POL-2021100,INS-10000,Hedge Fund,FRB,Southwest,2023,On-Prem,Unknown,215700,0.0,0,0.0,0.0,5.0447146077491185,-1.019487182898218,0.687,0.31299999999999994,8.717948717948719,Moderate,0.0,0.0,0,0,-0.7788487767619006,0.0324254215304799,0.049,0.0,0,0,1,0.999315537303217,0.0,0.0,5,0.245
POL-2021101,INS-10001,Hedge Fund,NCUA,West,2021,Hybrid,Unknown,230504,0.0,0,0.0,0.0,5.577463107977531,-0.43077759000162574,0.8897500000000002,0.11024999999999985,5.5,Low,2.3468808288458813,0.25,1,0,-0.17002786662183786,0.007593014426727412,0.016,0.0,0,1,1,0.999315537303217,0.0,0.0,2,0.032
POL-2021102,INS-10002,Credit Union,NCUA,Southeast,2022,AWS,Jack Henry,66148,0.0,0,0.0,0.0,4.395682961121367,-1.2233654934333469,0.8017500000000001,0.19824999999999993,8.421052631578947,Moderate,0.0,0.0,1,0,-0.04453636020649329,0.06242197253433209,0.016,0.0,0,0,0,0.999315537303217,0.0,0.0,5,0.08
POL-2021103,INS-10003,Asset Manager,OCC,Northeast,2024,Hybrid,Unknown,720777,0.0,0,0.0,0.0,6.46412090475647,0.04558944415386293,0.69275,0.30725,12.85714285714286,Moderate,0.0,0.0,2,0,-0.41836813590742794,0.007803964413922272,0.0328,0.0,0,1,1,0.999315537303217,0.0,0.0,5,0.164
POL-2021104,INS-10004,Community Bank,FINRA,Midwest,2020,AWS,Other,44375,0.0,0,0.0,0.0,4.041295341132285,-1.0595853185763042,0.8442500000000001,0.15574999999999994,12.727272727272728,Moderate,0.0,0.0,1,0,-0.7298946156582067,0.08944543828264759,0.0468,0.6931471805599453,0,0,0,0.999315537303217,0.0,0.0,5,0.234
POL-2021105,INS-10005,Insurance Carrier,OCC,Midwest,2020,AWS,Unknown,1232729,0.0,0,0.0,0.0,8.10022214312187,0.6364292608189733,0.729,0.271,7.272727272727273,Low,0.7875884839112379,0.0,0,0,-0.44370271473075207,0.0003035638394754417,0.025,0.0,0,0,1,0.999315537303217,0.0,0.0,1,0.025
POL-2021106,INS-10006,Broker-Dealer,FINRA,Northeast,2020,AWS,Unknown,18815673,0.0,0,0.0,0.0,7.882918510367237,0.6206487665665498,0.888,0.11199999999999999,23.0,Extreme,1.7328679513998633,0.5,1,0,-0.027815236594006976,0.03772730702482457,0.038220000000000004,0.6931471805599453,0,0,1,0.999315537303217,0.0,0.0,100,3.822
POL-2021107,INS-10007,National Bank,OCC,Northeast,2023,Azure,FIS,159187362,0.0,0,0.0,0.0,10.317486146662532,2.2354022940911955,0.65525,0.34475,11.666666666666666,Moderate,0.0,0.0,1,0,0.3304529435533807,0.0016525593186167418,0.01656,0.6931471805599453,0,0,0,0.999315537303217,0.0,0.0,50,0.828
POL-2021108,INS-10008,Insurance Carrier,FRB,Southwest,2020,On-Prem,Unknown,107588280,1.0,1,11190477.0,7024117.0,9.290629203204986,1.5302269771922443,0.73425,0.26575000000000004,7.0,Low,0.0,0.0,0,0,0.04923532372026074,0.023073373327180433,0.042164,0.0,0,0,1,0.999315537303217,0.10401204480636739,0.6276870056566847,250,10.541
POL-2021109,INS-10009,Regional Bank,State,Northeast,2024,Azure,Fiserv,261612,0.0,0,0.0,0.0,6.0874563127617085,0.06981491599489055,0.8237500000000001,0.1762499999999999,3.7142857142857144,Low,0.0,0.0,1,0,-0.5371840748995415,0.004552697473252903,0.0325,0.0,0,0,0,0.999315537303217,0.0,0.0,2,0.065
POL-2021110,INS-10010,Investment Bank,FDIC,Northeast,2024,AWS,FIS,193804741,0.0,0,0.0,0.0,9.01225522000275,1.6047022202589993,0.8177500000000001,0.1822499999999999,20.64516129032258,High,0.0,0.0,1,0,0.6088117489986649,0.060960741282613994,0.02264,0.0,0,0,0,0.999315537303217,0.0,0.0,500,11.32
POL-2021111,INS-10011,Regional Bank,FRB,Southeast,2022,On-Prem,Finastra,5676248,1.0,1,198116.0,13304.0,7.295735072749282,0.7418983629467726,0.70825,0.29174999999999995,18.333333333333336,High,3.412410733838401,0.4,1,0,0.3767368776877821,0.03394433129667346,0.01448,0.0,0,0,0,0.999315537303217,0.03490263286593539,0.06715257727795837,50,0.724
POL-2021112,INS-10012,Regional Bank,CFPB,Southeast,2022,GCP,Temenos,915001,0.0,0,0.0,0.0,6.354196112629245,0.20061577534875316,0.5177499999999999,0.48225000000000007,7.222222222222222,Low,1.1901633127237856,0.0,1,0,0.2565683528471222,0.017424638438752398,0.0073999999999999995,0.0,0,0,0,0.999315537303217,0.0,0.0,10,0.074
POL-2021113,INS-10013,Community Bank,FDIC,Northeast,2021,On-Prem,Jack Henry,148155,1.0,1,1876916.0,478747.0,5.18122159467179,-0.5677045011130941,0.6327499999999999,0.3672500000000001,3.888888888888889,Low,0.0,0.0,1,0,-0.36051321823942606,0.02826455624646693,0.030199999999999998,0.6931471805599453,0,0,0,0.999315537303217,12.66859707738517,0.25507108469425377,5,0.151
POL-2021114,INS-10014,Community Bank,FINRA,Midwest,2021,Hybrid,In-House,1589355,0.0,0,0.0,0.0,5.167639042905921,-0.454262316366655,0.71775,0.28225,17.142857142857142,High,0.6931471805599453,0.0,1,0,0.5526621149975193,1.4326647564469914,0.01954,0.0,0,1,0,0.999315537303217,0.0,0.0,250,4.885
POL-2021115,INS-10015,Fintech-Payments,SEC,Southwest,2021,AWS,Unknown,983589,0.0,0,0.0,0.0,5.829533679961761,-0.5464420732779511,0.6805,0.3195,4.0540540540540535,Low,0.0,0.0,1,0,-0.47369607858811535,0.04422169811320755,0.04326666666666667,0.0,0,0,1,0.999315537303217,0.0,0.0,15,0.649
POL-2021116,INS-10016,Community Bank,FDIC,Northeast,2024,Hybrid,Jack Henry,59709,0.0,0,0.0,0.0,3.4210000089583352,-1.4493770445170473,0.5475,0.4525,42.666666666666664,Extreme,2.5803313331099713,0.2,1,0,0.13994117785967347,0.8445945945945945,0.01964,0.0,0,1,0,0.999315537303217,0.0,0.0,25,0.491
POL-2021117,INS-10017,National Bank,FDIC,Southwest,2023,AWS,Finastra,93623769,0.0,0,0.0,0.0,9.921789053706041,2.1473552560896265,0.9440000000000001,0.05599999999999994,11.458333333333334,Moderate,0.0,0.0,1,0,-0.1007887119873403,0.0024547828990004123,0.03594,0.6931471805599453,0,0,0,0.999315537303217,0.0,0.0,50,1.797
POL-2021118,INS-10018,Fintech-Payments,CFPB,West,2020,Azure,Unknown,1237367,0.0,0,0.0,0.0,5.407620101438487,-0.6865493003278312,0.76675,0.23324999999999996,7.777777777777778,Low,2.448542415328007,0.25,1,0,0.3544849862770121,0.225123818099955,0.01548,1.0986122886681098,1,0,1,0.999315537303217,0.0,0.0,50,0.774
POL-2021119,INS-10019,Fintech-Payments,SEC,Northeast,2023,AWS,Unknown,802222,0.0,0,0.0,0.0,5.508173023535311,-0.6337174530132933,0.692,0.30800000000000005,6.0606060606060606,Low,0.0,0.0,1,0,-0.1992560845219531,0.061050061050061055,0.030933333333333334,0.0,0,0,1,0.999315537303217,0.0,0.0,15,0.464
POL-2021120,INS-10020,Credit Union,NCUA,National,2022,Hybrid,Finastra,68750,0.0,0,0.0,0.0,4.268297869345539,-1.392182454180581,0.698,0.30200000000000005,7.894736842105263,Low,0.0,0.0,1,0,-0.129093547567419,0.07102272727272727,0.0198,0.0,0,1,0,0.999315537303217,0.0,0.0,5,0.099
POL-2021121,INS-10021,Asset Manager,SEC,Southeast,2021,Hybrid,Unknown,674998,0.0,0,0.0,0.0,6.587550014824796,0.09994562177508932,0.7492500000000001,0.2507499999999999,23.076923076923077,Extreme,0.0,0.0,2,0,0.05782234028304831,0.006896551724137931,0.0114,0.0,0,1,1,0.999315537303217,0.0,0.0,5,0.057
POL-2021122,INS-10022,Regional Bank,OCC,Northeast,2022,Hybrid,Jack Henry,1790213,1.0,1,2133228.0,1403253.0,6.804947059000455,0.46418355356649804,0.55175,0.44825000000000004,46.81818181818181,Extreme,0.0,0.0,1,0,-0.1072816000241042,0.01664262731609897,0.0268,0.0,0,1,0,0.999315537303217,1.1916056916132327,0.6578073229865724,15,0.402
POL-2021123,INS-10023,Fintech-Lending,CFPB,Northeast,2023,GCP,Unknown,81759,0.0,0,0.0,0.0,3.949318790171843,-1.566709980653884,0.75275,0.24724999999999997,7.674418604651163,Low,0.0,0.0,0,0,-0.5207268363969695,0.09823182711198429,0.0374,0.0,0,0,1,0.999315537303217,0.0,0.0,5,0.187
POL-2021124,INS-10024,Community Bank,CFPB,Northeast,2020,Azure,Temenos,104976,0.0,0,0.0,0.0,4.628886712605407,-0.814748074246725,0.56775,0.43225,2.4,Low,0.0,0.0,1,0,-0.6720396979902049,0.049309664694280074,0.0442,0.0,0,0,0,0.999315537303217,0.0,0.0,5,0.221
POL-2021125,INS-10025,Community Bank,FRB,West,2023,AWS,In-House,202667,0.0,0,0.0,0.0,4.6141299273595635,-0.8308897453657806,0.55975,0.44025000000000003,66.3157894736842,Extreme,1.2139665789782612,0.0,1,0,-0.1948057062397991,0.15015015015015015,0.030733333333333335,0.0,0,0,0,0.999315537303217,0.0,0.0,15,0.461
POL-2021126,INS-10026,Community Bank,FINRA,Northeast,2024,GCP,In-House,51251,0.0,0,0.0,0.0,4.08260930600368,-1.027696448625896,0.627,0.373,10.26315789473684,Moderate,0.0,0.0,1,0,-0.13354392584957295,0.08576329331046313,0.02,0.0,0,0,0,0.999315537303217,0.0,0.0,5,0.1
POL-2021127,INS-10027,Fintech-Lending,State,Midwest,2022,AWS,Unknown,273618,0.0,0,0.0,0.0,6.161840032883536,-0.17531404216117222,0.769,0.23099999999999998,17.0,High,0.0,0.0,0,0,-0.510458388963062,0.0021128248468201987,0.028,0.6931471805599453,0,0,1,0.999315537303217,0.0,0.0,1,0.028
POL-2021128,INS-10028,Asset Manager,State,Southwest,2021,GCP,Unknown,3201926,0.0,0,0.0,0.0,7.51523563278499,0.4222959310132283,0.7915,0.20850000000000002,7.714285714285714,Low,0.6931471805599453,0.0,2,0,-0.2752518518702788,0.0054501853063004145,0.0313,0.6931471805599453,0,0,1,0.999315537303217,0.0,0.0,10,0.313
POL-2021129,INS-10029,Fintech-Payments,CFPB,West,2022,AWS,Unknown,329726,0.0,0,0.0,0.0,5.273512247629066,-0.4763156098804823,0.7832500000000001,0.2167499999999999,16.0,High,0.0,0.0,1,0,-0.5563298626542014,0.025759917568263783,0.039,0.0,0,0,1,0.999315537303217,0.0,0.0,5,0.195
POL-2021130,INS-10030,Credit Union,NCUA,Midwest,2024,Hybrid,Finastra,54347,0.0,0,0.0,0.0,3.8979240810486444,-1.59507433170496,0.6892499999999999,0.3107500000000001,12.1875,Moderate,0.0,0.0,1,0,0.10748068039496378,0.2070393374741201,0.014099999999999998,0.0,0,1,0,0.999315537303217,0.0,0.0,10,0.141
POL-2021131,INS-10031,Credit Union,NCUA,Southeast,2023,AWS,Temenos,116341,0.0,0,0.0,0.0,4.350277936359301,-1.1327229746984686,0.48824999999999996,0.51175,4.864864864864865,Low,0.0,0.0,1,0,0.13007190835744165,0.19607843137254902,0.016133333333333333,0.0,0,0,0,0.999315537303217,0.0,0.0,15,0.242
POL-2021132,INS-10032,Custodian Bank,FDIC,National,2024,Hybrid,FIS,93043005,0.0,0,0.0,0.0,8.957549139470812,1.8357433146640343,0.71925,0.28075000000000006,0.9523809523809526,Low,0.8031842954738366,0.0,1,0,0.4827021684020586,0.032194506329439945,0.022684000000000003,0.0,0,1,0,0.999315537303217,0.0,0.0,250,5.671
POL-2021133,INS-10033,Broker-Dealer,FINRA,Midwest,2024,Azure,Unknown,596458,0.0,0,0.0,0.0,6.364406463510586,-0.30528721866355896,0.61575,0.38425,4.166666666666667,Low,0.7875884839112379,0.0,0,0,-0.600833645475741,0.008623663332183512,0.040999999999999995,0.6931471805599453,0,0,1,0.999315537303217,0.0,0.0,5,0.205
POL-2021134,INS-10034,Community Bank,NCUA,National,2022,GCP,Temenos,94971,0.0,0,0.0,0.0,3.9945242269398897,-1.176468796583472,0.8115,0.1885,17.941176470588236,High,2.146261173945226,0.3333333333333333,1,0,-0.12953349143487403,0.28142589118198874,0.0278,0.0,0,0,0,0.999315537303217,0.0,0.0,15,0.417
POL-2021135,INS-10035,Regional Bank,NCUA,Southwest,2022,Hybrid,Fiserv,952055,0.0,0,0.0,0.0,6.383168739966109,0.15828421490247677,0.67625,0.32375,9.09090909090909,Moderate,0.0,0.0,1,0,-0.1217138011359663,0.016926201760324985,0.024399999999999998,0.6931471805599453,0,1,0,0.999315537303217,0.0,0.0,10,0.244
POL-2021136,INS-10036,Credit Union,NCUA,Southeast,2021,GCP,Finastra,312213,1.0,1,125134.0,55967.0,5.451896454476337,-0.4680385717774225,0.699,0.30100000000000005,11.5,Moderate,0.0,0.0,1,0,0.011797547328653124,0.04306632213608958,0.0184,0.0,0,0,0,0.999315537303217,0.4007968918654893,0.4472565409880608,10,0.184
POL-2021137,INS-10037,Regional Bank,NCUA,National,2023,Azure,Other,3029930,0.0,0,0.0,0.0,5.666426688112432,-0.2705237353639058,0.44775,0.55225,43.24324324324324,Extreme,0.0,0.0,1,0,0.04086861254981122,0.8680555555555556,0.04254,0.6931471805599453,0,0,0,0.999315537303217,0.0,0.0,250,10.635
POL-2021138,INS-10038,Regional Bank,NCUA,National,2020,Azure,FIS,629802,0.0,0,0.0,0.0,5.593595515621446,-0.013770569408186162,0.405,0.595,11.538461538461538,Moderate,0.0,0.0,1,0,-0.09859909806378003,0.09338812103100486,0.03036,0.6931471805599453,0,0,0,0.999315537303217,0.0,0.0,25,0.759
POL-2021139,INS-10039,Regional Bank,FDIC,Southwest,2021,GCP,Temenos,1816305,0.0,0,0.0,0.0,6.937799400330514,0.7022095163308104,0.6195,0.38049999999999995,11.785714285714285,Moderate,0.0,0.0,1,0,0.26324392027035315,0.009713453132588635,0.0070999999999999995,0.6931471805599453,0,0,0,0.999315537303217,0.0,0.0,10,0.071
POL-2021140,INS-10040,Community Bank,CFPB,West,2022,Hybrid,Finastra,242408,0.0,0,0.0,0.0,4.2710950739666,-0.8893912254697499,0.50875,0.49124999999999996,15.238095238095237,High,2.0031364063381867,0.3333333333333333,1,0,-0.10256886330020176,0.708215297450425,0.036019999999999996,1.0986122886681098,1,1,0,0.999315537303217,0.0,0.0,50,1.801
POL-2021141,INS-10041,Regional Bank,State,Midwest,2022,On-Prem,Other,999800,0.0,0,0.0,0.0,6.2302845778072,0.15931965750387467,0.75925,0.24075000000000002,5.952380952380953,Low,1.9866572220081649,0.3333333333333333,1,0,0.052932018133439285,0.02959163543105149,0.0196,0.0,0,0,0,0.999315537303217,0.0,0.0,15,0.294
POL-2021142,INS-10042,Insurance Carrier,CFPB,National,2024,On-Prem,Unknown,23946707,0.0,0,0.0,0.0,9.068753765914282,1.3676709167463155,0.655,0.345,15.833333333333334,High,1.1901633127237856,0.0,0,0,-0.03629380211362426,0.0028805825690187588,0.027559999999999998,0.0,0,0,1,0.999315537303217,0.0,0.0,25,0.689
POL-2021143,INS-10043,Asset Manager,SEC,Northeast,2024,Hybrid,Unknown,213157,0.0,0,0.0,0.0,6.221980852751605,-0.23321182504489255,0.904,0.09599999999999997,26.530612244897963,Extreme,0.0,0.0,2,0,-0.44370271473075207,0.001989258006763477,0.025,0.0,0,1,1,0.999315537303217,0.0,0.0,1,0.025
POL-2021144,INS-10044,Asset Manager,FRB,Northeast,2023,Azure,Unknown,1507663,0.0,0,0.0,0.0,7.261646351544253,0.5737643448671671,0.7080000000000001,0.2919999999999999,9.565217391304346,Moderate,1.3009400518311534,0.0,1,0,-0.7298946156582067,0.003512222534419781,0.0468,0.6931471805599453,0,0,1,0.999315537303217,0.0,0.0,5,0.234
POL-2021145,INS-10045,Fintech-Lending,State,Midwest,2022,GCP,Unknown,159272,0.0,0,0.0,0.0,4.574710978503383,-1.073779268811742,0.86525,0.13475000000000004,3.58974358974359,Low,0.0,0.0,0,0,-0.4495207838825057,0.052083333333333336,0.0342,0.0,0,0,1,0.999315537303217,0.0,0.0,5,0.171
POL-2021146,INS-10046,Community Bank,FINRA,National,2022,Azure,Jack Henry,39754,0.0,0,0.0,0.0,4.365643155423357,-0.8212868438120055,0.88875,0.11124999999999996,2.307692307692308,Low,1.545718212648678,0.5,1,0,-0.5816878577210813,0.02574002574002574,0.0345,0.0,0,0,0,0.999315537303217,0.0,0.0,2,0.069
POL-2021147,INS-10047,Asset Manager,FINRA,Northeast,2021,GCP,Unknown,10454034,0.0,0,0.0,0.0,7.883597115482816,0.7131396077395774,0.6795,0.3205,3.225806451612903,Low,0.0,0.0,2,0,-0.32820304220540886,0.018850852058513043,0.04616,0.0,0,0,1,0.999315537303217,0.0,0.0,50,2.308
POL-2021148,INS-10048,Hedge Fund,SEC,National,2023,AWS,Unknown,1369787,0.0,0,0.0,0.0,5.933835434271345,-0.15449865807528226,0.88875,0.11124999999999996,14.75,High,0.0,0.0,0,0,-0.46353011720040665,0.06638343069569835,0.04676,0.0,0,0,1,0.999315537303217,0.0,0.0,25,1.169
POL-2021149,INS-10049,Community Bank,CFPB,Northeast,2021,Azure,In-House,231622,0.0,0,0.0,0.0,4.863680881139593,-0.8359395651255644,0.8430000000000001,0.15699999999999992,11.944444444444445,Moderate,0.0,0.0,1,0,0.3614915790294488,0.11673151750972763,0.0057333333333333325,0.0,0,0,0,0.999315537303217,0.0,0.0,15,0.086
POL-2021150,INS-10050,Asset Manager,FDIC,Midwest,2022,AWS,Unknown,1682544,0.0,0,0.0,0.0,6.804281870505861,-0.018113396994897876,0.54975,0.45025000000000004,10.869565217391303,Moderate,1.725936479594264,0.5,2,0,-0.46627878145119217,0.01665371377817253,0.04293333333333334,0.0,0,0,1,0.999315537303217,0.0,0.0,15,0.644
POL-2021151,INS-10051,Fintech-Payments,SEC,Northeast,2022,AWS,Unknown,933687,0.0,0,0.0,0.0,6.035959786994534,-0.3251702485357528,0.9110000000000001,0.08899999999999986,6.07843137254902,Low,0.6931471805599453,0.0,1,0,-0.44659141573320715,0.023969319271332695,0.039,0.6931471805599453,0,0,1,0.999315537303217,0.0,0.0,10,0.39
POL-2021152,INS-10052,Fintech-Lending,State,Southwest,2021,Azure,Unknown,266774,1.0,1,271083.0,18009.0,5.420092423473958,-0.6764176762314733,0.6285000000000001,0.37149999999999994,63.63636363636363,Extreme,0.0,0.0,0,0,-0.1468950606960349,0.022232103156958647,0.0206,0.6931471805599453,0,0,1,0.999315537303217,1.0161522487198902,0.06643352773873684,5,0.103
POL-2021153,INS-10053,Community Bank,FINRA,Northeast,2020,AWS,Temenos,142141,0.0,0,0.0,0.0,4.42484663185681,-0.8300398522537403,0.7095,0.2905,4.615384615384616,Low,0.0,0.0,1,0,-0.41880807977488277,0.18181818181818182,0.040799999999999996,0.6931471805599453,0,0,0,0.999315537303217,0.0,0.0,15,0.612
POL-2021154,INS-10054,Insurance Carrier,State,National,2020,Hybrid,Unknown,991969,0.0,0,0.0,0.0,6.8491723215498395,0.32670579443059333,0.6887500000000001,0.3112499999999999,38.75,Extreme,0.0,0.0,0,0,-0.7699480201975925,0.005307292219509606,0.0486,0.6931471805599453,0,1,1,0.999315537303217,0.0,0.0,5,0.243
POL-2021155,INS-10055,Asset Manager,SEC,Southwest,2021,On-Prem,Unknown,281044,0.0,0,0.0,0.0,6.076953933123397,-0.1260115404453839,0.781,0.21899999999999997,5.6,Low,0.0,0.0,2,0,-0.5260581291941565,0.004600874166091558,0.032,0.0,0,0,1,0.999315537303217,0.0,0.0,2,0.064
POL-2021156,INS-10056,Community Bank,State,Southwest,2021,Azure,Jack Henry,417288,1.0,1,162736.0,128831.0,5.313698468586339,-0.3814709719497007,0.7919999999999999,0.20800000000000007,7.096774193548387,Low,0.6931471805599453,0.0,1,0,-0.22766006824624546,0.12370113805047007,0.03616,0.0,0,0,0,0.999315537303217,0.38998485458484305,0.7916564251302723,25,0.904
POL-2021157,INS-10057,Asset Manager,State,Southwest,2022,On-Prem,Unknown,879872,1.0,1,1466070.0,627488.0,6.936051148136984,0.22690599274479709,0.59275,0.40725,19.23076923076923,High,0.0,0.0,2,0,-0.4762230535754296,0.0048652330446628395,0.0354,0.6931471805599453,0,0,1,0.999315537303217,1.6662309972359617,0.4280068482405342,5,0.177
POL-2021158,INS-10058,Regional Bank,FRB,Northeast,2022,GCP,Finastra,3990012,0.0,0,0.0,0.0,6.939253946041508,0.4236106893239353,0.6882500000000001,0.31174999999999986,6.071428571428571,Low,0.0,0.0,1,0,0.3024155603758106,0.04849660523763336,0.01782,0.0,0,0,0,0.999315537303217,0.0,0.0,50,0.891
POL-2021159,INS-10059,National Bank,FRB,Southwest,2023,Azure,In-House,161944644,0.0,0,0.0,0.0,10.82923938669978,2.6622206985369883,0.5842499999999999,0.41575000000000006,9.6,Moderate,0.0,0.0,1,0,-0.5018033704269307,0.0004953015693134921,0.048479999999999995,0.0,0,0,0,0.999315537303217,0.0,0.0,25,1.212
POL-2021160,INS-10060,Community Bank,FINRA,National,2023,Hybrid,FIS,446158,0.0,0,0.0,0.0,4.748404354073999,-0.702746203953445,0.9257500000000002,0.07424999999999982,2.0930232558139537,Low,0.0,0.0,1,0,0.28505908507540995,0.43706293706293703,0.018600000000000002,0.0,0,1,0,0.999315537303217,0.0,0.0,50,0.93
POL-2021161,INS-10061,Asset Manager,CFPB,West,2020,AWS,Unknown,2200500,0.0,0,0.0,0.0,6.7018375083329955,0.1824803082917241,0.8432499999999999,0.15675000000000006,8.421052631578947,Moderate,0.7875884839112379,0.0,1,0,-0.16001431835750485,0.030754090294009103,0.03312,0.0,0,0,1,0.999315537303217,0.0,0.0,25,0.828
POL-2021162,INS-10062,National Bank,FRB,Southeast,2021,GCP,Jack Henry,135336179,0.0,0,0.0,0.0,10.177700573190931,2.4592590916153396,0.8337500000000001,0.1662499999999999,14.772727272727275,High,0.0,0.0,1,0,0.14798743398506725,0.0019004975502586576,0.02476,0.0,0,0,0,0.999315537303217,0.0,0.0,50,1.238
POL-2021163,INS-10063,Community Bank,FDIC,West,2020,On-Prem,Temenos,62672,0.0,0,0.0,0.0,5.2171073111224935,-0.308785723020001,0.81875,0.18125000000000002,13.939393939393938,Moderate,0.6931471805599453,0.0,1,0,-0.44370271473075207,0.0054525627044711015,0.025,0.0,0,0,0,0.999315537303217,0.0,0.0,1,0.025
POL-2021164,INS-10064,Regional Bank,State,National,2021,Azure,Temenos,955599,0.0,0,0.0,0.0,6.044294160752514,0.050736911692531354,0.75275,0.24724999999999997,3.25,Low,0.6931471805599453,0.0,1,0,0.2220463928552906,0.03565486094604231,0.012,0.0,0,0,0,0.999315537303217,0.0,0.0,15,0.18
POL-2021165,INS-10065,Fintech-Lending,SEC,Southwest,2020,AWS,Unknown,894098,0.0,0,0.0,0.0,5.859931157146132,-0.2121801551039609,0.78125,0.21875,10.0,Moderate,1.6094379124341003,0.0,0,0,-0.6205585618991968,0.042893909064912784,0.04986666666666666,0.0,0,0,1,0.999315537303217,0.0,0.0,15,0.748
POL-2021166,INS-10066,Broker-Dealer,FINRA,West,2021,GCP,Unknown,1502660,0.0,0,0.0,0.0,6.5913993459457485,0.054752312277063585,0.9807500000000001,0.01924999999999988,9.803921568627452,Moderate,0.0,0.0,1,0,-0.06385888346796459,0.013740038472107722,0.0218,0.0,0,0,1,0.999315537303217,0.0,0.0,10,0.218
POL-2021167,INS-10067,Insurance Carrier,SEC,National,2022,Hybrid,Unknown,1245640,0.0,0,0.0,0.0,7.573942277959299,0.6130254662742706,0.9362500000000001,0.06374999999999986,2.5490196078431375,Low,0.0,0.0,0,0,-0.5705619120156964,0.0010278548668927947,0.034,0.6931471805599453,0,1,1,0.999315537303217,0.0,0.0,2,0.068
POL-2021168,INS-10068,Regional Bank,FDIC,West,2023,Azure,Finastra,1710045,0.0,0,0.0,0.0,7.11085937495862,0.4171133880530389,0.681,0.31899999999999995,9.545454545454547,Moderate,1.1901633127237856,0.0,1,0,-0.2173969342022769,0.008168599901976801,0.028699999999999996,0.0,0,0,0,0.999315537303217,0.0,0.0,10,0.287
POL-2021169,INS-10069,Insurance Carrier,FINRA,West,2022,AWS,Unknown,2246906,1.0,1,1472867.0,731423.0,8.255880373984525,1.009710597867724,0.6980000000000001,0.30199999999999994,27.6,Extreme,0.7000786523655448,0.0,0,0,-0.5038062377833865,0.000519588485919152,0.031,0.0,0,0,1,0.999315537303217,0.6555089532005344,0.4965981313995086,2,0.062
POL-2021170,INS-10070,National Bank,FDIC,Northeast,2024,Hybrid,FIS,90553021,0.0,0,0.0,0.0,9.88871903283095,2.316021977537359,0.6345000000000001,0.36549999999999994,9.18918918918919,Moderate,0.6931471805599453,0.0,1,0,0.5115833396370477,0.0025373240365780636,0.00842,0.6931471805599453,0,1,0,0.999315537303217,0.0,0.0,50,0.421
POL-2021171,INS-10071,Asset Manager,NCUA,West,2021,Azure,Unknown,758112,0.0,0,0.0,0.0,6.7963766909987475,0.11126438371684205,0.86325,0.13675000000000004,84.05405405405405,Extreme,0.0,0.0,2,0,0.16908179733689788,0.005595344673231871,0.0064,0.0,0,0,1,0.999315537303217,0.0,0.0,5,0.032
POL-2021172,INS-10072,Investment Bank,FDIC,Northeast,2022,Azure,Jack Henry,6247284,0.0,0,0.0,0.0,8.261138976644768,1.2635904635039452,0.812,0.18799999999999994,15.0,High,1.2437206617963557,0.0,1,0,-0.42726889247173583,0.001292156609381057,0.0332,0.0,0,0,0,0.999315537303217,0.0,0.0,5,0.166
POL-2021173,INS-10073,Hedge Fund,NCUA,National,2022,AWS,Unknown,414179,0.0,0,0.0,0.0,5.710758088392627,-0.564535984938717,0.48075,0.51925,13.88888888888889,Moderate,1.5699783639682758,0.0,1,0,-0.7298946156582067,0.016605778811026237,0.0468,0.0,0,0,1,0.999315537303217,0.0,0.0,5,0.234
POL-2021174,INS-10074,Regional Bank,FDIC,Southeast,2021,On-Prem,Fiserv,483660,0.0,0,0.0,0.0,5.871554250435424,0.055959819750548305,0.65125,0.34875,25.714285714285715,Extreme,0.0,0.0,1,0,-0.47329368542613104,0.02826455624646693,0.0402,0.0,0,0,0,0.999315537303217,0.0,0.0,10,0.402
POL-2021175,INS-10075,Fintech-Lending,CFPB,Southeast,2023,Hybrid,Unknown,784170,0.0,0,0.0,0.0,5.508578292031233,-0.5844554797077035,0.9227500000000001,0.07724999999999993,7.954545454545456,Low,0.0,0.0,0,0,-0.27483407803707777,0.1017087062652563,0.03828,1.3862943611198906,1,1,1,0.999315537303217,0.0,0.0,25,0.957
POL-2021176,INS-10076,Regional Bank,CFPB,West,2022,Hybrid,Jack Henry,380287,1.0,1,156316.0,94324.0,5.994709277272871,-0.07982284013068976,0.8197500000000001,0.1802499999999999,23.0952380952381,Extreme,0.8109822012551361,0.0,1,0,-0.24035300462126855,0.012490632025980514,0.0248,0.0,0,1,0,0.999315537303217,0.41104744574492424,0.6034187159343893,5,0.124
POL-2021177,INS-10077,Asset Manager,SEC,Southeast,2021,GCP,Unknown,1791639,0.0,0,0.0,0.0,7.369537706568797,0.5160507759746475,0.47875,0.52125,9.705882352941178,Moderate,0.8265780128177348,0.0,2,0,-0.7165434808117448,0.0031527839081909323,0.046200000000000005,0.6931471805599453,0,0,1,0.999315537303217,0.0,0.0,5,0.231
POL-2021178,INS-10078,Fintech-Lending,CFPB,Northeast,2021,GCP,Unknown,245130,0.0,0,0.0,0.0,4.465908118654584,-1.2470166694280587,0.83525,0.16474999999999995,15.15151515151515,High,1.1901633127237856,0.0,0,0,-0.4306757551939602,0.1744186046511628,0.04133333333333333,0.0,0,0,1,0.999315537303217,0.0,0.0,15,0.62
POL-2021179,INS-10079,Regional Bank,FDIC,Northeast,2020,On-Prem,Finastra,589116,0.0,0,0.0,0.0,7.017237289599134,0.5937672075656458,0.86075,0.13924999999999998,3.0555555555555554,Low,0.0,0.0,1,0,-0.7263251518910857,0.0017942047187584102,0.041,0.6931471805599453,0,0,0,0.999315537303217,0.0,0.0,2,0.082
POL-2021180,INS-10080,Asset Manager,FINRA,Northeast,2021,Azure,Unknown,2708777,0.0,0,0.0,0.0,7.2603820400743,0.5047058659555121,0.7637500000000002,0.23624999999999985,2.888888888888889,Low,0.0,0.0,2,0,-0.531550996256117,0.010550007033338022,0.04586666666666666,1.0986122886681098,1,0,1,0.999315537303217,0.0,0.0,15,0.688
POL-2021181,INS-10081,Fintech-Lending,CFPB,Midwest,2024,Hybrid,Unknown,103144,0.0,0,0.0,0.0,4.4272389774954295,-1.3090585442259612,0.72,0.28,23.076923076923077,Extreme,0.0,0.0,0,0,0.05337196200089431,0.06045949214026602,0.011600000000000001,0.6931471805599453,0,1,1,0.999315537303217,0.0,0.0,5,0.058
POL-2021182,INS-10082,Regional Bank,FRB,Midwest,2021,AWS,Finastra,336993,1.0,1,9964617.0,5685760.0,6.401585466752341,0.33471188863056334,0.7262500000000001,0.27374999999999994,40.5,Extreme,1.6626867993681689,0.0,1,0,-0.8375846089449352,0.003323363243602526,0.046,0.0,0,0,0,0.999315537303217,29.569210636422714,0.5705949360622691,2,0.092
POL-2021183,INS-10083,Broker-Dealer,FINRA,National,2023,Hybrid,Unknown,2056817,0.0,0,0.0,0.0,6.642356414770814,-0.07261538958765505,0.84725,0.15275000000000005,8.68421052631579,Moderate,0.0,0.0,0,0,-0.1226311407874115,0.03264133698916308,0.03144,0.0,0,1,1,0.999315537303217,0.0,0.0,25,0.786
POL-2021184,INS-10084,Community Bank,FRB,Southeast,2021,On-Prem,Fiserv,758565,0.0,0,0.0,0.0,4.818667360250496,-0.4807296720871532,0.67825,0.32175,16.190476190476193,High,0.0,0.0,1,0,0.6740094185016762,0.8143322475570033,0.00668,0.0,0,0,0,0.999315537303217,0.0,0.0,100,0.668
POL-2021185,INS-10085,Credit Union,NCUA,Southwest,2020,On-Prem,In-House,190636,0.0,0,0.0,0.0,4.623010104116422,-1.1063407227195694,0.7779999999999999,0.2220000000000001,3.103448275862069,Low,0.6931471805599453,0.0,1,0,-0.43237746922532866,0.24801587301587302,0.04536,0.0,0,0,0,0.999315537303217,0.0,0.0,25,1.134
POL-2021186,INS-10086,Regional Bank,NCUA,Midwest,2024,Hybrid,Jack Henry,617285,0.0,0,0.0,0.0,5.4053764388414445,-0.3264786746050105,0.82675,0.17325000000000002,2.3529411764705883,Low,0.0,0.0,1,0,0.08653663847382564,0.1128158844765343,0.02204,0.0,0,1,0,0.999315537303217,0.0,0.0,25,0.551
POL-2021187,INS-10087,Broker-Dealer,SEC,West,2021,On-Prem,Unknown,4190845,0.0,0,0.0,0.0,7.266757512679961,0.41429999720419985,0.6799999999999999,0.32000000000000006,4.324324324324324,Low,0.6931471805599453,0.0,0,0,0.2378495000670611,0.01747152142008526,0.01524,0.0,0,0,1,0.999315537303217,0.0,0.0,25,0.381
POL-2021188,INS-10088,Insurance Carrier,OCC,Midwest,2024,On-Prem,Unknown,3110793,0.0,0,0.0,0.0,8.020927718981577,0.6674167958788847,0.83425,0.16574999999999995,4.7368421052631575,Low,1.7328679513998633,0.5,0,0,-0.41391775762527394,0.001643115346697338,0.032600000000000004,0.6931471805599453,0,0,1,0.999315537303217,0.0,0.0,5,0.163
POL-2021189,INS-10089,Investment Bank,OCC,Northeast,2024,On-Prem,Fiserv,7408625,0.0,0,0.0,0.0,8.499497542880547,1.4393634965466484,0.81675,0.18325000000000002,3.5294117647058822,Low,0.0,0.0,0,0,-0.15579581726034278,0.0010180603913424143,0.020999999999999998,0.6931471805599453,0,0,0,0.999315537303217,0.0,0.0,5,0.105
POL-2021190,INS-10090,Hedge Fund,OCC,Northeast,2022,GCP,Unknown,1944448,1.0,1,656611.0,336707.0,5.976350909297934,-0.23408794596467353,0.749,0.251,7.142857142857142,Low,0.7797905781299385,0.0,1,0,0.13641645045146694,0.1272264631043257,0.02528,0.6931471805599453,0,0,1,0.999315537303217,0.33768503966164176,0.5127952471097804,50,1.264
POL-2021191,INS-10091,Custodian Bank,FDIC,Southwest,2022,On-Prem,Finastra,52224153,0.0,0,0.0,0.0,9.842686040075465,2.1267974946393426,0.745,0.255,9.333333333333334,Moderate,1.725936479594264,0.5,1,0,-0.33090884439221796,0.0013284305390239754,0.0408,0.6931471805599453,0,0,0,0.999315537303217,0.0,0.0,25,1.02
POL-2021192,INS-10092,Fintech-Lending,SEC,National,2024,Azure,Unknown,212830,0.0,0,0.0,0.0,5.154446996128335,-0.8749609633188588,0.8112499999999999,0.18875000000000008,12.941176470588236,Moderate,0.0,0.0,0,0,0.013318557461508479,0.029036004645760744,0.0134,0.0,0,0,1,0.999315537303217,0.0,0.0,5,0.067
POL-2021193,INS-10093,Fintech-Lending,State,Southwest,2020,AWS,Unknown,697284,0.0,0,0.0,0.0,5.105339229565553,-0.8040473006556917,0.722,0.278,14.878048780487806,High,0.0,0.0,0,0,-0.42525686397388224,0.1525320317266626,0.04504,0.0,0,0,1,0.999315537303217,0.0,0.0,25,1.126
POL-2021194,INS-10094,Community Bank,CFPB,National,2021,GCP,Other,135110,0.0,0,0.0,0.0,4.254193263163997,-0.8185582659201843,0.5567500000000001,0.4432499999999999,4.615384615384615,Low,0.0,0.0,1,0,0.08260120668113247,0.21613832853025935,0.018266666666666667,0.0,0,0,0,0.999315537303217,0.0,0.0,15,0.274
POL-2021195,INS-10095,Custodian Bank,FRB,Southwest,2022,AWS,Other,19828592,0.0,0,0.0,0.0,8.233104654474587,1.1739534023801195,0.71625,0.28374999999999995,2.5714285714285716,Low,0.0,0.0,1,0,-0.1797956549295654,0.026578073089700997,0.04505,0.6931471805599453,0,0,0,0.999315537303217,0.0,0.0,100,4.505
POL-2021196,INS-10096,Asset Manager,SEC,National,2022,Hybrid,Unknown,737331,0.0,0,0.0,0.0,6.61136876590021,0.10909300433290009,0.7404999999999999,0.25950000000000006,8.40909090909091,Moderate,0.7953863896925372,0.0,2,0,-0.6675893197080508,0.006734006734006734,0.044,0.0,0,1,1,0.999315537303217,0.0,0.0,5,0.22
POL-2021197,INS-10097,Fintech-Lending,State,Midwest,2020,On-Prem,Unknown,498703,0.0,0,0.0,0.0,5.5254529391317835,-0.6284332102280111,0.603,0.397,7.931034482758621,Low,1.783659566455092,0.0,0,0,-0.42433952432243716,0.04,0.038,0.0,0,0,1,0.999315537303217,0.0,0.0,10,0.38
POL-2021198,INS-10098,Hedge Fund,FRB,Southeast,2023,GCP,Unknown,1757665,0.0,0,0.0,0.0,5.872962503026981,-0.45905017033627454,0.79575,0.20425000000000004,17.84313725490196,High,1.3862943611198906,0.0,1,0,0.14220194221826715,0.14112334180073383,0.025019999999999997,0.0,0,0,1,0.999315537303217,0.0,0.0,50,1.251
POL-2021199,INS-10099,Fintech-Payments,State,National,2020,Azure,Unknown,462044,1.0,1,107921.0,0.0,5.695414224985685,-0.37740074197105583,0.6220000000000001,0.3779999999999999,4.642857142857142,Low,1.7120735359830648,0.5,1,0,-0.37386435308588806,0.016863406408094434,0.0308,0.0,0,0,1,0.999315537303217,0.2335729930482811,0.0,5,0.154
POL-2021200,INS-10100,Credit Union,NCUA,Midwest,2021,On-Prem,FIS,117165,0.0,0,0.0,0.0,4.364371699435161,-1.149735834369163,0.90525,0.09475,9.523809523809526,Moderate,0.0,0.0,1,0,0.3006697425066776,0.19329896907216496,0.008466666666666667,0.0,0,0,0,0.999315537303217,0.0,0.0,15,0.127
POL-2021201,INS-10101,Regional Bank,SEC,Southeast,2022,GCP,Fiserv,2275724,0.0,0,0.0,0.0,6.881000541673317,0.35381244807406637,0.8564999999999999,0.14350000000000007,11.944444444444445,Moderate,0.0,0.0,1,0,0.22894874350275313,0.025704297758585234,0.01564,0.0,0,0,0,0.999315537303217,0.0,0.0,25,0.391
POL-2021202,INS-10102,Regional Bank,NCUA,National,2022,Azure,In-House,962086,2.0,1,306483.0,92607.0,6.845986252584505,0.5762537567073823,0.59425,0.40575000000000006,13.793103448275863,Moderate,0.0,0.0,1,0,-0.057887495052955235,0.0053242466191033965,0.0166,0.6931471805599453,0,0,0,0.999315537303217,0.31856091867047226,0.30216031558030954,5,0.083
POL-2021203,INS-10103,National Bank,FRB,National,2024,GCP,Other,377599375,1.0,1,1865775.0,8001.0,9.76917871492241,2.1267974324025416,0.661,0.33899999999999997,5.714285714285714,Low,1.6899098080558053,0.0,1,0,0.16875834445927917,0.028595285209374675,0.042415999999999995,0.6931471805599453,0,0,0,0.999315537303217,0.004941149598036278,0.004288298428267074,500,21.208
POL-2021204,INS-10104,Asset Manager,SEC,Midwest,2022,AWS,Unknown,1074793,0.0,0,0.0,0.0,6.155494833929685,-0.09063813136287147,0.59775,0.40225,33.78378378378378,Extreme,0.0,0.0,2,0,-0.4377179231639134,0.05315755900489049,0.045599999999999995,0.0,0,0,1,0.999315537303217,0.0,0.0,25,1.14
POL-2021205,INS-10105,Broker-Dealer,FINRA,National,2023,Hybrid,Unknown,937814,0.0,0,0.0,0.0,6.26415987725144,-0.17572113462702688,0.70375,0.29625,7.959183673469389,Low,0.7875884839112379,0.0,1,0,-0.014904722364270762,0.01906941266209001,0.0196,0.6931471805599453,0,1,1,0.999315537303217,0.0,0.0,10,0.196
POL-2021206,INS-10106,Regional Bank,CFPB,Midwest,2022,AWS,In-House,953553,0.0,0,0.0,0.0,6.7906595071058895,0.6083041629054732,0.8455,0.15449999999999997,25.58823529411765,Extreme,2.450369221680918,0.2,1,0,-0.649787806579435,0.005627462014631401,0.0432,0.0,0,0,0,0.999315537303217,0.0,0.0,5,0.216
POL-2021207,INS-10107,Community Bank,NCUA,West,2024,On-Prem,Finastra,27852,0.0,0,0.0,0.0,4.35799005684564,-0.9366886796907773,0.8490000000000001,0.1509999999999999,24.242424242424242,Extreme,0.0,0.0,1,0,-0.8219848687138407,0.01297016861219196,0.042,1.0986122886681098,1,0,0,0.999315537303217,0.0,0.0,1,0.042
POL-2021208,INS-10108,Community Bank,State,Midwest,2022,Azure,FIS,97548,0.0,0,0.0,0.0,4.380775852772229,-1.0700382892292843,0.5562500000000001,0.44374999999999987,8.214285714285714,Moderate,0.0,0.0,1,0,0.305522513950816,0.12674271229404308,0.0052,0.0,0,0,0,0.999315537303217,0.0,0.0,10,0.052
POL-2021209,INS-10109,Asset Manager,State,Southeast,2023,Hybrid,Unknown,3815129,0.0,0,0.0,0.0,8.07754028377083,0.7079490270505447,0.66975,0.33025000000000004,14.999999999999998,High,1.47784755121885,0.0,2,0,-0.20920035664619072,0.0015526503741887401,0.0234,0.0,0,1,1,0.999315537303217,0.0,0.0,5,0.117
POL-2021210,INS-10110,Hedge Fund,FRB,Northeast,2024,AWS,Unknown,1262446,0.0,0,0.0,0.0,5.806940566758827,-0.45315583515480345,0.61275,0.38725,8.0,Low,0.6931471805599453,0.0,1,0,0.36780054590595745,0.07539203860072376,0.009399999999999999,0.0,0,0,1,0.999315537303217,0.0,0.0,25,0.235
POL-2021211,INS-10111,Fintech-Payments,SEC,Southeast,2023,Azure,Unknown,1208589,0.0,0,0.0,0.0,6.392921633818608,-0.004774110383550865,0.731,0.269,8.863636363636365,Moderate,0.0,0.0,1,0,-0.44214103745105315,0.016761649346295676,0.0388,0.0,0,0,1,0.999315537303217,0.0,0.0,10,0.388
POL-2021212,INS-10112,Regional Bank,FINRA,Southeast,2021,Hybrid,In-House,236477,0.0,0,0.0,0.0,6.551223181983152,0.3844819463903744,0.8770000000000001,0.12299999999999989,8.0,Low,0.0,0.0,1,0,-0.9777481085892301,0.0014304105278214847,0.049,0.6931471805599453,0,1,0,0.999315537303217,0.0,0.0,1,0.049
POL-2021213,INS-10113,Asset Manager,State,Southwest,2022,On-Prem,Unknown,654779,0.0,0,0.0,0.0,6.1224928095143865,-0.22037160343865983,0.7052499999999999,0.29475000000000007,4.722222222222222,Low,0.0,0.0,2,0,-0.09501153144304259,0.02197802197802198,0.023200000000000002,0.0,0,0,1,0.999315537303217,0.0,0.0,10,0.232
POL-2021214,INS-10114,Fintech-Payments,State,Southwest,2020,GCP,Unknown,236919,2.0,1,911890.0,236639.0,5.231108616854587,-0.5915221120409014,0.40075,0.5992500000000001,2.5925925925925926,Low,1.3201657668828455,0.0,1,0,-0.5830321323471253,0.026881720430107527,0.0402,0.6931471805599453,0,0,1,0.999315537303217,3.8489525956128467,0.25950388753029424,5,0.201
POL-2021215,INS-10115,Insurance Carrier,NCUA,National,2023,Hybrid,Unknown,43839044,0.0,0,0.0,0.0,8.902918070281423,1.3708303713242316,0.65875,0.34125000000000005,1.8918918918918919,Low,0.0,0.0,0,0,0.3918554354131137,0.013601001033676079,0.01936,0.6931471805599453,0,1,1,0.999315537303217,0.0,0.0,100,1.936
POL-2021216,INS-10116,Community Bank,OCC,West,2021,On-Prem,Finastra,14682,0.0,0,0.0,0.0,2.8735646395797834,-1.7648599900581619,0.5245,0.47550000000000003,3.0555555555555554,Low,0.0,0.0,1,0,-0.1602461955424969,0.29940119760479045,0.0212,0.0,0,0,0,0.999315537303217,0.0,0.0,5,0.106
POL-2021217,INS-10117,Regional Bank,OCC,Midwest,2021,Azure,Temenos,1875322,0.0,0,0.0,0.0,7.502186486602924,0.8188279324211032,0.92,0.07999999999999996,12.340425531914896,Moderate,1.719483229696782,0.0,1,0,-0.6853908328366668,0.0027609055770292656,0.0448,0.0,0,0,0,0.999315537303217,0.0,0.0,5,0.224
POL-2021218,INS-10118,National Bank,OCC,Southeast,2023,Hybrid,Temenos,74721679,0.0,0,0.0,0.0,8.587483887031672,1.508092194787791,0.8115,0.1885,2.5806451612903225,Low,0.0,0.0,1,0,0.2799429338671232,0.046614830974622885,0.031796,0.0,0,1,0,0.999315537303217,0.0,0.0,250,7.949
POL-2021219,INS-10119,Regional Bank,OCC,Southeast,2020,Azure,Jack Henry,1096967,0.0,0,0.0,0.0,6.9700725850469984,0.5304957361791954,0.8347500000000001,0.1652499999999999,5.365853658536586,Low,0.8031842954738366,0.0,1,0,-0.6052840237578951,0.004702341766199568,0.0412,0.6931471805599453,0,0,0,0.999315537303217,0.0,0.0,5,0.206
POL-2021220,INS-10120,Asset Manager,OCC,Midwest,2023,AWS,Unknown,1862711,0.0,0,0.0,0.0,7.450893192215374,0.6985131705079182,0.71425,0.28574999999999995,10.81081081081081,Moderate,1.0986122886681098,0.0,2,0,-0.24035300462126855,0.0029063008602650546,0.0248,0.0,0,0,1,0.999315537303217,0.0,0.0,5,0.124
POL-2021221,INS-10121,Asset Manager,CFPB,Southeast,2022,On-Prem,Unknown,471034,0.0,0,0.0,0.0,6.2408604695662575,-0.1468610752409187,0.783,0.21699999999999997,58.888888888888886,Extreme,0.0,0.0,2,0,-0.6052840237578951,0.009759906304899474,0.0412,0.0,0,0,1,0.999315537303217,0.0,0.0,5,0.206
POL-2021222,INS-10122,Broker-Dealer,FINRA,West,2021,On-Prem,Unknown,3561325,0.0,0,0.0,0.0,6.192771403813017,-0.050110722885437664,0.6795000000000001,0.3204999999999999,15.384615384615383,High,2.014122529224868,0.3333333333333333,1,0,0.35180203087372774,0.20483408439164277,0.02116,0.6931471805599453,0,0,1,0.999315537303217,0.0,0.0,100,2.116
POL-2021223,INS-10123,Regional Bank,CFPB,Midwest,2023,GCP,Temenos,267736,0.0,0,0.0,0.0,6.459904454377535,0.42018687278701483,0.7665,0.23350000000000004,6.170212765957448,Low,0.0,0.0,1,0,-0.44370271473075207,0.001567398119122257,0.025,0.0,0,0,0,0.999315537303217,0.0,0.0,1,0.025
POL-2021224,INS-10124,Regional Bank,OCC,Southwest,2022,GCP,Jack Henry,271098,1.0,1,297270.0,183563.0,5.665388086668889,-0.1174675473146017,0.803,0.19699999999999995,20.344827586206897,High,0.0,0.0,1,0,-0.4717726752932755,0.01737921445950643,0.035199999999999995,0.0,0,0,0,0.999315537303217,1.0965407343469888,0.6174958791670871,5,0.176
POL-2021225,INS-10125,National Bank,OCC,West,2020,Azure,FIS,68565448,0.0,0,0.0,0.0,9.545583281856246,2.0121322730047133,0.62825,0.37175,22.06896551724138,Extreme,2.6791105849856143,0.2,1,0,0.19026602766553008,0.003576077472142357,0.022860000000000002,0.0,0,0,0,0.999315537303217,0.0,0.0,50,1.143
POL-2021226,INS-10126,Investment Bank,FDIC,West,2022,AWS,Temenos,32002657,0.0,0,0.0,0.0,8.662556806391146,1.34913484366045,0.7992500000000001,0.20074999999999987,7.333333333333333,Low,0.0,0.0,0,0,-0.019346789423922428,0.008648573850172106,0.03228,0.0,0,0,0,0.999315537303217,0.0,0.0,50,1.614
POL-2021227,INS-10127,Regional Bank,FDIC,Midwest,2020,GCP,In-House,6734247,0.0,0,0.0,0.0,6.302802109158108,-0.010874220570280682,0.7855,0.21450000000000002,11.5625,Moderate,0.0,0.0,1,0,0.4524395960834115,0.458631443771785,0.024044,0.0,0,0,0,0.999315537303217,0.0,0.0,250,6.011
POL-2021228,INS-10128,Credit Union,NCUA,Northeast,2022,On-Prem,Other,172016,0.0,0,0.0,0.0,4.607168188650764,-1.238529197115463,0.445,0.5549999999999999,9.25925925925926,Moderate,0.0,0.0,1,0,0.14787342148605753,0.15120967741935484,0.015333333333333334,0.0,0,0,0,0.999315537303217,0.0,0.0,15,0.23
POL-2021229,INS-10129,Hedge Fund,FINRA,Northeast,2022,GCP,Unknown,1163245,1.0,1,191814.0,85640.0,6.417059026511312,-0.1158130681760365,0.7272500000000001,0.27274999999999994,5.0,Low,0.6931471805599453,0.0,1,0,0.28772100082220003,0.016361256544502618,0.006,0.6931471805599453,0,0,1,0.999315537303217,0.1648956152831089,0.4464741885368117,10,0.06
POL-2021230,INS-10130,Credit Union,NCUA,Midwest,2022,AWS,Finastra,241650,0.0,0,0.0,0.0,4.543294782270004,-0.9260842531079417,0.5549999999999999,0.44500000000000006,1.1111111111111112,Low,0.0,0.0,1,0,-0.3860935350909274,0.26881720430107525,0.043280000000000006,0.0,0,0,0,0.999315537303217,0.0,0.0,25,1.082
POL-2021231,INS-10131,Broker-Dealer,FINRA,Midwest,2022,GCP,Unknown,468972,0.0,0,0.0,0.0,6.441106017548975,0.016350666578812196,0.712,0.28800000000000003,17.75,High,0.6931471805599453,0.0,1,0,-0.4259246178456919,0.003194377894904967,0.0275,0.0,0,0,1,0.999315537303217,0.0,0.0,2,0.055
POL-2021232,INS-10132,Broker-Dealer,FINRA,West,2020,GCP,Unknown,381448,0.0,0,0.0,0.0,6.605027248325085,0.14653610355080685,0.81375,0.18625000000000003,18.43137254901961,High,1.3909153423236236,0.0,1,0,-0.44370271473075207,0.0013553808620222283,0.025,0.0,0,0,1,0.999315537303217,0.0,0.0,1,0.025
POL-2021233,INS-10133,Asset Manager,State,West,2023,AWS,Unknown,1117482,0.0,0,0.0,0.0,6.878944197128018,0.2000511319065564,0.76025,0.23975000000000002,12.727272727272727,Moderate,1.6983593570960842,0.0,2,0,-0.7298946156582067,0.005151452709664125,0.0468,0.6931471805599453,0,0,1,0.999315537303217,0.0,0.0,5,0.234
POL-2021234,INS-10134,Fintech-Payments,State,West,2021,Azure,Unknown,2216556,0.0,0,0.0,0.0,6.656726524178391,-0.00255521897783099,0.7280000000000001,0.2719999999999999,51.42857142857142,Extreme,0.6931471805599453,0.0,1,0,-0.1695868959742599,0.019305019305019305,0.0296,0.6931471805599453,0,0,1,0.999315537303217,0.0,0.0,15,0.444
POL-2021235,INS-10135,Regional Bank,FRB,Northeast,2024,Hybrid,Fiserv,1801782,0.0,0,0.0,0.0,7.218543340148393,0.8343312312054921,0.85475,0.14525,31.794871794871796,Extreme,0.6931471805599453,0.0,1,0,-0.2440992038952009,0.007334066740007334,0.0299,0.6931471805599453,0,1,0,0.999315537303217,0.0,0.0,10,0.299
POL-2021236,INS-10136,Community Bank,FRB,West,2023,Hybrid,Jack Henry,84608,0.0,0,0.0,0.0,4.302712827954156,-1.065590378917994,0.6637500000000001,0.33624999999999994,11.612903225806452,Moderate,1.3862943611198906,0.0,1,0,-0.47774406370828515,0.1371742112482853,0.040400000000000005,0.0,0,1,0,0.999315537303217,0.0,0.0,10,0.404
POL-2021237,INS-10137,Regional Bank,OCC,Southwest,2022,Azure,Finastra,1524609,0.0,0,0.0,0.0,6.948417260701027,0.46041816121473356,0.59625,0.40375000000000005,23.21428571428571,Extreme,0.0,0.0,1,0,-0.25077477131843184,0.009610764055742432,0.030199999999999998,0.0,0,0,0,0.999315537303217,0.0,0.0,10,0.302
POL-2021238,INS-10138,Regional Bank,SEC,Southeast,2023,Azure,Other,5849233,0.0,0,0.0,0.0,6.0364379127507135,0.11900933297610487,0.64775,0.35224999999999995,11.923076923076923,Moderate,0.0,0.0,1,0,0.3422785936804629,1.1978917105893627,0.034618,0.0,0,0,0,0.999315537303217,0.0,0.0,500,17.309
POL-2021239,INS-10139,Custodian Bank,FDIC,Midwest,2024,GCP,Jack Henry,158674056,0.0,0,0.0,0.0,9.639749845327806,2.000741683607902,0.49700000000000005,0.5029999999999999,92.72727272727272,Extreme,0.0,0.0,1,0,0.5068232186913333,0.01627339300244101,0.0216,0.0,0,0,0,0.999315537303217,0.0,0.0,250,5.4
POL-2021240,INS-10140,Insurance Carrier,FINRA,Southwest,2022,On-Prem,Unknown,2215358,0.0,0,0.0,0.0,7.19300940635925,0.5390484655889549,0.9365,0.0635,14.444444444444445,High,1.0986122886681098,0.0,0,0,-0.5645264402102876,0.007523888345496953,0.0443,0.0,0,0,1,0.999315537303217,0.0,0.0,10,0.443
POL-2021241,INS-10141,Credit Union,NCUA,West,2021,GCP,Other,68504,0.0,0,0.0,0.0,4.244200317766478,-1.3775209291523731,0.60225,0.39775000000000005,17.5,High,0.0,0.0,1,0,0.09342536654028019,0.07278020378457059,0.0098,0.0,0,0,0,0.999315537303217,0.0,0.0,5,0.049
POL-2021242,INS-10142,Insurance Carrier,State,Southwest,2020,Azure,Unknown,3292886,1.0,1,1219948.0,822234.0,7.588829878307813,0.6320829461454583,0.7024999999999999,0.2975000000000001,13.055555555555555,Moderate,1.7328679513998633,0.5,0,0,-0.33276743298657274,0.007594936708860759,0.03693333333333334,0.0,0,0,1,0.999315537303217,0.37047987692255363,0.673991022568175,15,0.554
POL-2021243,INS-10143,Regional Bank,FDIC,Southwest,2024,GCP,FIS,5382997,0.0,0,0.0,0.0,8.09150496761904,1.2464598297947673,0.8312499999999999,0.16875000000000007,10.857142857142858,Moderate,0.6931471805599453,0.0,1,0,0.29217137910435403,0.0030622243998040177,0.0058000000000000005,0.0,0,0,0,0.999315537303217,0.0,0.0,10,0.058
POL-2021244,INS-10144,Broker-Dealer,FINRA,Southeast,2020,Azure,Unknown,3675895,0.0,0,0.0,0.0,7.493762583984179,0.56905241725267,0.618,0.382,19.583333333333336,High,0.0,0.0,1,0,-0.32831705470441863,0.00835282325425994,0.03673333333333333,0.0,0,0,1,0.999315537303217,0.0,0.0,15,0.551
POL-2021245,INS-10145,Community Bank,SEC,Northeast,2023,Azure,FIS,85157,0.0,0,0.0,0.0,4.450852825603734,-0.8900053107540083,0.73775,0.26225,14.999999999999998,High,0.0,0.0,1,0,0.07562385341166425,0.05903187721369539,0.0106,1.0986122886681098,1,0,0,0.999315537303217,0.0,0.0,5,0.053
POL-2021246,INS-10146,Insurance Carrier,NCUA,West,2023,AWS,Unknown,2421346,2.0,1,424168.0,267197.0,8.31549307739568,0.9201669050640792,0.51375,0.48624999999999996,5.5,Low,2.170064440199702,0.3333333333333333,0,0,-0.7930808261233954,0.0004895122010916122,0.044,0.0,0,0,1,0.999315537303217,0.17517859901063293,0.6299320080722732,2,0.088
POL-2021247,INS-10147,Fintech-Lending,State,Northeast,2021,AWS,Unknown,857851,0.0,0,0.0,0.0,5.610935924289849,-0.5997975139143245,0.674,0.32599999999999996,12.413793103448276,Moderate,3.3150397401361382,0.4,0,0,-0.365403540389035,0.05506607929515419,0.0384,0.0,0,0,1,0.999315537303217,0.0,0.0,15,0.576
POL-2021248,INS-10148,Asset Manager,SEC,West,2023,AWS,Unknown,1367828,0.0,0,0.0,0.0,6.312279125595638,0.019877979815086894,0.58225,0.41774999999999995,7.142857142857142,Low,0.0,0.0,1,0,-0.21430893339978357,0.0454297655824096,0.03556,0.0,0,0,1,0.999315537303217,0.0,0.0,25,0.889
POL-2021249,INS-10149,Custodian Bank,FRB,Southwest,2020,AWS,Other,14601014,0.0,0,0.0,0.0,8.638348312972704,1.3753332966416056,0.6467499999999999,0.35325000000000006,22.89473684210526,Extreme,1.5647797601140765,0.0,1,0,-0.11017008159738045,0.004430267588162325,0.03088,0.0,0,0,0,0.999315537303217,0.0,0.0,25,0.772
POL-2021250,INS-10150,Asset Manager,FRB,West,2023,AWS,Unknown,424159,0.0,0,0.0,0.0,6.484635235635252,-0.0500125068674487,0.8315,0.16849999999999998,25.25,Extreme,0.0,0.0,1,0,-0.09214624668414317,0.0030581039755351682,0.0125,0.0,0,0,1,0.999315537303217,0.0,0.0,2,0.025
POL-2021251,INS-10151,Broker-Dealer,FINRA,National,2021,AWS,Unknown,1822686,0.0,0,0.0,0.0,6.87388820947056,0.2908427570398631,0.7030000000000001,0.29699999999999993,4.473684210526315,Low,0.0,0.0,1,0,0.23209127229527526,0.010355182768975872,0.0085,0.0,0,0,1,0.999315537303217,0.0,0.0,10,0.085
POL-2021252,INS-10152,Insurance Carrier,CFPB,Southwest,2022,GCP,Unknown,4351301,0.0,0,0.0,0.0,7.8821262219328165,0.8738719370040083,0.64125,0.35875,9.0,Moderate,0.0,0.0,0,0,-0.5330344556835018,0.005663583160279403,0.04593333333333333,0.6931471805599453,0,0,1,0.999315537303217,0.0,0.0,15,0.689
POL-2021253,INS-10153,Fintech-Payments,CFPB,West,2021,GCP,Unknown,168948,1.0,1,38123.0,25611.0,5.839478190110101,-0.3737266211998362,0.7547499999999999,0.24525000000000008,8.275862068965518,Moderate,2.18196607332694,0.3333333333333333,1,0,-0.44370271473075207,0.002918855808523059,0.025,0.6931471805599453,0,0,1,0.999315537303217,0.22564931221440918,0.6717991763502348,1,0.025
POL-2021254,INS-10154,Insurance Carrier,NCUA,National,2024,GCP,Unknown,7299878,2.0,1,460997.0,0.0,8.395070754160756,0.9436586981522845,0.5077499999999999,0.4922500000000001,130.0,Extreme,0.0,0.0,0,0,0.19426305689696644,0.0022602956466705845,0.010199999999999999,0.0,0,0,1,0.999315537303217,0.06315132937838139,0.0,10,0.102
POL-2021255,INS-10155,Regional Bank,FINRA,Northeast,2024,Azure,Other,375466,0.0,0,0.0,0.0,5.84586057324919,-0.0465719641667123,0.8775000000000001,0.12249999999999994,5.405405405405405,Low,0.0,0.0,1,0,-0.5874825106292794,0.014501160092807424,0.040400000000000005,0.6931471805599453,0,0,0,0.999315537303217,0.0,0.0,5,0.202
POL-2021256,INS-10156,Regional Bank,State,Southwest,2022,Azure,Finastra,1886118,0.0,0,0.0,0.0,6.852453963197048,0.44278459870417364,0.44725000000000004,0.55275,11.923076923076923,Moderate,0.0,0.0,1,0,-0.6205585618991968,0.015869657215404148,0.04986666666666666,0.6931471805599453,0,0,0,0.999315537303217,0.0,0.0,15,0.748
POL-2021257,INS-10157,Hedge Fund,NCUA,West,2024,On-Prem,Unknown,304441,1.0,1,529742.0,271531.0,5.4785534168509695,-0.6961936576545026,0.6817500000000001,0.3182499999999999,6.875,Low,0.0,0.0,1,0,-0.3160094354178862,0.020964360587002098,0.028199999999999996,0.0,0,0,1,0.999315537303217,1.7400481538294776,0.512572157767366,5,0.141
POL-2021258,INS-10158,Regional Bank,FINRA,Southeast,2020,Hybrid,Jack Henry,240408,0.0,0,0.0,0.0,5.420977379283924,-0.27756661312659014,0.5607500000000001,0.4392499999999999,7.4074074074074066,Low,0.0,0.0,1,0,-0.2804064091606545,0.022212350066637052,0.026600000000000002,0.6931471805599453,0,1,0,0.999315537303217,0.0,0.0,5,0.133
POL-2021259,INS-10159,Broker-Dealer,SEC,West,2022,Azure,Unknown,2364288,0.0,0,0.0,0.0,7.301350214519814,0.4199323929214372,0.8025000000000001,0.1974999999999999,11.0,Moderate,1.2437206617963557,0.0,0,0,-0.3709349849365894,0.006750826976304598,0.0356,0.0,0,0,1,0.999315537303217,0.0,0.0,10,0.356
POL-2021260,INS-10160,Regional Bank,FDIC,Northeast,2020,Hybrid,Temenos,210843,0.0,0,0.0,0.0,6.42422051545205,0.3315947113102217,0.90325,0.09675,1.8181818181818183,Low,0.0,0.0,1,0,-0.465954606141522,0.0016244314489928524,0.026,0.0,0,1,0,0.999315537303217,0.0,0.0,1,0.026
POL-2021261,INS-10161,Fintech-Payments,State,National,2021,On-Prem,Unknown,1668615,0.0,0,0.0,0.0,5.66815529701305,-0.42010475712798484,0.60775,0.39225,23.333333333333336,Extreme,0.7797905781299385,0.0,1,0,-0.07186125315333936,0.1733102253032929,0.03464,0.6931471805599453,0,0,1,0.999315537303217,0.0,0.0,50,1.732
POL-2021262,INS-10162,Community Bank,FDIC,Southeast,2022,GCP,Finastra,52064,0.0,0,0.0,0.0,4.483002552013883,-0.8565664750521167,0.7925000000000001,0.2074999999999999,67.3076923076923,Extreme,0.0,0.0,1,0,-0.8932143374718601,0.022857142857142857,0.0485,0.0,0,0,0,0.999315537303217,0.0,0.0,2,0.097
POL-2021263,INS-10163,Hedge Fund,OCC,National,2024,AWS,Unknown,59322,0.0,0,0.0,0.0,4.769836807543325,-1.1905900792663995,0.8277500000000001,0.1722499999999999,6.666666666666666,Low,0.0,0.0,1,0,-0.7552291944815309,0.00855431993156544,0.039,0.0,0,0,1,0.999315537303217,0.0,0.0,1,0.039
POL-2021264,INS-10164,Regional Bank,NCUA,Midwest,2021,AWS,Finastra,837607,1.0,1,35788.0,20365.0,6.336471686179032,0.30239663269953626,0.663,0.33699999999999997,10.857142857142858,Moderate,0.0,0.0,1,0,-0.5333737922352098,0.017736786094359705,0.0429,0.0,0,0,0,0.999315537303217,0.04272648151221277,0.5690454901084162,10,0.429
POL-2021265,INS-10165,Regional Bank,NCUA,Northeast,2023,On-Prem,Jack Henry,369658,0.0,0,0.0,0.0,5.613857767128214,-0.0762705023478418,0.86725,0.13275000000000003,7.027027027027026,Low,1.1901633127237856,0.0,1,0,-0.1528664491110443,0.036603221083455345,0.0258,0.0,0,0,0,0.999315537303217,0.0,0.0,10,0.258
POL-2021266,INS-10166,Community Bank,SEC,Midwest,2024,Hybrid,Other,114119,0.0,0,0.0,0.0,4.821087692210561,-0.5703651613682211,0.8432499999999999,0.15675000000000006,6.486486486486486,Low,0.0,0.0,1,0,0.18243293218335985,0.04061738424045492,0.0058000000000000005,0.0,0,1,0,0.999315537303217,0.0,0.0,5,0.029
POL-2021267,INS-10167,Hedge Fund,FRB,Midwest,2022,Hybrid,Unknown,422973,0.0,0,0.0,0.0,6.403077385802381,0.0498622378524388,0.73575,0.26425,10.384615384615385,Moderate,0.0,0.0,1,0,-0.8042067718287804,0.0033184005309440847,0.0445,0.6931471805599453,0,1,1,0.999315537303217,0.0,0.0,2,0.089
POL-2021268,INS-10168,Regional Bank,NCUA,Midwest,2023,Hybrid,In-House,362006,0.0,0,0.0,0.0,6.852348271710398,0.43976143452203603,0.84275,0.15725,15.945945945945946,High,0.7875884839112379,0.0,1,0,-0.44370271473075207,0.0010580890911014707,0.025,0.0,0,1,0,0.999315537303217,0.0,0.0,1,0.025
POL-2021269,INS-10169,Regional Bank,FRB,West,2021,AWS,Temenos,1730120,0.0,0,0.0,0.0,6.926282583596021,0.6840900612473769,0.7569999999999999,0.2430000000000001,16.42857142857143,High,0.6931471805599453,0.0,1,0,0.056301330150192896,0.009826078412105728,0.0164,0.0,0,0,0,0.999315537303217,0.0,0.0,10,0.164
POL-2021270,INS-10170,Community Bank,State,Southeast,2021,Azure,Other,36942,0.0,0,0.0,0.0,4.436751534363128,-0.7549655610277952,0.849,0.15100000000000002,13.055555555555555,Moderate,0.0,0.0,1,0,-0.09214624668414317,0.023952095808383235,0.0125,0.6931471805599453,0,0,0,0.999315537303217,0.0,0.0,2,0.025
POL-2021271,INS-10171,Credit Union,NCUA,National,2023,Azure,Jack Henry,109901,1.0,1,286172.0,197524.0,3.7796338173824005,-1.5810989128119324,0.601,0.399,1.6666666666666665,Low,0.0,0.0,1,0,0.3829318320652809,0.5841121495327103,0.00872,0.0,0,0,0,0.999315537303217,2.6039071528011575,0.6902282543365529,25,0.218
POL-2021272,INS-10172,Fintech-Lending,SEC,Midwest,2022,GCP,Unknown,570927,0.0,0,0.0,0.0,6.010040932680917,-0.23766154733434075,0.7372500000000001,0.26274999999999993,10.0,Moderate,1.3009400518311534,0.0,0,0,-0.129093547567419,0.012300123001230012,0.0198,0.0,0,0,1,0.999315537303217,0.0,0.0,5,0.099
POL-2021273,INS-10173,National Bank,FRB,Midwest,2023,Azure,In-House,191659491,0.0,0,0.0,0.0,10.026302352053534,2.3667299023439647,0.3715,0.6285000000000001,90.8,Extreme,1.7190050077886643,0.5,1,0,0.6757895698145377,0.004422332780541736,0.0066,0.0,0,0,0,0.999315537303217,0.0,0.0,100,0.66
POL-2021274,INS-10174,Regional Bank,SEC,Midwest,2021,GCP,FIS,1254340,0.0,0,0.0,0.0,6.614993660787057,0.2141819004941106,0.7925000000000001,0.2074999999999999,7.428571428571429,Low,0.0,0.0,1,0,-0.12953349143487403,0.020128824476650563,0.0278,1.3862943611198906,1,0,0,0.999315537303217,0.0,0.0,15,0.417
POL-2021275,INS-10175,Hedge Fund,SEC,Southeast,2021,Azure,Unknown,867042,0.0,0,0.0,0.0,6.013226038889495,-0.33017178231764704,0.8415,0.15849999999999997,27.35294117647059,Extreme,0.0,0.0,1,0,0.12750738266465667,0.024521824423737126,0.0132,0.0,0,0,1,0.999315537303217,0.0,0.0,10,0.132
POL-2021276,INS-10176,Insurance Carrier,NCUA,Southeast,2023,GCP,Unknown,1169807,0.0,0,0.0,0.0,6.490268195646648,0.08850327958311464,0.618,0.382,13.75,Moderate,0.7797905781299385,0.0,0,0,-0.5063321859905779,0.022806750798236276,0.04473333333333333,0.6931471805599453,0,0,1,0.999315537303217,0.0,0.0,15,0.671
POL-2021277,INS-10177,Regional Bank,CFPB,Southwest,2020,AWS,Jack Henry,532651,0.0,0,0.0,0.0,6.138590611998276,0.19537327695557571,0.728,0.272,21.794871794871796,High,0.0,0.0,1,0,-0.5340779712434314,0.010813148788927337,0.038,0.6931471805599453,0,0,0,0.999315537303217,0.0,0.0,5,0.19
POL-2021278,INS-10178,Regional Bank,FRB,West,2023,Hybrid,Fiserv,839042,0.0,0,0.0,0.0,7.11574458252467,0.6960601258060928,0.773,0.22699999999999998,29.615384615384613,Extreme,0.0,0.0,1,0,-0.3702948893187671,0.0016257519102584946,0.025,0.0,0,1,0,0.999315537303217,0.0,0.0,2,0.05
POL-2021279,INS-10179,Hedge Fund,OCC,Northeast,2022,GCP,Unknown,389146,0.0,0,0.0,0.0,4.900820428089049,-0.8970153214752336,0.7170000000000001,0.2829999999999999,5.217391304347826,Low,0.0,0.0,1,0,0.35800971368521867,0.1874062968515742,0.00984,0.0,0,0,1,0.999315537303217,0.0,0.0,25,0.246
POL-2021280,INS-10180,Fintech-Payments,CFPB,Midwest,2021,GCP,Unknown,497280,0.0,0,0.0,0.0,5.290789100127245,-0.6086314663129065,0.5785,0.4215,2.8125,Low,0.0,0.0,1,0,-0.25077477131843184,0.05063291139240506,0.030199999999999998,0.0,0,0,1,0.999315537303217,0.0,0.0,10,0.302
POL-2021281,INS-10181,Community Bank,State,Southwest,2024,On-Prem,Temenos,32191,1.0,1,23670.0,0.0,4.204692619390966,-0.9994430365955586,0.6385000000000001,0.36149999999999993,47.14285714285714,Extreme,2.2057693395814155,0.3333333333333333,1,0,-0.7151992061857008,0.030303030303030304,0.0405,0.0,0,0,0,0.999315537303217,0.7352986859681278,0.0,2,0.081
POL-2021282,INS-10182,Regional Bank,OCC,West,2024,GCP,Other,1176077,0.0,0,0.0,0.0,6.533934176208434,0.27388792698611764,0.7927500000000001,0.20724999999999993,38.148148148148145,Extreme,0.0,0.0,1,0,-0.3620342283722813,0.014553922282055013,0.035199999999999995,0.0,0,0,0,0.999315537303217,0.0,0.0,10,0.352
POL-2021283,INS-10183,Hedge Fund,FDIC,West,2020,AWS,Unknown,835953,0.0,0,0.0,0.0,6.183117431330821,-0.031702674677018726,0.6869999999999999,0.31300000000000006,30.588235294117645,Extreme,2.32233186620105,0.25,1,0,-0.010454344082116818,0.020682523267838676,0.0194,0.0,0,0,1,0.999315537303217,0.0,0.0,10,0.194
POL-2021284,INS-10184,Broker-Dealer,FINRA,National,2021,Azure,Unknown,2845421,0.0,0,0.0,0.0,7.245869024732605,0.400954600787847,0.7857500000000001,0.21424999999999994,7.241379310344827,Low,1.7328679513998633,0.5,1,0,-0.28232981245549404,0.010704345964461572,0.034666666666666665,0.6931471805599453,0,0,1,0.999315537303217,0.0,0.0,15,0.52
POL-2021285,INS-10185,Broker-Dealer,FINRA,Southwest,2022,Hybrid,Unknown,7020304,0.0,0,0.0,0.0,7.763361387239786,0.6519732882756784,0.7095,0.2905,4.3589743589743595,Low,2.87470215534822,0.6666666666666666,0,0,-0.30153634773000165,0.010630155625478355,0.03948,0.0,0,1,1,0.999315537303217,0.0,0.0,25,0.987
POL-2021286,INS-10186,National Bank,OCC,West,2020,GCP,In-House,281878892,0.0,0,0.0,0.0,10.584898633706977,2.606977432488235,0.617,0.383,6.0,Low,0.0,0.0,1,0,0.555851875110488,0.002529577080007993,0.01199,1.0986122886681098,1,0,0,0.999315537303217,0.0,0.0,100,1.199
POL-2021287,INS-10187,Community Bank,FRB,Southeast,2024,Azure,Other,266325,0.0,0,0.0,0.0,4.290459441148391,-1.0035440909399902,0.7725000000000001,0.22749999999999992,5.517241379310345,Low,0.0,0.0,1,0,-0.2703481245374071,0.6944444444444444,0.04356,0.6931471805599453,0,0,0,0.999315537303217,0.0,0.0,50,2.178
POL-2021288,INS-10188,Regional Bank,CFPB,Northeast,2024,GCP,Jack Henry,364522,0.0,0,0.0,0.0,6.554787739831727,0.41438693723240555,0.35775,0.64225,59.375,Extreme,1.2080157624146421,0.0,1,0,-0.11439813809491306,0.0028506271379703536,0.0135,0.0,0,0,0,0.999315537303217,0.0,0.0,2,0.027
POL-2021289,INS-10189,Community Bank,FINRA,Midwest,2021,Azure,FIS,42109,0.0,0,0.0,0.0,4.257030144499196,-0.9433268864271361,0.38275000000000003,0.61725,30.370370370370367,Extreme,0.8109822012551361,0.0,1,0,-0.136650029505683,0.02873563218390805,0.0145,0.0,0,0,0,0.999315537303217,0.0,0.0,2,0.029
POL-2021290,INS-10190,Regional Bank,FINRA,Southwest,2023,On-Prem,FIS,3477898,1.0,1,1244902.0,481017.0,6.904550148033189,0.5999617221381469,0.7955,0.20450000000000002,2.162162162162162,Low,0.0,0.0,1,0,0.4154551687425217,0.05021088572002411,0.01274,0.6931471805599453,0,0,0,0.999315537303217,0.3579466677861168,0.3863894507358812,50,0.637
POL-2021291,INS-10191,Fintech-Payments,SEC,West,2024,Hybrid,Unknown,3292080,0.0,0,0.0,0.0,5.895779296973574,-0.23222386083753024,0.54825,0.45175,2.0,Low,0.0,0.0,1,0,0.09768543096273541,0.27586206896551724,0.03258,1.0986122886681098,1,1,1,0.999315537303217,0.0,0.0,100,3.258
POL-2021292,INS-10192,Regional Bank,CFPB,Southwest,2023,Azure,Fiserv,370840,0.0,0,0.0,0.0,5.902906520126191,-0.06769691404597744,0.30550000000000005,0.6944999999999999,8.695652173913043,Moderate,1.2020649458510235,0.0,1,0,0.05337196200089431,0.01369487811558477,0.011600000000000001,0.6931471805599453,0,0,0,0.999315537303217,0.0,0.0,5,0.058
POL-2021293,INS-10193,National Bank,OCC,Southwest,2022,On-Prem,Other,62750094,0.0,0,0.0,0.0,9.158404766087601,1.891624130499876,0.6305000000000001,0.36949999999999994,30.606060606060602,Extreme,2.18196607332694,0.3333333333333333,1,0,-0.23609294019881322,0.010534188709456542,0.04758,0.0,0,0,0,0.999315537303217,0.0,0.0,100,4.758
POL-2021294,INS-10194,National Bank,OCC,National,2022,On-Prem,FIS,221477503,0.0,0,0.0,0.0,10.23650382418395,2.4145847277887658,0.53925,0.46075,59.0,Extreme,0.0,0.0,1,0,0.6982639801394154,0.0035839210963931416,0.00559,0.6931471805599453,0,0,0,0.999315537303217,0.0,0.0,100,0.559
POL-2021295,INS-10195,Credit Union,NCUA,Southeast,2022,AWS,Finastra,77249,0.0,0,0.0,0.0,3.529297384289471,-1.7441442644273952,0.76425,0.23575000000000002,30.625,Extreme,1.1961141292874042,0.0,1,0,-0.5213850348684084,0.755287009063444,0.04936,0.6931471805599453,0,0,0,0.999315537303217,0.0,0.0,25,1.234
POL-2021296,INS-10196,Insurance Carrier,SEC,Midwest,2020,Hybrid,Unknown,9314660,0.0,0,0.0,0.0,8.126991009973985,0.9399916972991719,0.767,0.23299999999999998,20.416666666666668,High,1.698210592371866,0.5,0,0,0.38026160509598855,0.007388580210426764,0.00884,1.0986122886681098,1,1,1,0.999315537303217,0.0,0.0,25,0.221
POL-2021297,INS-10197,Community Bank,FRB,Midwest,2024,Azure,FIS,145942,0.0,0,0.0,0.0,4.169761201506855,-0.9434329720935054,0.7755,0.22450000000000003,25.0,Extreme,0.0,0.0,1,0,0.45591803589260627,0.39246467817896385,0.00544,0.0,0,0,0,0.999315537303217,0.0,0.0,25,0.136
POL-2021298,INS-10198,Investment Bank,FRB,Southwest,2022,Azure,FIS,23499885,0.0,0,0.0,0.0,8.872991751442749,1.5226792492783836,0.6465000000000001,0.3534999999999999,6.923076923076923,Low,1.4729377586898837,0.0,1,0,0.015330585959362042,0.003503559616570435,0.02524,0.0,0,0,0,0.999315537303217,0.0,0.0,25,0.631
POL-2021299,INS-10199,National Bank,OCC,Midwest,2024,AWS,Fiserv,33195660,0.0,0,0.0,0.0,9.208829230777232,1.681129832898043,0.7375000000000002,0.26249999999999984,15.714285714285714,High,0.0,0.0,1,0,-0.3406996766129566,0.002504031490700027,0.04124,0.0,0,0,0,0.999315537303217,0.0,0.0,25,1.031
POL-2021300,INS-10200,Credit Union,NCUA,Southwest,2023,Hybrid,Fiserv,186004,1.0,1,28930.0,1957.0,3.883623530906448,-1.4746033955003786,0.78825,0.21175,23.333333333333332,Extreme,2.014122529224868,0.3333333333333333,1,0,0.15377292575186752,1.050420168067227,0.0245,0.0,0,1,0,0.999315537303217,0.1555342895851702,0.067646042170757,50,1.225
POL-2021301,INS-10201,Asset Manager,CFPB,National,2022,AWS,Unknown,2599667,0.0,0,0.0,0.0,7.101099199057828,0.22179257239748099,0.59575,0.40425,74.23076923076923,Extreme,0.0,0.0,1,0,0.07221699068943982,0.012373174956693888,0.018733333333333334,0.6931471805599453,0,0,1,0.999315537303217,0.0,0.0,15,0.281
POL-2021302,INS-10202,Fintech-Lending,State,Southeast,2021,AWS,Unknown,1008742,0.0,0,0.0,0.0,6.138590611998276,-0.2495260966080197,0.7157500000000001,0.2842499999999999,19.30232558139535,High,0.6931471805599453,0.0,0,0,-0.2396488256130468,0.021626297577854673,0.029699999999999997,0.0,0,0,1,0.999315537303217,0.0,0.0,10,0.297
POL-2021303,INS-10203,Community Bank,FRB,National,2024,GCP,In-House,25276,0.0,0,0.0,0.0,3.949318790171843,-1.231889427481513,0.6405000000000001,0.35949999999999993,10.714285714285714,Moderate,0.0,0.0,1,0,-0.09214624668414317,0.03929273084479371,0.0125,0.6931471805599453,0,0,0,0.999315537303217,0.0,0.0,2,0.025
POL-2021304,INS-10204,Broker-Dealer,FINRA,Southeast,2024,GCP,Unknown,8372826,0.0,0,0.0,0.0,6.420483408169882,-0.1603344612154151,0.687,0.31299999999999994,19.736842105263158,High,2.1857241093656943,0.25,1,0,0.5447404416552851,0.4076308495026904,0.019896,0.0,0,0,1,0.999315537303217,0.0,0.0,250,4.974
POL-2021305,INS-10205,Hedge Fund,OCC,Southeast,2020,AWS,Unknown,366728,0.0,0,0.0,0.0,5.517452896464707,-0.5049318540677245,0.8582500000000001,0.14174999999999993,0.48780487804878053,Low,0.6931471805599453,0.0,1,0,-0.2359026263391146,0.020161290322580645,0.0246,0.6931471805599453,0,0,1,0.999315537303217,0.0,0.0,5,0.123
POL-2021306,INS-10206,Fintech-Payments,CFPB,Southwest,2021,GCP,Unknown,213109,0.0,0,0.0,0.0,5.788429948716486,-0.43121976004601126,0.6192500000000001,0.3807499999999999,23.6,Extreme,0.0,0.0,1,0,-0.44370271473075207,0.0030721966205837174,0.025,0.6931471805599453,0,0,1,0.999315537303217,0.0,0.0,1,0.025
POL-2021307,INS-10207,Custodian Bank,FDIC,Southwest,2023,GCP,FIS,76411514,0.0,0,0.0,0.0,9.495654643398302,2.0707685908564932,0.725,0.275,6.538461538461538,Low,0.6931471805599453,0.0,1,0,0.2514460006111554,0.007518344761217371,0.025670000000000002,0.0,0,0,0,0.999315537303217,0.0,0.0,100,2.567
POL-2021308,INS-10208,Community Bank,NCUA,West,2021,AWS,Temenos,287266,0.0,0,0.0,0.0,4.716711560720999,-0.7164469236249801,0.77425,0.22575,3.142857142857143,Low,0.0,0.0,1,0,-0.32912869307935627,0.2256317689530686,0.04072,0.0,0,0,0,0.999315537303217,0.0,0.0,25,1.018
POL-2021309,INS-10209,Asset Manager,FRB,Southwest,2020,AWS,Unknown,1265331,0.0,0,0.0,0.0,6.334167333479831,-0.010386243348560883,0.8245,0.1755,1.7647058823529413,Low,1.1961141292874042,0.0,2,0,0.2057283391540593,0.02666666666666667,0.012733333333333334,0.0,0,0,1,0.999315537303217,0.0,0.0,15,0.191
POL-2021310,INS-10210,Regional Bank,FDIC,West,2022,On-Prem,Fiserv,855409,0.0,0,0.0,0.0,6.759487262313034,0.33529246477810665,0.66025,0.33975,7.714285714285714,Low,0.0,0.0,1,0,-0.42281851418958183,0.0058058522991175105,0.033,0.6931471805599453,0,0,0,0.999315537303217,0.0,0.0,5,0.165
POL-2021311,INS-10211,Asset Manager,FINRA,Midwest,2021,Hybrid,Unknown,3467654,1.0,1,210476.0,101464.0,7.064502584656662,0.22526472229960326,0.646,0.354,17.22222222222222,High,0.0,0.0,2,0,-0.16268454532679727,0.021391289466929066,0.03324,0.0,0,1,1,0.999315537303217,0.060696943812733335,0.4820692145422756,25,0.831
POL-2021312,INS-10212,Fintech-Lending,SEC,Southeast,2024,Hybrid,Unknown,403618,0.0,0,0.0,0.0,5.323985113296614,-0.5653254362007422,0.842,0.15800000000000003,4.473684210526315,Low,0.6931471805599453,0.0,0,0,-0.02603066806965576,0.04897159647404506,0.0201,0.6931471805599453,0,1,1,0.999315537303217,0.0,0.0,10,0.201
POL-2021313,INS-10213,Insurance Carrier,State,Southeast,2024,GCP,Unknown,39881548,0.0,0,0.0,0.0,8.920001439863116,1.344423489912226,0.7490000000000001,0.2509999999999999,12.61904761904762,Moderate,0.0,0.0,0,0,0.18224261832366107,0.013370592718375205,0.02878,0.0,0,0,1,0.999315537303217,0.0,0.0,100,2.878
POL-2021314,INS-10214,Investment Bank,FRB,Midwest,2023,AWS,FIS,102851572,0.0,0,0.0,0.0,8.984881642704533,1.6947023023042789,0.914,0.08599999999999997,21.63265306122449,High,0.0,0.0,1,0,0.7845268234977417,0.031326357997619195,0.00912,0.6931471805599453,0,0,0,0.999315537303217,0.0,0.0,250,2.28
POL-2021315,INS-10215,Community Bank,State,Southeast,2024,On-Prem,Fiserv,33013,1.0,1,169520.0,20342.0,4.623010104116422,-0.9623729783486245,0.5952500000000001,0.40474999999999994,5.3125,Low,0.0,0.0,1,0,-0.8664886515353803,0.00992063492063492,0.044,0.0,0,0,0,0.999315537303217,5.134946839123981,0.1199976403964134,1,0.044
POL-2021316,INS-10216,Fintech-Payments,CFPB,Southwest,2021,Hybrid,Unknown,346793,0.0,0,0.0,0.0,5.994709277272871,-0.15850842386262465,0.60275,0.39725,6.5625,Low,0.0,0.0,1,0,-0.8932143374718601,0.004996252810392206,0.0485,0.0,0,1,1,0.999315537303217,0.0,0.0,2,0.097
POL-2021317,INS-10217,Regional Bank,FRB,Southeast,2022,Azure,Temenos,375534,0.0,0,0.0,0.0,6.340888264332522,0.2501374286666114,0.7602500000000001,0.2397499999999999,8.636363636363637,Moderate,0.0,0.0,1,0,-0.4259246178456919,0.003531696980399082,0.0275,0.6931471805599453,0,0,0,0.999315537303217,0.0,0.0,2,0.055
POL-2021318,INS-10218,Regional Bank,NCUA,Southeast,2020,On-Prem,In-House,387738,0.0,0,0.0,0.0,5.700109069289892,-0.2303652605626214,0.7575,0.24250000000000005,8.846153846153847,Moderate,0.0,0.0,1,0,-0.4488166048742842,0.03356831151393085,0.0391,0.0,0,0,0,0.999315537303217,0.0,0.0,10,0.391
POL-2021319,INS-10219,Insurance Carrier,CFPB,Midwest,2023,AWS,Unknown,8403348,0.0,0,0.0,0.0,7.517846884404756,0.5764629608592885,0.68625,0.31375,2.0,Low,1.7190050077886643,0.5,0,0,0.2552415505849783,0.027179821700369648,0.01994,0.6931471805599453,0,0,1,0.999315537303217,0.0,0.0,50,0.997
POL-2021320,INS-10220,Regional Bank,NCUA,Midwest,2023,Hybrid,Fiserv,531972,0.0,0,0.0,0.0,6.722148331196653,0.5300563347029644,0.6579999999999999,0.3420000000000001,4.2105263157894735,Low,0.0,0.0,1,0,-0.136650029505683,0.0024108003857280617,0.0145,0.0,0,1,0,0.999315537303217,0.0,0.0,2,0.029
POL-2021321,INS-10221,Broker-Dealer,FINRA,Southwest,2024,On-Prem,Unknown,4549291,0.0,0,0.0,0.0,6.75530315579046,0.17225697503677692,0.8132500000000001,0.18674999999999986,11.818181818181817,Moderate,0.0,0.0,0,0,-0.007775805890322118,0.05830223880597015,0.031760000000000004,0.6931471805599453,0,0,1,0.999315537303217,0.0,0.0,50,1.588
POL-2021322,INS-10222,Fintech-Payments,CFPB,National,2022,GCP,Unknown,1341995,1.0,1,163960.0,46000.0,6.214808078424858,-0.32890469223195246,0.54975,0.45025000000000004,8.8,Moderate,0.0,0.0,1,0,-0.5088967116833628,0.02003606491685033,0.0418,0.0,0,0,1,0.999315537303217,0.12217631213231048,0.28055623322761647,10,0.418
POL-2021323,INS-10223,Regional Bank,State,National,2023,AWS,Jack Henry,1112539,1.0,1,503848.0,214665.0,6.441743671005939,0.21150959262078525,0.5387500000000001,0.46124999999999994,5.609756097560976,Low,0.6931471805599453,0.0,1,0,0.20316381346127438,0.01596169193934557,0.0098,0.6931471805599453,0,0,0,0.999315537303217,0.4528812023668384,0.42605111065241896,10,0.098
POL-2021324,INS-10224,Asset Manager,State,Northeast,2024,Hybrid,Unknown,2141076,1.0,1,5713472.0,91041.0,7.117692002809065,0.3547519872527267,0.72675,0.27325,12.380952380952383,Moderate,0.6931471805599453,0.0,2,0,0.031824249598346066,0.008112932013629726,0.017499999999999998,1.0986122886681098,1,1,1,0.999315537303217,2.6685049946849153,0.01593444406483483,10,0.175
POL-2021325,INS-10225,Regional Bank,State,Southwest,2020,AWS,In-House,371011,1.0,1,9537.0,5645.0,6.361302477572996,0.09124063705313752,0.7155,0.2845,2.1052631578947367,Low,0.6931471805599453,0.0,1,0,-0.31466516079184226,0.0034602076124567475,0.0225,0.6931471805599453,0,0,0,0.999315537303217,0.02570543730509338,0.5919052112823739,2,0.045
POL-2021326,INS-10226,Fintech-Lending,SEC,National,2024,On-Prem,Unknown,1536536,0.0,0,0.0,0.0,5.129306823813755,-0.8642407754770866,0.6627500000000001,0.33724999999999994,10.0,Moderate,0.7797905781299385,0.0,0,0,0.36404057114965127,0.5955926146515783,0.02061,0.6931471805599453,0,0,1,0.999315537303217,0.0,0.0,100,2.061
POL-2021327,INS-10227,Hedge Fund,State,National,2020,On-Prem,Unknown,296518,1.0,1,715060.0,103410.0,6.5321887212198355,-0.08558594057033363,0.6030000000000001,0.3969999999999999,12.727272727272727,Moderate,0.0,0.0,0,0,-0.9332443257676902,0.0014579384749963552,0.047,0.0,0,0,1,0.999315537303217,2.4115230778569936,0.1446172349173496,1,0.047
POL-2021328,INS-10228,Fintech-Payments,State,Midwest,2022,On-Prem,Unknown,566563,0.0,0,0.0,0.0,5.925591802957274,-0.34242881459311064,0.6852499999999999,0.3147500000000001,6.578947368421052,Low,0.0,0.0,1,0,-0.15579581726034278,0.013386880856760375,0.020999999999999998,0.0,0,0,1,0.999315537303217,0.0,0.0,5,0.105
POL-2021329,INS-10229,Fintech-Payments,SEC,National,2021,GCP,Unknown,7003840,0.0,0,0.0,0.0,7.421357045694879,0.43922872650486694,0.6535,0.34650000000000003,1.5151515151515151,Low,2.3370612437879488,0.25,1,0,-0.5356262453713012,0.014967371130934564,0.05,0.0,0,0,1,0.999315537303217,0.0,0.0,25,1.25
POL-2021330,INS-10230,Fintech-Payments,CFPB,West,2021,Hybrid,Unknown,180192,1.0,1,783616.0,326299.0,5.794232377578273,-0.3536853261178201,0.63025,0.36975,6.875,Low,0.0,0.0,1,0,-0.44370271473075207,0.0030543677458766036,0.025,0.6931471805599453,0,1,1,0.999315537303217,4.348783519801101,0.4164016559131003,1,0.025
POL-2021331,INS-10231,Community Bank,State,Midwest,2022,On-Prem,Finastra,36502,0.0,0,0.0,0.0,4.835487941050301,-0.5728058050414898,0.7155,0.2845,4.871794871794872,Low,0.0,0.0,1,0,-0.9109924343569202,0.008006405124099279,0.046,0.0,0,0,0,0.999315537303217,0.0,0.0,1,0.046
POL-2021332,INS-10232,Community Bank,CFPB,Southeast,2023,GCP,Fiserv,310902,1.0,1,19556986.0,8449029.0,4.724729421045731,-0.6194228696890604,0.88675,0.11324999999999996,10.24390243902439,Moderate,0.0,0.0,1,0,-0.035403726457193474,0.22381378692927484,0.02752,0.0,0,0,0,0.999315537303217,62.904021202822754,0.4320210179625838,25,0.688
POL-2021333,INS-10233,Community Bank,FRB,Southwest,2024,AWS,Finastra,142101,0.0,0,0.0,0.0,4.592084946439436,-0.7351953809848158,0.69725,0.30274999999999996,6.0,Low,0.0,0.0,1,0,0.16978597634511947,0.10235414534288638,0.011300000000000001,0.0,0,0,0,0.999315537303217,0.0,0.0,10,0.113
POL-2021334,INS-10234,Hedge Fund,CFPB,Southwest,2023,AWS,Unknown,1247011,0.0,0,0.0,0.0,6.24436105657154,-0.1762352876859734,0.68275,0.31725000000000003,28.529411764705884,Extreme,0.7797905781299385,0.0,1,0,-0.32683359527703393,0.029177202878817348,0.03666666666666667,0.0,0,0,1,0.999315537303217,0.0,0.0,15,0.55
POL-2021335,INS-10235,Fintech-Lending,CFPB,Southeast,2022,On-Prem,Unknown,5317885,1.0,1,942062.0,538834.0,5.907811162110729,-0.393365378405325,0.7817500000000001,0.21824999999999994,8.529411764705882,Moderate,0.0,0.0,0,0,0.7357506775253341,0.6813845734532571,0.011312,0.0,0,0,1,0.999315537303217,0.17714975032367192,0.5719729699319153,250,2.828
POL-2021336,INS-10236,Community Bank,FINRA,Southeast,2022,On-Prem,Fiserv,26132,0.0,0,0.0,0.0,3.9627161197436642,-1.2720708560067162,0.8729999999999999,0.1270000000000001,6.756756756756756,Low,1.559581156259877,0.0,1,0,-0.7263251518910857,0.03875968992248062,0.041,0.6931471805599453,0,0,0,0.999315537303217,0.0,0.0,2,0.082
POL-2021337,INS-10237,Regional Bank,NCUA,Southwest,2021,Hybrid,Finastra,596899,1.0,1,122846.0,19451.0,6.0390635259072605,-0.04005853025513632,0.5672499999999999,0.4327500000000001,6.764705882352941,Low,0.0,0.0,1,0,0.29884694652758503,0.023894862604540025,0.0055,0.6931471805599453,0,1,0,0.999315537303217,0.2058070125766671,0.15833645377138858,10,0.055
POL-2021338,INS-10238,Community Bank,State,National,2024,GCP,Jack Henry,69380,0.0,0,0.0,0.0,3.7999735016195233,-1.1931639594403471,0.71625,0.28374999999999995,10.384615384615385,Moderate,0.6931471805599453,0.0,1,0,0.307747703091893,0.22883295194508008,0.0050999999999999995,0.6931471805599453,0,0,0,0.999315537303217,0.0,0.0,10,0.051
POL-2021339,INS-10239,National Bank,FRB,National,2021,Hybrid,Fiserv,53505786,0.0,0,0.0,0.0,9.305950506789506,1.9545263236125852,0.7812500000000001,0.2187499999999999,10.0,Moderate,0.0,0.0,1,0,0.4069994500064291,0.004544504330912628,0.01312,0.0,0,1,0,0.999315537303217,0.0,0.0,50,0.656
POL-2021340,INS-10240,Credit Union,NCUA,Northeast,2024,Hybrid,Other,88490,0.0,0,0.0,0.0,4.387014176184921,-1.2690976659623623,0.8865000000000002,0.11349999999999982,9.51219512195122,Moderate,0.0,0.0,1,0,-0.36425941751335833,0.12594458438287154,0.0353,0.0,0,1,0,0.999315537303217,0.0,0.0,10,0.353
POL-2021341,INS-10241,Insurance Carrier,OCC,Southwest,2024,Hybrid,Unknown,1769988,0.0,0,0.0,0.0,7.483694258636541,0.49884554673917575,0.7345,0.26549999999999996,1.212121212121212,Low,1.3862943611198906,0.0,0,0,0.03112007059012442,0.0028124648441894477,0.0126,1.0986122886681098,1,1,1,0.999315537303217,0.0,0.0,5,0.063
POL-2021342,INS-10242,Regional Bank,OCC,Midwest,2021,Azure,Temenos,1053419,0.0,0,0.0,0.0,6.8493843656558075,0.5050761539085551,0.86475,0.13524999999999998,9.375,Moderate,0.0,0.0,1,0,0.16463141905474393,0.005306165764618487,0.0066,0.0,0,0,0,0.999315537303217,0.0,0.0,5,0.033
POL-2021343,INS-10243,Credit Union,NCUA,National,2022,Hybrid,FIS,123021,0.0,0,0.0,0.0,3.2771447329921766,-1.7610237722190645,0.76,0.24,8.25,Moderate,0.0,0.0,1,0,0.2512234816970478,3.9215686274509802,0.02568,0.0,0,1,0,0.999315537303217,0.0,0.0,100,2.568
POL-2021344,INS-10244,Credit Union,NCUA,West,2023,GCP,In-House,63357,0.0,0,0.0,0.0,3.7932394694381792,-1.6356968403651433,0.69725,0.30274999999999996,27.142857142857142,Extreme,0.0,0.0,1,0,-0.24632439303627784,0.2304147465437788,0.03,0.0,0,0,0,0.999315537303217,0.0,0.0,10,0.3
POL-2021345,INS-10245,Fintech-Lending,SEC,West,2023,GCP,Unknown,670302,0.0,0,0.0,0.0,5.910254491682439,-0.3908642445118029,0.46225,0.53775,23.225806451612904,Extreme,1.3862943611198906,0.0,0,0,0.034049438739423066,0.02718868950516585,0.0174,0.6931471805599453,0,0,1,0.999315537303217,0.0,0.0,10,0.174
POL-2021346,INS-10246,Regional Bank,FDIC,West,2022,Hybrid,FIS,1499685,0.0,0,0.0,0.0,6.477433794875106,0.3166902399707789,0.69125,0.30874999999999997,6.8181818181818175,Low,0.7875884839112379,0.0,1,0,-0.2508020353134463,0.03850300323425227,0.037200000000000004,0.0,0,1,0,0.999315537303217,0.0,0.0,25,0.93
POL-2021347,INS-10247,Community Bank,NCUA,National,2024,GCP,FIS,39141,1.0,1,365451.0,143876.0,4.497584975308154,-0.8629781537392697,0.67675,0.32325000000000004,15.161290322580644,High,0.0,0.0,1,0,-0.7151992061857008,0.022522522522522525,0.0405,0.0,0,0,0,0.999315537303217,9.33678240208477,0.393694366686642,2,0.081
POL-2021348,INS-10248,Hedge Fund,FRB,Southeast,2023,AWS,Unknown,941421,0.0,0,0.0,0.0,5.808142489980444,-0.44776699645992707,0.8684999999999999,0.13150000000000006,10.000000000000002,Moderate,1.1901633127237856,0.0,0,0,-0.16661997711949061,0.045180722891566265,0.029466666666666665,0.0,0,0,1,0.999315537303217,0.0,0.0,15,0.442
POL-2021349,INS-10249,Investment Bank,OCC,National,2022,AWS,In-House,125300859,0.0,0,0.0,0.0,9.157403622592822,1.6721790904516454,0.61375,0.38625,4.0,Low,0.0,0.0,1,0,-0.10448074214533798,0.02636185334373748,0.049072000000000005,0.0,0,0,0,0.999315537303217,0.0,0.0,250,12.268
POL-2021350,INS-10250,Asset Manager,OCC,Northeast,2020,Azure,Unknown,9279574,0.0,0,0.0,0.0,6.772737067304049,0.08913345180990273,0.56325,0.43674999999999997,23.6,Extreme,0.0,0.0,2,0,-0.07546427574569381,0.2864672854360032,0.047768,0.0,0,0,1,0.999315537303217,0.0,0.0,250,11.942
POL-2021351,INS-10251,Regional Bank,CFPB,Northeast,2022,Azure,Fiserv,171255,0.0,0,0.0,0.0,6.1450436350362825,-0.04127390749270541,0.7705000000000001,0.22949999999999993,13.913043478260867,Moderate,0.0,0.0,1,0,-0.7329773030707609,0.0021486892995272885,0.038,1.0986122886681098,1,0,0,0.999315537303217,0.0,0.0,1,0.038
POL-2021352,INS-10252,Asset Manager,FRB,West,2022,Azure,Unknown,2151444,0.0,0,0.0,0.0,6.845454252784758,0.25949458937674963,0.434,0.5660000000000001,14.4,High,0.0,0.0,2,0,-0.25266062390780086,0.015981248668229277,0.03333333333333333,0.0,0,0,1,0.999315537303217,0.0,0.0,15,0.5
POL-2021353,INS-10253,Fintech-Lending,CFPB,Northeast,2021,Hybrid,Unknown,1231668,0.0,0,0.0,0.0,5.9293231505701325,-0.4318321122188948,0.87125,0.12875000000000003,5.90909090909091,Low,0.0,0.0,0,0,0.4274356148868208,0.06668444918644972,0.00672,0.0,0,1,1,0.999315537303217,0.0,0.0,25,0.168
POL-2021354,INS-10254,Credit Union,NCUA,National,2020,Hybrid,Fiserv,29027,0.0,0,0.0,0.0,3.9512437185814275,-1.5288974835126077,0.6825,0.3175,8.108108108108107,Moderate,0.0,0.0,1,0,-0.3702948893187671,0.0392156862745098,0.025,0.6931471805599453,0,1,0,0.999315537303217,0.0,0.0,2,0.05
POL-2021355,INS-10255,Asset Manager,NCUA,West,2024,On-Prem,Unknown,1947766,0.0,0,0.0,0.0,6.024415647247668,-0.17469252342003297,0.72125,0.27875000000000005,17.83783783783784,High,0.6931471805599453,0.0,1,0,-0.2877045998378077,0.12124151309408342,0.044340000000000004,1.0986122886681098,1,0,1,0.999315537303217,0.0,0.0,50,2.217
POL-2021356,INS-10256,Broker-Dealer,SEC,Southwest,2020,Azure,Unknown,1103290,0.0,0,0.0,0.0,6.933617938507864,0.32262256907689185,0.7362500000000001,0.26374999999999993,54.347826086956516,Extreme,0.0,0.0,0,0,-0.111292034438803,0.004877097151775263,0.019,0.6931471805599453,0,0,1,0.999315537303217,0.0,0.0,5,0.095
POL-2021357,INS-10257,Regional Bank,FDIC,West,2023,GCP,FIS,644123,1.0,1,6434746.0,163410.0,5.52823790214127,-0.30895644647221276,0.684,0.31599999999999995,9.02439024390244,Moderate,1.5647797601140765,0.0,1,0,-0.49913314345763843,0.0997207818109294,0.04836,0.6931471805599453,0,0,0,0.999315537303217,9.989933599638578,0.025394941773925497,25,1.209
POL-2021358,INS-10258,Insurance Carrier,FINRA,Midwest,2024,GCP,Unknown,5432919,0.0,0,0.0,0.0,8.17574459322149,1.1545730836413164,0.581,0.41900000000000004,16.08695652173913,High,0.6931471805599453,0.0,0,0,-0.2663510953059709,0.002814760604610578,0.0309,0.0,0,0,1,0.999315537303217,0.0,0.0,10,0.309
POL-2021359,INS-10259,Community Bank,NCUA,Northeast,2023,AWS,Temenos,110894,0.0,0,0.0,0.0,4.697749367281185,-0.70646779154895,0.8170000000000001,0.18299999999999994,4.864864864864865,Low,0.0,0.0,1,0,-0.6230855368865109,0.045998160073597055,0.041999999999999996,0.6931471805599453,0,0,0,0.999315537303217,0.0,0.0,5,0.21
POL-2021360,INS-10260,National Bank,FDIC,Northeast,2023,AWS,Fiserv,106083990,0.0,0,0.0,0.0,10.320410106054641,2.440996422791229,0.8729999999999999,0.1270000000000001,8.108108108108107,Moderate,0.0,0.0,1,0,0.4016234208503277,0.0008238671003503083,0.00788,0.0,0,0,0,0.999315537303217,0.0,0.0,25,0.197
POL-2021361,INS-10261,Credit Union,NCUA,Northeast,2024,AWS,Finastra,162659,0.0,0,0.0,0.0,5.11739483066779,-0.7250932579667619,0.82775,0.17225000000000001,32.57142857142857,Extreme,0.0,0.0,1,0,0.18688331046551382,0.03013863773357444,0.0056,0.0,0,0,0,0.999315537303217,0.0,0.0,5,0.028
POL-2021362,INS-10262,Community Bank,State,National,2024,Hybrid,Finastra,266208,0.0,0,0.0,0.0,4.763028270603671,-0.6032115693630521,0.894,0.10599999999999998,75.60975609756098,Extreme,0.6931471805599453,0.0,1,0,0.11501905947961122,0.2153316106804479,0.02076,0.0,0,1,0,0.999315537303217,0.0,0.0,25,0.519
POL-2021363,INS-10263,Insurance Carrier,FRB,Southeast,2020,GCP,Unknown,1138362,0.0,0,0.0,0.0,6.77376663897882,0.15830144278066482,0.7207500000000001,0.2792499999999999,17.333333333333332,High,0.0,0.0,0,0,-0.25967552788273984,0.011446886446886446,0.0306,0.6931471805599453,0,0,1,0.999315537303217,0.0,0.0,10,0.306
POL-2021364,INS-10264,Community Bank,FINRA,National,2024,GCP,FIS,799832,1.0,1,151126.0,92917.0,4.987025428457122,-0.5501079729815198,0.81025,0.18974999999999997,9.142857142857142,Moderate,0.0,0.0,1,0,0.5863369663432427,0.6872852233676976,0.010620000000000001,0.0,0,0,0,0.999315537303217,0.1889471789075706,0.6148313327951511,100,1.062
POL-2021365,INS-10265,Fintech-Payments,CFPB,Southwest,2022,AWS,Unknown,533399,0.0,0,0.0,0.0,4.920710586568268,-1.161114626161506,0.86475,0.13524999999999998,15.277777777777777,High,1.6094379124341003,0.0,1,0,-0.31043710429430954,0.18368846436443792,0.03988,0.0,0,0,1,0.999315537303217,0.0,0.0,25,0.997
POL-2021366,INS-10266,Broker-Dealer,FINRA,National,2022,GCP,Unknown,1825039,0.0,0,0.0,0.0,7.008866780350549,0.2257978731052798,0.596,0.404,74.0,Extreme,2.2781437334403534,0.25,1,0,-0.2129465559201229,0.00904649900488511,0.028499999999999998,0.0,0,0,1,0.999315537303217,0.0,0.0,10,0.285
POL-2021367,INS-10267,Fintech-Payments,CFPB,Midwest,2023,Hybrid,Unknown,2147889,1.0,1,158274.0,80761.0,5.8027224225111045,-0.42675120184799226,0.5854999999999999,0.4145000000000001,11.578947368421051,Moderate,0.0,0.0,1,0,-0.1862359750046968,0.15142337976983647,0.03978,0.0,0,1,1,0.999315537303217,0.07368816544989057,0.5102606871627684,50,1.989
POL-2021368,INS-10268,Regional Bank,FDIC,National,2023,AWS,FIS,506166,0.0,0,0.0,0.0,5.6832395734248715,-0.30490785129212944,0.5807500000000001,0.4192499999999999,23.2,Extreme,0.6931471805599453,0.0,1,0,0.30363666136144696,0.05121201775349949,0.008333333333333333,0.0,0,0,0,0.999315537303217,0.0,0.0,15,0.125
POL-2021369,INS-10269,Regional Bank,SEC,National,2024,On-Prem,In-House,4568059,0.0,0,0.0,0.0,6.478970365552356,0.22381953658359152,0.788,0.21199999999999997,7.0,Low,0.0,0.0,1,0,0.4715172066636699,0.15377518068583731,0.015780000000000002,0.0,0,0,0,0.999315537303217,0.0,0.0,100,1.578
POL-2021370,INS-10270,Fintech-Lending,State,Northeast,2022,Hybrid,Unknown,99847,0.0,0,0.0,0.0,4.767289035464526,-0.9587426862403664,0.93,0.06999999999999995,7.551020408163266,Low,0.0,0.0,0,0,-0.35916894361338214,0.017152658662092625,0.0245,0.6931471805599453,0,1,1,0.999315537303217,0.0,0.0,2,0.049
POL-2021371,INS-10271,Asset Manager,FINRA,Southwest,2020,Azure,Unknown,1114878,0.0,0,0.0,0.0,7.491199194450119,0.621922947752799,0.7215,0.27849999999999997,11.35135135135135,Moderate,0.7953863896925372,0.0,2,0,-0.7708289347126255,0.0011165698972755694,0.043,0.0,0,0,1,0.999315537303217,0.0,0.0,2,0.086
POL-2021372,INS-10272,Regional Bank,FRB,Southwest,2023,AWS,Finastra,639675,0.0,0,0.0,0.0,6.3281153392157865,0.09433263138557185,0.617,0.383,22.0,High,0.0,0.0,1,0,-0.1424446824138809,0.008942944017170452,0.020399999999999998,0.0,0,0,0,0.999315537303217,0.0,0.0,5,0.102
POL-2021373,INS-10273,Custodian Bank,OCC,Midwest,2021,GCP,Other,22638675,0.0,0,0.0,0.0,8.96406892076995,1.577953690863118,0.638,0.362,16.857142857142858,High,0.0,0.0,1,0,-0.42080648569172824,0.003198526119164289,0.04484,0.0,0,0,0,0.999315537303217,0.0,0.0,25,1.121
POL-2021374,INS-10274,Community Bank,SEC,West,2020,Azure,FIS,22104,0.0,0,0.0,0.0,3.871201010907891,-1.2245515454405602,0.76075,0.23924999999999996,10.0,Moderate,0.7875884839112379,0.0,1,0,-0.09214624668414317,0.0425531914893617,0.0125,1.0986122886681098,1,0,0,0.999315537303217,0.0,0.0,2,0.025
POL-2021375,INS-10275,Broker-Dealer,SEC,Midwest,2023,Hybrid,Unknown,496809,0.0,0,0.0,0.0,6.170656210893009,-0.17156039276322274,0.91325,0.08675,12.291666666666668,Moderate,0.6931471805599453,0.0,1,0,-0.36496359652158017,0.010471204188481676,0.0304,0.6931471805599453,0,1,1,0.999315537303217,0.0,0.0,5,0.152
POL-2021376,INS-10276,Community Bank,OCC,West,2020,Azure,In-House,84377,0.0,0,0.0,0.0,4.455509411433685,-0.82540916182161,0.84475,0.15525,7.647058823529412,Low,0.0,0.0,1,0,-0.5563298626542014,0.058754406580493544,0.039,1.0986122886681098,1,0,0,0.999315537303217,0.0,0.0,5,0.195
POL-2021377,INS-10277,Regional Bank,OCC,West,2020,On-Prem,FIS,167248,0.0,0,0.0,0.0,6.040254711277414,-0.03688604002265483,0.9025000000000002,0.09749999999999981,15.609756097560977,High,0.0,0.0,1,0,-0.688473520249221,0.002386634844868735,0.036,0.6931471805599453,0,0,0,0.999315537303217,0.0,0.0,1,0.036
POL-2021378,INS-10278,Community Bank,NCUA,West,2020,On-Prem,In-House,16261,0.0,0,0.0,0.0,3.977810745966149,-1.282187998269863,0.625,0.375,15.6,High,0.0,0.0,1,0,-0.7997329773030707,0.019083969465648856,0.041,0.6931471805599453,0,0,0,0.999315537303217,0.0,0.0,1,0.041
POL-2021379,INS-10279,Asset Manager,CFPB,National,2021,On-Prem,Unknown,1075939,0.0,0,0.0,0.0,6.686110603791663,0.20554300833183245,0.835,0.16500000000000004,3.5294117647058827,Low,0.6931471805599453,0.0,1,0,0.1163814369592717,0.012496875781054736,0.0137,0.6931471805599453,0,0,1,0.999315537303217,0.0,0.0,10,0.137
POL-2021380,INS-10280,Asset Manager,FRB,Southwest,2022,GCP,Unknown,1156339,0.0,0,0.0,0.0,6.976441436770584,0.3018939318019362,0.615,0.385,2.1875,Low,0.0,0.0,1,0,0.05337196200089431,0.004672460517708626,0.011600000000000001,0.6931471805599453,0,0,1,0.999315537303217,0.0,0.0,5,0.058
POL-2021381,INS-10281,Regional Bank,FDIC,West,2022,Azure,Other,1631600,0.0,0,0.0,0.0,7.105047546705913,0.7198546169490201,0.721,0.279,18.979591836734695,High,0.0,0.0,1,0,-0.1662175839575062,0.008216251745953496,0.0264,0.0,0,0,0,0.999315537303217,0.0,0.0,10,0.264
POL-2021382,INS-10282,Broker-Dealer,FINRA,Southwest,2021,On-Prem,Unknown,2666098,0.0,0,0.0,0.0,6.177321513636175,-0.3087503414877281,0.6882500000000001,0.31174999999999986,20.357142857142854,High,0.6931471805599453,0.0,1,0,-0.029582659472876527,0.10401497815685459,0.03274,0.0,0,0,1,0.999315537303217,0.0,0.0,50,1.637
POL-2021383,INS-10283,Broker-Dealer,SEC,West,2021,Azure,Unknown,403896,0.0,0,0.0,0.0,6.462561328644976,-0.009707175698829265,0.268,0.732,14.0,Moderate,0.0,0.0,1,0,-0.648443531953391,0.0031264655307175235,0.0375,0.0,0,0,1,0.999315537303217,0.0,0.0,2,0.075
POL-2021384,INS-10284,Fintech-Payments,CFPB,Midwest,2022,GCP,Unknown,1801039,0.0,0,0.0,0.0,5.71042701737487,-0.5433915452242452,0.7655,0.23450000000000004,12.571428571428571,Moderate,0.0,0.0,1,0,0.19560648160411498,0.16611295681063123,0.02262,0.0,0,0,1,0.999315537303217,0.0,0.0,50,1.131
POL-2021385,INS-10285,Regional Bank,State,Northeast,2023,Azure,Fiserv,1743493,0.0,0,0.0,0.0,5.589493328254074,-0.47722682705553954,0.45075000000000004,0.54925,17.333333333333332,High,1.6681742145476017,0.0,1,0,0.44192219108734593,0.3750937734433608,0.01711,0.0,0,0,0,0.999315537303217,0.0,0.0,100,1.711
POL-2021386,INS-10286,Broker-Dealer,SEC,Southwest,2024,Hybrid,Unknown,2428166,0.0,0,0.0,0.0,5.846438775057725,-0.2383722174349535,0.82675,0.17325000000000002,11.38888888888889,Moderate,0.0,0.0,1,0,-0.0006679290728677234,0.2898550724637681,0.037000000000000005,0.6931471805599453,0,1,1,0.999315537303217,0.0,0.0,100,3.7
POL-2021387,INS-10287,Insurance Carrier,FINRA,Southeast,2024,On-Prem,Unknown,3325410,1.0,1,31244.0,0.0,8.123913538171875,0.7991852004228036,0.8630000000000001,0.1369999999999999,49.21052631578947,Extreme,1.2080157624146421,0.0,0,0,-0.7832991550440545,0.0014822720265623148,0.0492,0.0,0,0,1,0.999315537303217,0.009395533182374504,0.0,5,0.246
POL-2021388,INS-10288,Insurance Carrier,OCC,National,2023,AWS,Unknown,11131156,0.0,0,0.0,0.0,7.553391476871031,0.622279149858779,0.6747500000000001,0.32524999999999993,2.1052631578947367,Low,1.9866572220081649,0.3333333333333333,0,0,-0.0516247604035307,0.05246039240373518,0.03929,0.0,0,0,1,0.999315537303217,0.0,0.0,100,3.929
POL-2021389,INS-10289,Regional Bank,FRB,Southeast,2020,Azure,In-House,754413,0.0,0,0.0,0.0,7.7356518600936965,1.1297777410980923,0.63175,0.36824999999999997,4.848484848484848,Low,1.1901633127237856,0.0,1,0,-0.44370271473075207,0.0004371584699453552,0.025,0.6931471805599453,0,0,0,0.999315537303217,0.0,0.0,1,0.025
POL-2021390,INS-10290,Regional Bank,NCUA,Southwest,2024,Azure,Jack Henry,3729707,0.0,0,0.0,0.0,6.687607236647726,0.3220008975424212,0.88275,0.11724999999999997,55.55555555555556,Extreme,0.0,0.0,1,0,0.2445606427078088,0.062390816071874224,0.020419999999999997,0.0,0,0,0,0.999315537303217,0.0,0.0,50,1.021
POL-2021391,INS-10291,Hedge Fund,State,West,2021,On-Prem,Unknown,117270,0.0,0,0.0,0.0,4.917788743729904,-0.9317217348469266,0.8615,0.13849999999999996,1.8421052631578947,Low,2.2236217892722725,0.3333333333333333,1,0,-0.926592174588015,0.014738393515106855,0.05,0.0,0,0,1,0.999315537303217,0.0,0.0,2,0.1
POL-2021392,INS-10292,Fintech-Lending,CFPB,Northeast,2021,AWS,Unknown,2621824,0.0,0,0.0,0.0,5.737861788309064,-0.41457059372452143,0.7965000000000001,0.2034999999999999,4.2105263157894735,Low,0.6931471805599453,0.0,0,0,0.2002666503663847,0.32320620555914675,0.027970000000000002,0.0,0,0,1,0.999315537303217,0.0,0.0,100,2.797
POL-2021393,INS-10293,National Bank,FRB,West,2021,Azure,Finastra,132966554,0.0,0,0.0,0.0,9.927443308348359,2.149538935018354,0.8575,0.14249999999999996,8.25,Moderate,0.0,0.0,1,0,0.32309709095383454,0.004881882844575495,0.02245,0.0,0,0,0,0.999315537303217,0.0,0.0,100,2.245
POL-2021394,INS-10294,Asset Manager,CFPB,Southeast,2024,Hybrid,Unknown,5178583,0.0,0,0.0,0.0,6.273254293854925,-0.2069270087472058,0.8670000000000001,0.1329999999999999,4.5,Low,0.0,0.0,2,0,0.6348160980860817,0.47241118669690096,0.015848,0.0,0,1,1,0.999315537303217,0.0,0.0,250,3.962
POL-2021395,INS-10295,Regional Bank,OCC,Midwest,2021,On-Prem,Finastra,1178497,0.0,0,0.0,0.0,6.990992877552193,0.6732621371798512,0.673,0.32699999999999996,17.666666666666668,High,3.1962749363570473,0.5,1,0,-0.42281851418958183,0.004604899613188432,0.033,0.0,0,0,0,0.999315537303217,0.0,0.0,5,0.165
POL-2021396,INS-10296,Investment Bank,FDIC,West,2021,On-Prem,FIS,4530473,0.0,0,0.0,0.0,8.033334015880062,1.212346565531037,0.77025,0.22975,24.814814814814813,Extreme,0.0,0.0,1,0,0.026669692307970422,0.0016228497241155468,0.0128,0.0,0,0,0,0.999315537303217,0.0,0.0,5,0.064
POL-2021397,INS-10297,Broker-Dealer,FINRA,National,2022,On-Prem,Unknown,18589995,0.0,0,0.0,0.0,6.738626315974166,0.028957724858225394,0.8055,0.1945,21.5625,High,0.7875884839112379,0.0,1,0,0.3718736092567869,0.5928385107896609,0.033288,0.0,0,0,1,0.999315537303217,0.0,0.0,500,16.644
POL-2021398,INS-10298,Regional Bank,SEC,Southwest,2024,On-Prem,Fiserv,595178,0.0,0,0.0,0.0,5.950902935351859,-0.007034527463546981,0.6670000000000001,0.33299999999999985,19.565217391304344,High,0.0,0.0,1,0,-0.4755188745672081,0.0261028452101279,0.0403,1.0986122886681098,1,0,0,0.999315537303217,0.0,0.0,10,0.403
POL-2021399,INS-10299,Broker-Dealer,FINRA,Midwest,2023,Azure,Unknown,1299177,0.0,0,0.0,0.0,6.170865175474273,-0.09601876126518893,0.44,0.56,2.5925925925925926,Low,0.0,0.0,1,0,-0.2686035484420621,0.05234505862646566,0.038,0.6931471805599453,0,0,1,0.999315537303217,0.0,0.0,25,0.95
POL-2021400,INS-10300,Hedge Fund,NCUA,Northeast,2023,GCP,Unknown,256669,0.0,0,0.0,0.0,6.213407377845673,-0.17784620233798573,0.4085,0.5915,7.1875,Low,0.0,0.0,0,0,-0.44370271473075207,0.0020064205457463887,0.025,0.0,0,0,1,0.999315537303217,0.0,0.0,1,0.025
POL-2021401,INS-10301,Regional Bank,CFPB,Northeast,2021,Hybrid,Fiserv,119365,0.0,0,0.0,0.0,5.701446414858653,-0.14956670669825453,0.6665000000000001,0.3334999999999999,8.68421052631579,Moderate,1.2817143367794614,0.0,1,0,-0.5994659546061415,0.003352329869259135,0.032,0.6931471805599453,0,1,0,0.999315537303217,0.0,0.0,1,0.032
POL-2021402,INS-10302,Fintech-Lending,CFPB,West,2020,AWS,Unknown,338225,0.0,0,0.0,0.0,4.7808027546312495,-0.919489982952479,0.7237499999999999,0.2762500000000001,6.31578947368421,Low,1.4729377586898837,0.0,0,0,0.10485309809190241,0.12690355329949238,0.017266666666666666,0.0,0,0,1,0.999315537303217,0.0,0.0,15,0.259
POL-2021403,INS-10303,Fintech-Lending,SEC,Northeast,2023,Hybrid,Unknown,424995,0.0,0,0.0,0.0,5.5801071132949795,-0.5476914346907056,0.7212500000000002,0.27874999999999983,6.222222222222222,Low,0.0,0.0,0,0,-0.24035300462126855,0.01893222264293828,0.0248,0.0,0,1,1,0.999315537303217,0.0,0.0,5,0.124
POL-2021404,INS-10304,Community Bank,FDIC,Northeast,2020,Azure,Temenos,94995,1.0,1,253625.0,55284.0,4.152613470346076,-1.0159943983737165,0.6100000000000001,0.3899999999999999,20.384615384615383,High,0.7797905781299385,0.0,1,0,-0.383205053517651,0.23961661341853036,0.0392,0.0,0,0,0,0.999315537303217,2.669877361966419,0.2179753573188763,15,0.588
POL-2021405,INS-10305,National Bank,FDIC,National,2024,On-Prem,Fiserv,418795906,0.0,0,0.0,0.0,10.255119300915164,2.3284354694463385,0.5862499999999999,0.41375000000000006,61.03448275862069,Extreme,0.0,0.0,1,0,0.13664075318176494,0.00879454878687994,0.038236,0.0,0,0,0,0.999315537303217,0.0,0.0,250,9.559
POL-2021406,INS-10306,Fintech-Lending,State,Southeast,2020,Azure,Unknown,289291,1.0,1,99486.0,74653.0,4.875197323201151,-0.943301931933178,0.5110000000000001,0.4889999999999999,39.166666666666664,Extreme,0.0,0.0,0,0,-0.6624347624176753,0.07692307692307693,0.0487,0.0,0,0,1,0.999315537303217,0.3438959386914906,0.7503869891240978,10,0.487
POL-2021407,INS-10307,Hedge Fund,FDIC,Midwest,2021,Azure,Unknown,1261070,0.0,0,0.0,0.0,6.132312855695361,-0.21487359121430105,0.66625,0.33375,6.666666666666667,Low,0.0,0.0,1,0,0.2650667162494458,0.03264417845484222,0.010066666666666666,0.6931471805599453,0,0,1,0.999315537303217,0.0,0.0,15,0.151
POL-2021408,INS-10308,Hedge Fund,FINRA,Midwest,2024,Azure,Unknown,582723,0.0,0,0.0,0.0,5.305789381386738,-0.8507802462295309,0.5747500000000001,0.4252499999999999,7.4074074074074066,Low,0.0,0.0,1,0,-0.13843424799918203,0.07481296758104738,0.0282,0.0,0,0,1,0.999315537303217,0.0,0.0,15,0.423
POL-2021409,INS-10309,Credit Union,NCUA,Northeast,2022,On-Prem,FIS,107118,0.0,0,0.0,0.0,5.401776074916267,-0.5947972151322789,0.5700000000000001,0.42999999999999994,18.75,High,0.0,0.0,1,0,-0.8487105546503202,0.009057971014492754,0.0465,0.6931471805599453,0,0,0,0.999315537303217,0.0,0.0,2,0.093
POL-2021410,INS-10310,Broker-Dealer,FINRA,National,2023,AWS,Unknown,1209786,0.0,0,0.0,0.0,5.845571346927579,-0.48201804025399847,0.6020000000000001,0.3979999999999999,9.696969696969695,Moderate,0.0,0.0,1,0,0.05004353656016308,0.0725268349289237,0.02368,0.0,0,0,1,0.999315537303217,0.0,0.0,25,0.592
POL-2021411,INS-10311,Credit Union,NCUA,National,2024,GCP,Other,59326,0.0,0,0.0,0.0,3.770459441106359,-1.497535480300242,0.7257500000000001,0.2742499999999999,3.6734693877551026,Low,0.0,0.0,1,0,-0.19069466450935318,0.2358490566037736,0.027500000000000004,0.6931471805599453,0,0,0,0.999315537303217,0.0,0.0,10,0.275
POL-2021412,INS-10312,Asset Manager,FINRA,Southeast,2023,AWS,Unknown,494821,0.0,0,0.0,0.0,5.911338502628697,-0.36284545839073484,0.77175,0.22824999999999995,14.545454545454545,High,1.1901633127237856,0.0,2,0,-0.3175304455507416,0.027159152634437807,0.0332,0.0,0,0,1,0.999315537303217,0.0,0.0,10,0.332
POL-2021413,INS-10313,Fintech-Lending,CFPB,Southwest,2022,Azure,Unknown,870733,1.0,1,11501.0,1179.0,5.093136515607999,-0.9139822480740142,0.6984999999999999,0.3015000000000001,51.142857142857146,Extreme,0.0,0.0,0,0,0.5093581504959708,0.3088326127239036,0.00852,0.0,0,0,1,0.999315537303217,0.013208411763422311,0.10251282497174159,50,0.426
POL-2021414,INS-10314,Investment Bank,FDIC,Midwest,2020,On-Prem,FIS,6144799,0.0,0,0.0,0.0,8.439793654154734,1.3154769814359009,0.7575000000000001,0.24249999999999994,6.744186046511628,Low,0.0,0.0,1,0,-0.631986293450819,0.001080707214801366,0.0424,0.0,0,0,0,0.999315537303217,0.0,0.0,5,0.212
POL-2021415,INS-10315,Community Bank,State,Southwest,2024,GCP,Fiserv,91155,0.0,0,0.0,0.0,5.539300835990577,-0.21086492300170992,0.662,0.33799999999999997,15.238095238095237,High,0.0,0.0,1,0,-0.6439697374276814,0.0039447731755424065,0.034,0.0,0,0,0,0.999315537303217,0.0,0.0,1,0.034
POL-2021416,INS-10316,National Bank,FDIC,National,2022,On-Prem,Temenos,909978859,1.0,1,2670901.0,734888.0,11.247868177569421,2.895166863057001,0.6380000000000001,0.3619999999999999,14.23076923076923,High,0.0,0.0,1,0,0.6273394625720631,0.003258806598953011,0.016184,0.6931471805599453,0,0,0,0.999315537303217,0.002935124232375161,0.2751461023826791,250,4.046
POL-2021417,INS-10317,Asset Manager,CFPB,West,2020,GCP,Unknown,322142,0.0,0,0.0,0.0,6.590301048196686,-0.006754907066724915,0.7917500000000001,0.20824999999999994,6.176470588235294,Low,0.0,0.0,2,0,-0.44370271473075207,0.001375515818431912,0.025,0.0,0,0,1,0.999315537303217,0.0,0.0,1,0.025
POL-2021418,INS-10318,Asset Manager,SEC,Midwest,2021,GCP,Unknown,251140,0.0,0,0.0,0.0,6.467543434544138,-0.19458826379837393,0.7225,0.27749999999999997,10.74074074074074,Moderate,2.152211990508845,0.3333333333333333,2,0,-0.7997329773030707,0.0015554518587649713,0.041,0.0,0,0,1,0.999315537303217,0.0,0.0,1,0.041
POL-2021419,INS-10319,Regional Bank,CFPB,National,2021,Azure,Other,413464,0.0,0,0.0,0.0,6.105239561366827,0.007064625919550353,0.61175,0.38825,7.666666666666667,Low,0.8109822012551361,0.0,1,0,0.15128028420828196,0.011180679785330949,0.0072,0.0,0,0,0,0.999315537303217,0.0,0.0,5,0.036
POL-2021420,INS-10320,Regional Bank,CFPB,National,2023,GCP,Fiserv,474746,0.0,0,0.0,0.0,6.64911407531477,0.44317688465790855,0.59175,0.40825,14.285714285714285,High,1.7328679513998633,0.5,1,0,-0.7485770433018557,0.0025936973155232784,0.042,0.0,0,0,0,0.999315537303217,0.0,0.0,2,0.084
POL-2021421,INS-10321,Asset Manager,CFPB,Southeast,2022,GCP,Unknown,740921,0.0,0,0.0,0.0,6.171074096398463,-0.31654258230686777,0.7240000000000001,0.2759999999999999,18.57142857142857,High,1.7328679513998633,0.5,2,0,-0.484419631131516,0.020933640360058615,0.0407,0.0,0,0,1,0.999315537303217,0.0,0.0,10,0.407
POL-2021422,INS-10322,Credit Union,NCUA,Southeast,2024,Hybrid,Temenos,299016,0.0,0,0.0,0.0,4.86599480426999,-0.9674374058131897,0.6905,0.3095,21.11111111111111,High,0.0,0.0,1,0,-0.48400185729831485,0.19409937888198756,0.04768,0.0,0,1,0,0.999315537303217,0.0,0.0,25,1.192
POL-2021423,INS-10323,Asset Manager,CFPB,Southwest,2020,On-Prem,Unknown,1065800,0.0,0,0.0,0.0,7.476132572586133,0.5386309129891507,0.615,0.385,6.551724137931035,Low,0.0,0.0,2,0,-0.7485770433018557,0.0011335298118340512,0.042,0.0,0,0,1,0.999315537303217,0.0,0.0,2,0.084
POL-2021424,INS-10324,Credit Union,NCUA,Southeast,2022,GCP,Other,64311,0.0,0,0.0,0.0,4.42484663185681,-1.0570309087097445,0.844,0.15600000000000003,6.842105263157895,Low,0.6931471805599453,0.0,1,0,-0.02673484707787735,0.06060606060606061,0.0152,0.0,0,0,0,0.999315537303217,0.0,0.0,5,0.076
POL-2021425,INS-10325,Fintech-Payments,CFPB,Midwest,2023,Hybrid,Unknown,1043328,1.0,1,37931193.0,510255.0,5.805436128382701,-0.33893642461682544,0.7859999999999999,0.21400000000000008,7.586206896551724,Low,0.7875884839112379,0.0,1,0,0.22056293342790595,0.045303533675626693,0.012066666666666667,0.0,0,1,1,0.999315537303217,36.35596188351123,0.013452121055090463,15,0.181
POL-2021426,INS-10326,Community Bank,FINRA,National,2022,Hybrid,Fiserv,113263,0.0,0,0.0,0.0,4.478472532942134,-0.9797734167891923,0.82975,0.17025,17.058823529411764,High,0.0,0.0,1,0,-0.5244730356709018,0.1148105625717566,0.042499999999999996,0.0,0,1,0,0.999315537303217,0.0,0.0,10,0.425
POL-2021427,INS-10327,Regional Bank,FINRA,Southwest,2021,AWS,Temenos,728694,0.0,0,0.0,0.0,6.300969264070235,0.23644478044939063,0.8457500000000001,0.1542499999999999,32.30769230769231,Extreme,0.0,0.0,1,0,0.022923493034038067,0.01837897445322551,0.0179,0.6931471805599453,0,0,0,0.999315537303217,0.0,0.0,10,0.179
POL-2021428,INS-10328,Community Bank,FDIC,Midwest,2020,Azure,Temenos,228573,0.0,0,0.0,0.0,4.6443908991413725,-0.7483543943490466,0.8712500000000002,0.1287499999999998,1.5384615384615385,Low,0.0,0.0,1,0,-0.5169346565862545,0.24271844660194175,0.04916,0.0,0,0,0,0.999315537303217,0.0,0.0,25,1.229
POL-2021429,INS-10329,Community Bank,NCUA,Midwest,2023,Hybrid,Fiserv,717471,0.0,0,0.0,0.0,4.763028270603671,-0.7986728682785879,0.7760000000000001,0.22399999999999987,9.285714285714285,Moderate,0.0,0.0,1,0,-0.21984905946895117,0.8613264427217916,0.046849999999999996,0.0,0,1,0,0.999315537303217,0.0,0.0,100,4.685
POL-2021430,INS-10330,Regional Bank,NCUA,Midwest,2020,GCP,Fiserv,2214904,1.0,1,1025299.0,163218.0,6.330077348228306,0.11956538619565243,0.7652500000000001,0.2347499999999999,62.49999999999999,Extreme,1.0986122886681098,0.0,1,0,-0.20359245030509732,0.08925383791503035,0.04056,0.0,0,0,0,0.999315537303217,0.4629090019251399,0.15919063609737258,50,2.028
POL-2021431,INS-10331,Regional Bank,CFPB,West,2023,AWS,Other,331239,2.0,1,1676725.0,884369.0,5.887769310769217,-0.11626193995178656,0.7615,0.23850000000000005,21.379310344827587,High,0.0,0.0,1,0,-0.42281851418958183,0.013904338153503892,0.033,0.0,0,0,0,0.999315537303217,5.061979416674969,0.5274383098003549,5,0.165
POL-2021432,INS-10332,Insurance Carrier,FRB,Southwest,2020,AWS,Unknown,5695699,1.0,1,145688.0,43083.0,7.933223233612244,0.7591812462797268,0.51825,0.48175,28.235294117647054,Extreme,1.2794255611780694,0.0,0,0,-0.46182840316903806,0.005381358972519193,0.04273333333333333,0.0,0,0,1,0.999315537303217,0.025578598869076475,0.2957209928065455,15,0.641
POL-2021433,INS-10333,Regional Bank,CFPB,Midwest,2021,AWS,Jack Henry,175751,2.0,1,1989978.0,982593.0,6.049261645834199,0.1789989170912751,0.7185000000000001,0.28149999999999986,55.8974358974359,Extreme,0.0,0.0,1,0,-0.44370271473075207,0.0023651844843897824,0.025,0.6931471805599453,0,0,0,0.999315537303217,11.322712246303007,0.4937707854056678,1,0.025
POL-2021434,INS-10334,Asset Manager,State,West,2024,AWS,Unknown,1232694,0.0,0,0.0,0.0,7.262418200159916,0.3132758580523584,0.8957499999999999,0.10425000000000006,7.021276595744682,Low,0.0,0.0,2,0,-0.33826132682865606,0.0035095107741980767,0.029199999999999997,0.0,0,0,1,0.999315537303217,0.0,0.0,5,0.146
POL-2021435,INS-10335,Regional Bank,FDIC,West,2022,AWS,FIS,547290,1.0,1,508075.0,117684.0,7.36827659283838,0.7268063771866262,0.7497500000000001,0.25024999999999986,10.75,Moderate,0.7875884839112379,0.0,1,0,-0.44370271473075207,0.000631352989456405,0.025,1.0986122886681098,1,0,0,0.999315537303217,0.9283469458605127,0.23162722039069036,1,0.025
POL-2021436,INS-10336,Asset Manager,FRB,Southeast,2020,Hybrid,Unknown,465260,1.0,1,489403.0,41239.0,6.807603397031696,0.2559664082216711,0.7215,0.27849999999999997,5.6,Low,0.7797905781299385,0.0,1,0,-0.5483100206049264,0.0022131238242779684,0.033,0.6931471805599453,0,1,1,0.999315537303217,1.0518914155525942,0.08426388886050964,2,0.066
POL-2021437,INS-10337,Broker-Dealer,FINRA,National,2023,On-Prem,Unknown,2660227,0.0,0,0.0,0.0,6.857829470212411,0.15176336704701798,0.7480000000000001,0.2519999999999999,9.032258064516128,Moderate,0.0,0.0,1,0,-0.017602213328577476,0.026307481847837526,0.02672,0.0,0,0,1,0.999315537303217,0.0,0.0,25,0.668
POL-2021438,INS-10338,Hedge Fund,CFPB,West,2021,GCP,Unknown,383681,0.0,0,0.0,0.0,5.413430173648541,-0.6446557794571637,0.5665,0.4335,34.61538461538461,Extreme,0.6931471805599453,0.0,1,0,-0.5355989813762867,0.044762757385854966,0.043,0.0,0,0,1,0.999315537303217,0.0,0.0,10,0.43
POL-2021439,INS-10339,National Bank,FRB,West,2021,Hybrid,Jack Henry,186238522,0.0,0,0.0,0.0,9.99464366157797,2.183258078122819,0.4945,0.5055000000000001,31.818181818181817,Extreme,0.0,0.0,1,0,-0.012238912606467922,0.004564584303307498,0.03752,0.0,0,1,0,0.999315537303217,0.0,0.0,100,3.752
POL-2021440,INS-10340,Insurance Carrier,State,Northeast,2022,GCP,Unknown,47588009,0.0,0,0.0,0.0,9.072456664612796,1.3294202753835291,0.9687500000000001,0.03124999999999989,3.6734693877551026,Low,1.3862943611198906,0.0,0,0,0.06497515058890369,0.011479738261967628,0.03405,1.0986122886681098,1,0,1,0.999315537303217,0.0,0.0,100,3.405
POL-2021441,INS-10341,Credit Union,NCUA,Northeast,2024,AWS,Temenos,68813,0.0,0,0.0,0.0,4.850466541943434,-0.9379432642127746,0.6677500000000001,0.33224999999999993,2.6666666666666665,Low,0.0,0.0,1,0,-0.09214624668414317,0.015772870662460567,0.0125,0.0,0,0,0,0.999315537303217,0.0,0.0,2,0.025
POL-2021442,INS-10342,Community Bank,FINRA,West,2024,GCP,Other,67765,0.0,0,0.0,0.0,4.239886867512759,-1.0006123482248406,0.9727500000000001,0.027249999999999885,6.666666666666667,Low,0.0,0.0,1,0,0.18243293218335985,0.07309941520467836,0.0058000000000000005,0.0,0,0,0,0.999315537303217,0.0,0.0,5,0.029
POL-2021443,INS-10343,Broker-Dealer,FINRA,Southeast,2024,GCP,Unknown,3234690,0.0,0,0.0,0.0,7.409015297878427,0.3817240584826562,0.744,0.256,6.8,Low,0.0,0.0,1,0,-0.09501153144304259,0.0060613407685780095,0.023200000000000002,0.0,0,0,1,0.999315537303217,0.0,0.0,10,0.232
POL-2021444,INS-10344,National Bank,FRB,Southwest,2022,Hybrid,Finastra,36809505,0.0,0,0.0,0.0,9.058260879092977,1.5830435507871135,0.7235,0.27649999999999997,12.558139534883722,Moderate,0.0,0.0,1,0,-0.12526579253918724,0.005821941734007126,0.037040000000000003,0.6931471805599453,0,1,0,0.999315537303217,0.0,0.0,50,1.852
POL-2021445,INS-10345,Fintech-Lending,State,Northeast,2021,Hybrid,Unknown,113504,0.0,0,0.0,0.0,4.954417614098027,-0.9006815304475735,0.6960000000000001,0.30399999999999994,4.285714285714286,Low,1.1901633127237856,0.0,0,0,-0.14777597521106792,0.014204545454545454,0.015,0.0,0,1,1,0.999315537303217,0.0,0.0,2,0.03
POL-2021446,INS-10346,Community Bank,FRB,Northeast,2020,GCP,FIS,95581,0.0,0,0.0,0.0,4.513054897080286,-0.7974169059092834,0.8290000000000001,0.17099999999999993,1.1428571428571428,Low,0.0,0.0,1,0,-0.7654976419154385,0.05543237250554323,0.0484,0.0,0,0,0,0.999315537303217,0.0,0.0,5,0.242
POL-2021447,INS-10347,Investment Bank,OCC,Northeast,2022,GCP,FIS,6924737,0.0,0,0.0,0.0,8.448378875415878,1.3718231266039596,0.80925,0.19074999999999998,1.6129032258064515,Low,0.8109822012551361,0.0,1,0,-0.7076427242474368,0.0010714668381013607,0.0458,0.6931471805599453,0,0,0,0.999315537303217,0.0,0.0,5,0.229
POL-2021448,INS-10348,Credit Union,NCUA,National,2021,AWS,Other,17783,0.0,0,0.0,0.0,2.33214389523559,-2.3601934025940117,0.4175,0.5825,38.333333333333336,Extreme,1.7328679513998633,0.5,1,0,0.3481404441829868,1.6129032258064515,0.006333333333333333,0.6931471805599453,0,0,0,0.999315537303217,0.0,0.0,15,0.095
POL-2021449,INS-10349,Community Bank,SEC,Midwest,2020,Hybrid,FIS,19524,0.0,0,0.0,0.0,3.775057150354989,-1.362018271334442,0.6795,0.3205,2.8205128205128207,Low,0.0,0.0,1,0,-0.09214624668414317,0.046948356807511735,0.0125,0.6931471805599453,0,1,0,0.999315537303217,0.0,0.0,2,0.025
POL-2021450,INS-10350,Community Bank,OCC,Southwest,2020,On-Prem,Temenos,44665,0.0,0,0.0,0.0,3.835141961092188,-1.3236123255617018,0.67275,0.32725000000000004,9.375,Moderate,0.0,0.0,1,0,0.03112007059012442,0.11037527593818985,0.0126,0.0,0,0,0,0.999315537303217,0.0,0.0,5,0.063
POL-2021451,INS-10351,Hedge Fund,SEC,National,2020,On-Prem,Unknown,4823213,0.0,0,0.0,0.0,6.37723702187041,-0.1657559760820089,0.772,0.22799999999999998,9.655172413793103,Moderate,1.8693621352922074,0.0,1,0,0.30974595610737266,0.1702707304614337,0.02305,0.0,0,0,1,0.999315537303217,0.0,0.0,100,2.305
POL-2021452,INS-10352,Broker-Dealer,SEC,Northeast,2021,Hybrid,Unknown,748062,0.0,0,0.0,0.0,6.502340169624015,-0.040269595973036726,0.801,0.19899999999999995,1.081081081081081,Low,2.3321514512589823,0.25,0,0,-0.34271170511081017,0.007510890791647889,0.0294,1.0986122886681098,1,1,1,0.999315537303217,0.0,0.0,5,0.147
POL-2021453,INS-10353,Credit Union,NCUA,Northeast,2023,GCP,Jack Henry,170314,0.0,0,0.0,0.0,4.183575695950044,-1.3917741032858828,0.7572500000000001,0.2427499999999999,5.666666666666667,Low,0.6931471805599453,0.0,1,0,-0.19828757158402927,0.38699690402476783,0.03484,0.0,0,0,0,0.999315537303217,0.0,0.0,25,0.871
POL-2021454,INS-10354,Fintech-Payments,CFPB,National,2024,Hybrid,Unknown,2738699,0.0,0,0.0,0.0,6.859614903654202,0.20859668938480116,0.8170000000000001,0.18299999999999994,21.25,High,0.0,0.0,1,0,0.1226546112205183,0.015756302521008403,0.016466666666666668,0.6931471805599453,0,1,1,0.999315537303217,0.0,0.0,15,0.247
POL-2021455,INS-10355,Broker-Dealer,FINRA,Midwest,2023,Azure,Unknown,1985778,0.0,0,0.0,0.0,7.397009912819985,0.4989894608549497,0.378,0.622,54.54545454545454,Extreme,0.0,0.0,0,0,-0.7877495333262085,0.0030672964848782285,0.0494,0.0,0,0,1,0.999315537303217,0.0,0.0,5,0.247
POL-2021456,INS-10356,Asset Manager,FDIC,Southeast,2024,GCP,Unknown,15681548,0.0,0,0.0,0.0,7.815731541252207,0.7077799823737781,0.44725000000000004,0.55275,12.857142857142856,Moderate,1.725936479594264,0.5,2,0,-0.15709872569057992,0.0403502400839285,0.04402999999999999,0.0,0,0,1,0.999315537303217,0.0,0.0,100,4.403
POL-2021457,INS-10357,Asset Manager,CFPB,National,2024,Azure,Unknown,3478794,0.0,0,0.0,0.0,6.882232321751051,0.2932393236452588,0.68,0.31999999999999995,47.77777777777777,Extreme,0.0,0.0,2,0,0.29529495512436416,0.05134524543027316,0.01814,0.0,0,0,1,0.999315537303217,0.0,0.0,50,0.907
POL-2021458,INS-10358,Fintech-Lending,State,National,2021,On-Prem,Unknown,5934759,0.0,0,0.0,0.0,6.138374792422603,-0.25908182518848966,0.8917500000000002,0.10824999999999985,11.0,Moderate,0.0,0.0,0,0,0.731122284111894,0.5407743889249405,0.011519999999999999,0.0,0,0,1,0.999315537303217,0.0,0.0,250,2.88
POL-2021459,INS-10359,Regional Bank,FDIC,Northeast,2024,Hybrid,Jack Henry,2099874,0.0,0,0.0,0.0,7.100934345776873,0.6906680325693083,0.88475,0.11524999999999996,7.173913043478262,Low,0.0,0.0,1,0,0.09190435640742484,0.008250144377526608,0.014799999999999999,0.0,0,1,0,0.999315537303217,0.0,0.0,10,0.148
POL-2021460,INS-10360,Community Bank,CFPB,West,2022,Hybrid,Temenos,35321,0.0,0,0.0,0.0,3.756538102587751,-1.167334335482998,0.66325,0.33675,14.166666666666668,High,0.0,0.0,1,0,0.1957840670298218,0.11961722488038279,0.0052,0.6931471805599453,0,1,0,0.999315537303217,0.0,0.0,5,0.026
POL-2021461,INS-10361,Hedge Fund,FINRA,Southwest,2023,Azure,Unknown,4034376,0.0,0,0.0,0.0,5.547128664610824,-0.6603917075145065,0.63525,0.36475,2.058823529411765,Low,0.0,0.0,1,0,0.6663247763237319,0.9784735812133072,0.014432,1.0986122886681098,1,0,1,0.999315537303217,0.0,0.0,250,3.608
POL-2021462,INS-10362,Community Bank,FRB,Northeast,2020,GCP,In-House,82382,0.0,0,0.0,0.0,4.973971309724664,-0.6822207373029756,0.8297500000000001,0.1702499999999999,3.8461538461538463,Low,1.0986122886681098,0.0,1,0,-0.2701613779703025,0.01392757660167131,0.0205,0.0,0,0,0,0.999315537303217,0.0,0.0,2,0.041
POL-2021463,INS-10363,Fintech-Payments,State,Northeast,2024,AWS,Unknown,1685644,0.0,0,0.0,0.0,5.096201182425903,-0.7367941317935882,0.8845000000000002,0.11549999999999983,0.9302325581395349,Low,0.0,0.0,1,0,0.24454791427381678,0.6157635467980296,0.02598,0.0,0,0,1,0.999315537303217,0.0,0.0,100,2.598
POL-2021464,INS-10364,Community Bank,FDIC,Southwest,2020,On-Prem,Jack Henry,110590,0.0,0,0.0,0.0,4.454347296253507,-0.8660259427503041,0.6727500000000001,0.32724999999999993,21.5,High,0.0,0.0,1,0,0.29662175738650803,0.11764705882352941,0.0056,0.0,0,0,0,0.999315537303217,0.0,0.0,10,0.056
POL-2021465,INS-10365,Community Bank,NCUA,National,2022,Hybrid,Finastra,64849,0.0,0,0.0,0.0,4.220977213155467,-0.9507433301281943,0.7020000000000001,0.29799999999999993,15.26315789473684,High,0.0,0.0,1,0,-0.631986293450819,0.0745156482861401,0.0424,0.0,0,1,0,0.999315537303217,0.0,0.0,5,0.212
POL-2021466,INS-10366,Regional Bank,FRB,Southwest,2022,Hybrid,Other,2150215,0.0,0,0.0,0.0,7.520938915401698,0.9215201492740341,0.7645000000000001,0.23549999999999993,5.0,Low,0.8343759185990343,0.0,1,0,-0.6631389414258969,0.002709586517097491,0.0438,0.6931471805599453,0,1,0,0.999315537303217,0.0,0.0,5,0.219
POL-2021467,INS-10367,Hedge Fund,State,Southwest,2022,AWS,Unknown,4055272,0.0,0,0.0,0.0,5.139321635057579,-0.6507013045446847,0.6795000000000001,0.3204999999999999,11.0,Moderate,0.0,0.0,1,0,0.6785936804628394,2.94811320754717,0.019504,0.0,0,0,1,0.999315537303217,0.0,0.0,500,9.752
POL-2021468,INS-10368,Regional Bank,FINRA,West,2020,AWS,Temenos,895640,0.0,0,0.0,0.0,6.282640508814019,0.12535738351886003,0.85075,0.14925,12.682926829268293,Moderate,0.6931471805599453,0.0,1,0,0.2220463928552906,0.028079371022089104,0.012,0.6931471805599453,0,0,0,0.999315537303217,0.0,0.0,15,0.18
POL-2021469,INS-10369,Insurance Carrier,OCC,National,2023,Azure,Unknown,2465469,0.0,0,0.0,0.0,7.642140367558327,0.6063696886282813,0.68475,0.31525000000000003,12.941176470588236,Moderate,0.0,0.0,0,0,-0.7743983984797465,0.0024001536098310293,0.048799999999999996,0.0,0,0,1,0.999315537303217,0.0,0.0,5,0.244
POL-2021470,INS-10370,Regional Bank,NCUA,Midwest,2024,Hybrid,In-House,929787,0.0,0,0.0,0.0,6.403905268952571,0.2846954918325374,0.78775,0.21225000000000005,17.647058823529413,High,0.7875884839112379,0.0,1,0,-0.6379576818658284,0.016578249336870025,0.047599999999999996,0.6931471805599453,0,1,0,0.999315537303217,0.0,0.0,10,0.476
POL-2021471,INS-10371,Broker-Dealer,FINRA,Southwest,2020,GCP,Unknown,366272,0.0,0,0.0,0.0,6.404236230398585,0.03950144844955238,0.634,0.366,3.888888888888889,Low,0.0,0.0,1,0,-0.29241326938107226,0.003314550878355983,0.0215,0.6931471805599453,0,0,1,0.999315537303217,0.0,0.0,2,0.043
POL-2021472,INS-10372,Broker-Dealer,SEC,Southwest,2023,Azure,Unknown,554281,0.0,0,0.0,0.0,6.674561391814426,0.22168774054961862,0.7342500000000001,0.26574999999999993,7.560975609756098,Low,0.0,0.0,1,0,-0.5928138034264663,0.0025284450063211127,0.035,0.0,0,0,1,0.999315537303217,0.0,0.0,2,0.07
POL-2021473,INS-10373,Fintech-Payments,State,Midwest,2021,Hybrid,Unknown,472020,0.0,0,0.0,0.0,5.897428555181388,-0.2855281006450913,0.95975,0.04025000000000001,11.458333333333334,Moderate,1.1901633127237856,0.0,1,0,-0.5919328889114333,0.013770311209033324,0.040600000000000004,0.0,0,1,1,0.999315537303217,0.0,0.0,5,0.203
POL-2021474,INS-10374,Asset Manager,OCC,Midwest,2020,On-Prem,Unknown,415370,0.0,0,0.0,0.0,6.425193120489006,-0.14714993880075497,0.7260000000000001,0.2739999999999999,15.172413793103448,High,2.2236217892722725,0.3333333333333333,2,0,-0.5483100206049264,0.0032456994482310936,0.033,0.0,0,0,1,0.999315537303217,0.0,0.0,2,0.066
POL-2021475,INS-10375,Insurance Carrier,State,West,2024,On-Prem,Unknown,44547838,0.0,0,0.0,0.0,8.781678282263815,1.2797240526933675,0.8985,0.10150000000000003,3.25,Low,0.0,0.0,0,0,0.4018687865479601,0.015354379068910453,0.01891,0.0,0,0,1,0.999315537303217,0.0,0.0,100,1.891
POL-2021476,INS-10376,Fintech-Lending,State,Southeast,2022,AWS,Unknown,271986,0.0,0,0.0,0.0,4.76473475565943,-0.8836985643386318,0.967,0.03300000000000003,9.803921568627452,Moderate,0.6931471805599453,0.0,0,0,-0.07721001831442659,0.08598452278589853,0.0224,0.0,0,0,1,0.999315537303217,0.0,0.0,10,0.224
POL-2021477,INS-10377,Community Bank,CFPB,West,2021,On-Prem,Jack Henry,548585,0.0,0,0.0,0.0,3.7232808808312687,-1.267322219257556,0.7745,0.22550000000000003,10.2,Moderate,0.0,0.0,1,0,0.15398308856252785,12.376237623762377,0.04308,0.0,0,0,0,0.999315537303217,0.0,0.0,500,21.54
POL-2021478,INS-10378,Community Bank,FINRA,Southeast,2023,Azure,Jack Henry,47327,1.0,1,201809.0,84180.0,5.008633291425583,-0.524680720171392,0.7732500000000001,0.2267499999999999,3.214285714285714,Low,2.014122529224868,0.3333333333333333,1,0,-0.44370271473075207,0.006724949562878279,0.025,0.0,0,0,0,0.999315537303217,4.264140976609546,0.41712708551154803,1,0.025
POL-2021479,INS-10379,National Bank,FDIC,West,2024,GCP,FIS,139614993,0.0,0,0.0,0.0,10.01044778795971,2.335208942558322,0.5357500000000001,0.46424999999999994,9.642857142857142,Moderate,1.1901633127237856,0.0,1,0,0.3813970464500518,0.004493008878185543,0.01983,0.0,0,0,0,0.999315537303217,0.0,0.0,100,1.983
POL-2021480,INS-10380,Credit Union,NCUA,Southwest,2023,Azure,Temenos,71484,1.0,1,40348.0,16456.0,3.9415818076696905,-1.2822643417660498,0.7085,0.2915,10.909090909090908,Moderate,0.7875884839112379,0.0,1,0,-0.31051554157580274,0.297029702970297,0.03593333333333334,0.0,0,0,0,0.999315537303217,0.5644339992166079,0.4078516902944384,15,0.539
POL-2021481,INS-10381,Broker-Dealer,SEC,Northeast,2024,On-Prem,Unknown,1537138,1.0,1,941589.0,2002.0,6.61029219467525,-0.003239998408918881,0.62975,0.37024999999999997,11.470588235294118,Moderate,0.6931471805599453,0.0,0,0,0.3718757950211414,0.020223810165835243,0.005266666666666667,0.6931471805599453,0,0,1,0.999315537303217,0.6125598352262451,0.0021261930630030726,15,0.079
POL-2021482,INS-10382,Hedge Fund,CFPB,Midwest,2021,On-Prem,Unknown,145187,0.0,0,0.0,0.0,4.812997033190408,-0.9454771506564866,0.8504999999999999,0.14950000000000008,20.58823529411765,High,0.0,0.0,0,0,-0.596383267193587,0.04095004095004095,0.040799999999999996,0.0,0,0,1,0.999315537303217,0.0,0.0,5,0.204
POL-2021483,INS-10383,Fintech-Lending,CFPB,Southwest,2023,On-Prem,Unknown,682811,0.0,0,0.0,0.0,5.557214087568064,-0.3461703275416943,0.6772499999999999,0.3227500000000001,28.0,Extreme,1.5647797601140765,0.0,0,0,-0.31051554157580274,0.05811700891127469,0.03593333333333334,0.0,0,0,1,0.999315537303217,0.0,0.0,15,0.539
POL-2021484,INS-10384,Insurance Carrier,State,National,2021,Azure,Unknown,8110690,0.0,0,0.0,0.0,7.149053040876389,0.3381728486436601,0.8025,0.1975,7.647058823529412,Low,0.0,0.0,0,0,0.5747659828096423,0.07862253321802028,0.01114,0.0,0,0,1,0.999315537303217,0.0,0.0,100,1.114
POL-2021485,INS-10385,Asset Manager,FDIC,National,2020,Azure,Unknown,445890,1.0,1,94206.0,62912.0,7.177935076297776,0.3701071004762359,0.7180000000000001,0.2819999999999999,13.18181818181818,Moderate,0.0,0.0,2,0,-0.44370271473075207,0.0007638252367858234,0.025,0.0,0,0,1,0.999315537303217,0.2112763237569804,0.6678130904613294,1,0.025
POL-2021486,INS-10386,Community Bank,CFPB,Midwest,2022,Hybrid,Other,164411,1.0,1,604593.0,66384.0,4.251348311031766,-0.9283062528140005,0.7092500000000002,0.29074999999999984,5.121951219512195,Low,0.0,0.0,1,0,0.10433815160244164,0.361271676300578,0.021240000000000002,0.0,0,1,0,0.999315537303217,3.677326942844457,0.10979948494276315,25,0.531
POL-2021487,INS-10387,Fintech-Lending,SEC,West,2023,Hybrid,Unknown,506532,0.0,0,0.0,0.0,5.982423802455833,-0.3624101600637986,0.44175,0.55825,26.551724137931036,Extreme,1.3522086253023318,0.0,0,0,-0.38276510965019594,0.012645422357106728,0.0312,0.6931471805599453,0,1,1,0.999315537303217,0.0,0.0,5,0.156
POL-2021488,INS-10388,Broker-Dealer,FINRA,West,2024,Hybrid,Unknown,589525,0.0,0,0.0,0.0,6.032126528826872,-0.18875444238304098,0.87275,0.12724999999999997,5.853658536585367,Low,0.0,0.0,0,0,-0.4851238101397376,0.01203079884504331,0.0358,0.6931471805599453,0,1,1,0.999315537303217,0.0,0.0,5,0.179
POL-2021489,INS-10389,Broker-Dealer,FINRA,Midwest,2022,Azure,Unknown,857866,0.0,0,0.0,0.0,6.065411792060065,-0.052968690008809195,0.76375,0.23624999999999996,5.333333333333333,Low,0.7875884839112379,0.0,0,0,0.21428975916665935,0.023272050267628578,0.0093,0.0,0,0,1,0.999315537303217,0.0,0.0,10,0.093
POL-2021490,INS-10390,Community Bank,SEC,West,2022,Azure,Temenos,80567,0.0,0,0.0,0.0,4.3528552573736015,-1.1148783334795622,0.71025,0.28974999999999995,6.571428571428571,Low,1.6150329307046725,0.5,1,0,-0.7521465070689765,0.0651890482398957,0.047799999999999995,0.0,0,0,0,0.999315537303217,0.0,0.0,5,0.239
POL-2021491,INS-10391,Regional Bank,CFPB,Southeast,2022,On-Prem,Other,1139486,0.0,0,0.0,0.0,6.5036891917876805,0.14595275712747371,0.9467500000000001,0.05324999999999991,22.745098039215687,Extreme,0.6931471805599453,0.0,1,0,-0.6027570487705809,0.022502250225022502,0.04906666666666667,0.0,0,0,0,0.999315537303217,0.0,0.0,15,0.736
POL-2021492,INS-10392,Insurance Carrier,FRB,National,2022,On-Prem,Unknown,56307643,0.0,0,0.0,0.0,9.110486886973256,1.549237129501037,0.8875000000000001,0.11249999999999993,4.255319148936171,Low,0.0,0.0,0,0,0.6853578831211689,0.011051311238078397,0.00617,0.0,0,0,1,0.999315537303217,0.0,0.0,100,0.617
POL-2021493,INS-10393,Insurance Carrier,SEC,West,2024,AWS,Unknown,3139801,1.0,1,131973.0,18953.0,8.186659287941504,0.9183153734715508,0.609,0.391,11.071428571428571,Moderate,0.7875884839112379,0.0,0,0,-0.19584922179972866,0.0013920984492023277,0.0228,0.0,0,0,1,0.999315537303217,0.042032281663710536,0.14361270866010473,5,0.114
POL-2021494,INS-10394,Fintech-Payments,CFPB,Southwest,2023,On-Prem,Unknown,137328,0.0,0,0.0,0.0,5.057518879995106,-0.9136951037108636,0.6407499999999999,0.35925000000000007,14.0,Moderate,2.014122529224868,0.3333333333333333,1,0,-0.33691705220261214,0.012804097311139566,0.0235,1.0986122886681098,1,0,1,0.999315537303217,0.0,0.0,2,0.047
POL-2021495,INS-10395,Fintech-Payments,State,Southwest,2024,On-Prem,Unknown,775093,0.0,0,0.0,0.0,6.879972897969686,0.25384025281793376,0.739,0.261,9.0,Moderate,2.7758270493680905,0.6666666666666666,1,0,-0.6818213690695459,0.0020584602717167557,0.039,0.6931471805599453,0,0,1,0.999315537303217,0.0,0.0,2,0.078
POL-2021496,INS-10396,National Bank,OCC,Northeast,2020,AWS,Jack Henry,100410050,0.0,0,0.0,0.0,10.451360375237629,2.472628644487246,0.7825000000000001,0.21749999999999992,12.222222222222221,Moderate,0.0,0.0,1,0,0.06072444443733266,0.0007227438826957768,0.0232,0.0,0,0,0,0.999315537303217,0.0,0.0,25,0.58
POL-2021497,INS-10397,Fintech-Payments,SEC,Northeast,2023,AWS,Unknown,9009748,0.0,0,0.0,0.0,7.25883459656371,0.568637182524684,0.64825,0.35175,3.793103448275862,Low,0.0,0.0,1,0,0.2846140472471946,0.035221189067342916,0.01862,0.0,0,0,1,0.999315537303217,0.0,0.0,50,0.931
POL-2021498,INS-10398,Insurance Carrier,SEC,West,2022,GCP,Unknown,542742,1.0,1,739648.0,146632.0,6.907455233973135,0.2657931088632113,0.8930000000000001,0.10699999999999987,12.380952380952383,Moderate,0.6931471805599453,0.0,0,0,-0.2701613779703025,0.0020026033843997195,0.0205,0.6931471805599453,0,0,1,0.999315537303217,1.3627985304251375,0.19824565198580946,2,0.041
POL-2021499,INS-10399,Hedge Fund,State,West,2022,AWS,Unknown,1052199,0.0,0,0.0,0.0,5.823045895483019,-0.40600494584168434,0.6375,0.36250000000000004,15.428571428571429,High,0.0,0.0,1,0,-0.1742555288603977,0.07418397626112759,0.03376,0.0,0,0,1,0.999315537303217,0.0,0.0,25,0.844
